# Wavefront .obj file  -  created by SpaceDraw

# File created: 20-06-14, 19:36

mtllib Demon_female_character_lilith.mtl

#
# object circle121
#

v 0.673966 4.283448 -0.140954
v 0.670072 4.28854 -0.12479
v 0.673966 4.3047028 -0.129882
v 0.67786 4.299612 -0.146046
v 0.712745 4.270432 -0.115966
v 0.702551 4.277639 -0.103862
v 0.712745 4.291688 -0.104894
v 0.722938 4.284481 -0.116999
v 0.727557 4.249372 -0.075535
v 0.714957 4.2599998 -0.069999
v 0.727557 4.270628 -0.064464
v 0.740157 4.2599998 -0.069999
v 0.712745 4.228312 -0.035105
v 0.702551 4.242362 -0.036137
v 0.712745 4.249568 -0.024033
v 0.722938 4.235519 -0.023
v 0.673966 4.215297 -0.010117
v 0.670072 4.23146 -0.015209
v 0.673966 4.236552 9.54E-4
v 0.67786 4.220388 0.006046
v 0.626033 4.215297 -0.010117
v 0.629927 4.23146 -0.015209
v 0.626033 4.236552 9.54E-4
v 0.622139 4.220388 0.006046
v 0.587254 4.228312 -0.035105
v 0.597448 4.242362 -0.036137
v 0.587254 4.249568 -0.024033
v 0.577061 4.235519 -0.023
v 0.572442 4.249372 -0.075535
v 0.585042 4.2599998 -0.07
v 0.572442 4.270628 -0.064464
v 0.559842 4.2599998 -0.07
v 0.587254 4.270432 -0.115966
v 0.597448 4.277639 -0.103862
v 0.587254 4.291688 -0.104895
v 0.577061 4.284481 -0.116999
v 0.626033 4.283448 -0.140954
v 0.629927 4.28854 -0.12479
v 0.626033 4.3047028 -0.129882
v 0.622139 4.299611 -0.146046
v 0.721461 4.234474 -0.024754
v 0.67729497 4.219651 0.003703
v 0.721461 4.237555 -0.02315
v 0.67729497 4.222731 0.005308
v 0.629362 4.290883 -0.125528
v 0.670637 4.290883 -0.125528
v 0.629362 4.287802 -0.127133
v 0.670637 4.287802 -0.127133
v 0.67729497 4.3003488 -0.143703
v 0.721461 4.285526 -0.115245
v 0.67729497 4.297269 -0.145308
v 0.721461 4.282445 -0.116849
v 0.704028 4.240326 -0.035987
v 0.670637 4.229117 -0.014471
v 0.704028 4.243406 -0.034383
v 0.670637 4.2321978 -0.012866
v 0.738331 4.25846 -0.070802
v 0.738331 4.26154 -0.069197
v 0.595971 4.276594 -0.105616
v 0.595971 4.279675 -0.104012
v 0.62270397 4.222731 0.005308
v 0.578538 4.237555 -0.02315
v 0.62270397 4.219651 0.003703
v 0.578538 4.234474 -0.024754
v 0.629362 4.229118 -0.014471
v 0.629362 4.2321978 -0.012866
v 0.561668 4.26154 -0.069197
v 0.578538 4.285526 -0.115245
v 0.561668 4.25846 -0.070802
v 0.578538 4.282445 -0.116849
v 0.595971 4.240326 -0.035987
v 0.583216 4.25846 -0.070802
v 0.595971 4.243406 -0.034383
v 0.583216 4.26154 -0.069197
v 0.62270397 4.297269 -0.145308
v 0.62270397 4.3003488 -0.143703
v 0.704028 4.276594 -0.105616
v 0.716783 4.25846 -0.070802
v 0.704028 4.279675 -0.104012
v 0.716783 4.26154 -0.069197
v 0.674838 4.216438 -0.006495
v 0.715029 4.229927 -0.032392
v 0.673094 4.218918 -0.011258
v 0.710461 4.23146 -0.035336
v 0.715029 4.24642 -0.023801
v 0.674838 4.232931 0.002095
v 0.710461 4.247953 -0.026745
v 0.673094 4.235411 -0.002667
v 0.58497 4.24642 -0.023801
v 0.569619 4.268246 -0.065704
v 0.589538 4.247953 -0.026745
v 0.575265 4.268246 -0.065704
v 0.73038 4.251754 -0.074295
v 0.715029 4.27358 -0.116198
v 0.724734 4.251754 -0.074295
v 0.710461 4.272047 -0.113254
v 0.715029 4.290073 -0.107607
v 0.73038 4.268246 -0.065704
v 0.710461 4.28854 -0.104663
v 0.724734 4.268246 -0.065704
v 0.58497 4.290073 -0.107607
v 0.589538 4.28854 -0.104663
v 0.58497 4.27358 -0.116198
v 0.569619 4.251754 -0.074295
v 0.589538 4.272047 -0.113254
v 0.575265 4.251754 -0.074295
v 0.626905 4.235411 -0.002667
v 0.625161 4.232931 0.002095
v 0.589538 4.23146 -0.035336
v 0.626905 4.218918 -0.011258
v 0.58497 4.229927 -0.032392
v 0.625161 4.216438 -0.006495
v 0.673094 4.284589 -0.137333
v 0.626905 4.284589 -0.137333
v 0.674838 4.287069 -0.142095
v 0.625161 4.287069 -0.142095
v 0.626905 4.301082 -0.128741
v 0.673094 4.301082 -0.128741
v 0.625161 4.303562 -0.133504
v 0.674838 4.303562 -0.133504
v 0.660366 4.189925 -0.110295996
v 0.657057 4.194253 -0.09656
v 0.660366 4.207988 -0.100887
v 0.663675 4.203662 -0.114623
v 0.69332 4.178865 -0.089062
v 0.684657 4.184989 -0.078776
v 0.69332 4.196928 -0.079653
v 0.701982 4.190804 -0.089939
v 0.705907 4.160968 -0.054704
v 0.6952 4.17 -0.05
v 0.705907 4.179031 -0.045295
v 0.716614 4.17 -0.05
v 0.69332 4.143072 -0.020346
v 0.684657 4.155011 -0.021223
v 0.69332 4.161135 -0.010937
v 0.701982 4.149196 -0.01006
v 0.660366 4.132012 8.87E-4
v 0.657057 4.145747 -0.0034389999
v 0.660366 4.150075 0.010296
v 0.663675 4.1363378 0.014623
v 0.619633 4.132012 8.87E-4
v 0.622942 4.145747 -0.0034389999
v 0.619633 4.150075 0.010296
v 0.616324 4.1363378 0.014623
v 0.586679 4.143072 -0.020346
v 0.595342 4.155011 -0.021223
v 0.586679 4.161135 -0.010937
v 0.578017 4.149196 -0.01006
v 0.574092 4.160968 -0.054704
v 0.584799 4.17 -0.05
v 0.574092 4.179031 -0.045295
v 0.563385 4.17 -0.05
v 0.586679 4.178865 -0.089062
v 0.595342 4.184989 -0.078776
v 0.586679 4.196928 -0.079653
v 0.578017 4.190804 -0.089939
v 0.619633 4.189925 -0.110295996
v 0.622942 4.194253 -0.09656
v 0.619633 4.207988 -0.100887
v 0.616324 4.203662 -0.114623
v 0.700727 4.148308 -0.011551
v 0.663195 4.135711 0.012632
v 0.700727 4.150926 -0.010187
v 0.663195 4.138329 0.013996
v 0.622462 4.196243 -0.097187
v 0.657537 4.196243 -0.097187
v 0.622462 4.193625 -0.098551
v 0.657537 4.193625 -0.098551
v 0.663195 4.204288 -0.112633
v 0.700727 4.191691 -0.088449
v 0.663195 4.20167 -0.113996
v 0.700727 4.189073 -0.089812
v 0.685913 4.15328 -0.021096
v 0.657537 4.143757 -0.002812
v 0.685913 4.155898 -0.019733
v 0.657537 4.146374 -0.001448
v 0.715062 4.168691 -0.050681
v 0.715062 4.171309 -0.049318
v 0.594086 4.184102 -0.080267
v 0.594086 4.18672 -0.078903
v 0.616804 4.138329 0.013996
v 0.579272 4.150926 -0.010187
v 0.616804 4.135711 0.012632
v 0.579272 4.148308 -0.011551
v 0.622462 4.143757 -0.002812
v 0.622462 4.146374 -0.001448
v 0.564936 4.171309 -0.049318
v 0.579272 4.191692 -0.088448
v 0.564936 4.168691 -0.050681
v 0.579272 4.189073 -0.089812
v 0.594086 4.15328 -0.021096
v 0.583247 4.168691 -0.050681
v 0.594086 4.155898 -0.019733
v 0.583247 4.171309 -0.049318
v 0.616804 4.20167 -0.113996
v 0.616804 4.204288 -0.112633
v 0.685913 4.184102 -0.080266
v 0.696751 4.168691 -0.050681
v 0.685913 4.18672 -0.078903
v 0.696751 4.171309 -0.049318
v 0.661107 4.132981 0.003965
v 0.695261 4.144444 -0.018041
v 0.659625 4.135089 -8.1E-5
v 0.691379 4.145747 -0.020543
v 0.695261 4.15846 -0.010741
v 0.661107 4.146997 0.011265
v 0.691379 4.159763 -0.013242
v 0.659625 4.149105 0.007218
v 0.584738 4.15846 -0.010741
v 0.571693 4.177008 -0.046349
v 0.58862 4.159763 -0.013242
v 0.576491 4.177008 -0.046349
v 0.708306 4.162992 -0.05365
v 0.695261 4.18154 -0.089258
v 0.703508 4.162992 -0.05365
v 0.691379 4.180237 -0.086757
v 0.695261 4.195556 -0.081957
v 0.708306 4.177008 -0.046349
v 0.691379 4.194253 -0.079457
v 0.703508 4.177008 -0.046349
v 0.584738 4.195556 -0.081958
v 0.58862 4.194253 -0.079457
v 0.584738 4.18154 -0.089258
v 0.571693 4.162992 -0.05365
v 0.58862 4.180237 -0.086757
v 0.576491 4.162992 -0.05365
v 0.620374 4.149105 0.007218
v 0.618892 4.146997 0.011265
v 0.58862 4.145747 -0.020543
v 0.620374 4.135089 -8.1E-5
v 0.584738 4.144444 -0.018041
v 0.618892 4.132981 0.003965
v 0.659625 4.190895 -0.107218
v 0.620374 4.190895 -0.107218
v 0.661107 4.193003 -0.111266
v 0.618892 4.193003 -0.111266
v 0.620374 4.2049108 -0.099918
v 0.659625 4.2049108 -0.099918
v 0.618892 4.207019 -0.103965
v 0.661107 4.207019 -0.103965
v -0.673966 4.283448 -0.140954
v -0.670073 4.28854 -0.12479
v -0.673966 4.3047028 -0.129882
v -0.67786 4.299612 -0.146046
v -0.712744 4.270432 -0.115966
v -0.702551 4.277639 -0.103862
v -0.712744 4.291688 -0.104894
v -0.722938 4.284481 -0.116999
v -0.727557 4.249372 -0.075535
v -0.714957 4.2599998 -0.069999
v -0.727557 4.270628 -0.064464
v -0.740157 4.2599998 -0.069999
v -0.712744 4.228312 -0.035105
v -0.702551 4.242362 -0.036137
v -0.712744 4.249568 -0.024033
v -0.722938 4.235519 -0.023
v -0.673966 4.215297 -0.010117
v -0.670073 4.23146 -0.015209
v -0.673966 4.236552 9.54E-4
v -0.67786 4.220388 0.006046
v -0.626033 4.215297 -0.010117
v -0.629927 4.23146 -0.015209
v -0.626033 4.236552 9.54E-4
v -0.622139 4.220388 0.006046
v -0.587254 4.228312 -0.035105
v -0.597448 4.242362 -0.036137
v -0.587254 4.249568 -0.024033
v -0.577061 4.235519 -0.023
v -0.572442 4.249372 -0.075535
v -0.585042 4.2599998 -0.07
v -0.572442 4.270628 -0.064464
v -0.559842 4.2599998 -0.07
v -0.587254 4.270432 -0.115966
v -0.597448 4.277639 -0.103862
v -0.587254 4.291688 -0.104895
v -0.577061 4.284481 -0.116999
v -0.626033 4.283448 -0.140954
v -0.629927 4.28854 -0.12479
v -0.626033 4.3047028 -0.129882
v -0.622139 4.299611 -0.146046
v -0.721461 4.234474 -0.024754
v -0.67729497 4.219651 0.003703
v -0.721461 4.237555 -0.02315
v -0.67729497 4.222731 0.005308
v -0.629362 4.290883 -0.125528
v -0.670637 4.290883 -0.125528
v -0.629362 4.287802 -0.127133
v -0.670637 4.287802 -0.127133
v -0.67729497 4.3003488 -0.143703
v -0.721461 4.285526 -0.115245
v -0.67729497 4.297269 -0.145308
v -0.721461 4.282445 -0.116849
v -0.704028 4.240326 -0.035987
v -0.670637 4.229117 -0.014471
v -0.704028 4.243406 -0.034383
v -0.670637 4.2321978 -0.012867
v -0.738331 4.25846 -0.070802
v -0.738331 4.26154 -0.069197
v -0.595971 4.276593 -0.105616
v -0.595971 4.279675 -0.104012
v -0.62270397 4.222731 0.005308
v -0.578538 4.237555 -0.02315
v -0.62270397 4.219651 0.003703
v -0.578538 4.234474 -0.024754
v -0.629362 4.229118 -0.014471
v -0.629362 4.2321978 -0.012867
v -0.561668 4.26154 -0.069197
v -0.578538 4.285526 -0.115245
v -0.561668 4.25846 -0.070802
v -0.578538 4.282445 -0.116849
v -0.595971 4.240326 -0.035987
v -0.583216 4.25846 -0.070802
v -0.595971 4.243406 -0.034383
v -0.583216 4.26154 -0.069197
v -0.62270397 4.297269 -0.145308
v -0.62270397 4.3003488 -0.143703
v -0.704028 4.276593 -0.105616
v -0.716783 4.25846 -0.070802
v -0.704028 4.279675 -0.104012
v -0.716783 4.26154 -0.069197
v -0.674838 4.216438 -0.006495
v -0.715029 4.229927 -0.032392
v -0.673094 4.218918 -0.011258
v -0.710461 4.23146 -0.035336
v -0.715029 4.24642 -0.023801
v -0.674838 4.232931 0.002095
v -0.710461 4.247953 -0.026745
v -0.673094 4.235411 -0.002667
v -0.58497 4.24642 -0.023801
v -0.569619 4.268246 -0.065704
v -0.589538 4.247953 -0.026745
v -0.575265 4.268246 -0.065704
v -0.73038 4.251754 -0.074295
v -0.715029 4.27358 -0.116198
v -0.724734 4.251754 -0.074295
v -0.710461 4.272047 -0.113254
v -0.715029 4.290073 -0.107607
v -0.73038 4.268246 -0.065704
v -0.710461 4.28854 -0.104663
v -0.724734 4.268246 -0.065704
v -0.58497 4.290073 -0.107607
v -0.589538 4.28854 -0.104663
v -0.58497 4.27358 -0.116198
v -0.569619 4.251754 -0.074295
v -0.589538 4.272047 -0.113254
v -0.575265 4.251754 -0.074295
v -0.626905 4.235411 -0.002667
v -0.625161 4.232931 0.002095
v -0.589538 4.23146 -0.035336
v -0.626905 4.218918 -0.011258
v -0.58497 4.229927 -0.032392
v -0.625161 4.216438 -0.006495
v -0.673094 4.284589 -0.137333
v -0.626905 4.284589 -0.137333
v -0.674838 4.287069 -0.142095
v -0.625161 4.287069 -0.142095
v -0.626905 4.301082 -0.128741
v -0.673094 4.301082 -0.128741
v -0.625161 4.303562 -0.133504
v -0.674838 4.303562 -0.133504
v -0.660366 4.189925 -0.110295996
v -0.657057 4.194253 -0.09656
v -0.660366 4.207988 -0.100888
v -0.663675 4.203662 -0.114623
v -0.69332 4.178865 -0.089061
v -0.684657 4.184989 -0.078776
v -0.69332 4.196928 -0.079653
v -0.701982 4.190804 -0.089939
v -0.705907 4.160968 -0.054704
v -0.6952 4.17 -0.05
v -0.705907 4.179031 -0.045295
v -0.716614 4.17 -0.05
v -0.69332 4.143072 -0.020346
v -0.684657 4.155011 -0.021223
v -0.69332 4.161135 -0.010937
v -0.701982 4.149196 -0.01006
v -0.660366 4.132012 8.87E-4
v -0.657057 4.145747 -0.0034389999
v -0.660366 4.150075 0.010296
v -0.663675 4.1363378 0.014623
v -0.619633 4.132012 8.87E-4
v -0.622942 4.145747 -0.0034389999
v -0.619633 4.150075 0.010296
v -0.616324 4.1363378 0.014623
v -0.586679 4.143072 -0.020346
v -0.595341 4.155011 -0.021223
v -0.586679 4.161135 -0.010937
v -0.578017 4.149196 -0.01006
v -0.574092 4.160968 -0.054704
v -0.584799 4.17 -0.05
v -0.574092 4.179031 -0.045295
v -0.563385 4.17 -0.05
v -0.586679 4.178865 -0.089061
v -0.595341 4.184989 -0.078776
v -0.586679 4.196928 -0.079653
v -0.578017 4.190804 -0.089939
v -0.619633 4.189925 -0.110295996
v -0.622942 4.194253 -0.09656
v -0.619633 4.207988 -0.100888
v -0.616324 4.203662 -0.114623
v -0.700727 4.148308 -0.011551
v -0.663195 4.135711 0.012632
v -0.700727 4.150926 -0.010187
v -0.663195 4.138329 0.013996
v -0.622462 4.196243 -0.097187
v -0.657537 4.196243 -0.097187
v -0.622462 4.193625 -0.098551
v -0.657537 4.193625 -0.098551
v -0.663195 4.204288 -0.112633
v -0.700727 4.191691 -0.088449
v -0.663195 4.20167 -0.113996
v -0.700727 4.189073 -0.089812
v -0.685913 4.15328 -0.021096
v -0.657537 4.143757 -0.002812
v -0.685913 4.155898 -0.019733
v -0.657537 4.146374 -0.001448
v -0.715062 4.168691 -0.050682
v -0.715062 4.171309 -0.049318
v -0.594086 4.184102 -0.080267
v -0.594086 4.18672 -0.078903
v -0.616804 4.138329 0.013996
v -0.579272 4.150926 -0.010187
v -0.616804 4.135711 0.012632
v -0.579272 4.148308 -0.011551
v -0.622462 4.143757 -0.002812
v -0.622462 4.146374 -0.001448
v -0.564936 4.171309 -0.049318
v -0.579272 4.191692 -0.088448
v -0.564936 4.168691 -0.050682
v -0.579272 4.189073 -0.089812
v -0.594086 4.15328 -0.021096
v -0.583247 4.168691 -0.050682
v -0.594086 4.155898 -0.019733
v -0.583247 4.171309 -0.049318
v -0.616804 4.20167 -0.113996
v -0.616804 4.204288 -0.112633
v -0.685913 4.184102 -0.080266
v -0.696751 4.168691 -0.050682
v -0.685913 4.18672 -0.078903
v -0.696751 4.171309 -0.049318
v -0.661107 4.132981 0.003965
v -0.695261 4.144444 -0.018041
v -0.659625 4.135089 -8.1E-5
v -0.691379 4.145747 -0.020543
v -0.695261 4.15846 -0.010741
v -0.661107 4.146997 0.011265
v -0.691379 4.159763 -0.013242
v -0.659625 4.149105 0.007218
v -0.584738 4.15846 -0.010741
v -0.571693 4.177008 -0.046349
v -0.58862 4.159763 -0.013242
v -0.576491 4.177008 -0.046349
v -0.708306 4.162992 -0.05365
v -0.695261 4.18154 -0.089258
v -0.703508 4.162992 -0.05365
v -0.691379 4.180237 -0.086757
v -0.695261 4.195556 -0.081957
v -0.708306 4.177008 -0.046349
v -0.691379 4.194253 -0.079457
v -0.703508 4.177008 -0.046349
v -0.584738 4.195556 -0.081958
v -0.58862 4.194253 -0.079457
v -0.584738 4.18154 -0.089258
v -0.571693 4.162992 -0.05365
v -0.58862 4.180237 -0.086757
v -0.576491 4.162992 -0.05365
v -0.620374 4.149105 0.007218
v -0.618892 4.146997 0.011265
v -0.58862 4.145747 -0.020543
v -0.620374 4.135089 -8.1E-5
v -0.584738 4.144444 -0.018042
v -0.618892 4.132981 0.003965
v -0.659625 4.190895 -0.107218
v -0.620374 4.190895 -0.107218
v -0.661107 4.193003 -0.111266
v -0.618892 4.193003 -0.111266
v -0.620374 4.2049108 -0.099918
v -0.659625 4.2049108 -0.099918
v -0.618892 4.207019 -0.103965
v -0.661107 4.207019 -0.103965
# 480 vertices

vn -0.5575 -0.8297 0.0245
vn -0.2129 -0.9454 0.2465
vn -0.5575 -0.8297 0.0245
vn -0.2129 -0.9454 0.2465
vn -0.2129 0.3398 0.91599995
vn -0.2129 0.3398 0.91599995
vn -0.5575 0.45549998 0.694
vn -0.5575 0.45549998 0.694
vn 0.2129 0.9454 -0.2464
vn 0.5575 0.82979995 -0.0244
vn 0.2129 0.9454 -0.2465
vn 0.5575 0.8297 -0.0245
vn 0.5575 -0.45549998 -0.694
vn 0.5575 -0.45549998 -0.694
vn 0.2129 -0.3398 -0.91599995
vn 0.2129 -0.3398 -0.91599995
vn -0.68909997 -0.6426 -0.3347
vn -0.68909997 -0.6426 -0.3347
vn -0.68909997 0.6426 0.3347
vn -0.68909997 0.6426 0.3347
vn 0.68909997 0.6426 0.3347
vn 0.68909997 0.6426 0.3347
vn 0.68909997 -0.6426 -0.3347
vn 0.68909997 -0.6426 -0.3347
vn -0.5575 -0.45549998 -0.694
vn -0.5575 -0.45549998 -0.694
vn -0.5575 0.8297 -0.0244
vn -0.5575 0.8297 -0.0245
vn 0.5575 0.45549998 0.694
vn 0.5575 0.45549998 0.694
vn 0.5575 -0.8297 0.0244
vn 0.5575 -0.8297 0.0245
vn -0.2129 -0.3398 -0.91599995
vn -0.2129 -0.3398 -0.91599995
vn -0.2129 0.9454 -0.2465
vn -0.2129 0.9454 -0.2465
vn 0.2129 0.3398 0.91599995
vn 0.2129 0.3398 0.91599995
vn 0.2129 -0.9454 0.2464
vn 0.2129 -0.9454 0.2465
vn 0.2129 -0.3398 -0.91599995
vn 0.2129 -0.3398 -0.91599995
vn 0.2129 0.9454 -0.2465
vn 0.2129 0.9454 -0.2465
vn -0.2129 0.3398 0.91599995
vn -0.2129 0.3398 0.91599995
vn -0.2129 -0.9454 0.2464
vn -0.2129 -0.9454 0.2465
vn 0.5575 -0.45549998 -0.694
vn 0.5575 -0.45549998 -0.694
vn 0.5575 0.8297 -0.0245
vn 0.5575 0.8297 -0.0245
vn -0.5575 0.45549998 0.694
vn -0.5575 0.45549998 0.694
vn -0.5575 -0.8297 0.0245
vn -0.5575 -0.82979995 0.0244
vn 0.68909997 -0.6426 -0.3347
vn 0.68909997 -0.6426 -0.3347
vn 0.68909997 0.6426 0.3347
vn 0.68909997 0.6426 0.3347
vn -0.68909997 0.6426 0.3347
vn -0.68909997 0.6426 0.3347
vn -0.68909997 -0.6426 -0.3347
vn -0.68909997 -0.6426 -0.3347
vn 0.5575 -0.8297 0.0245
vn 0.5575 -0.8297 0.0245
vn 0.5575 0.45549998 0.694
vn 0.5575 0.45549998 0.694
vn -0.5575 0.8297 -0.0244
vn -0.5575 0.8297 -0.0245
vn -0.5575 -0.45549998 -0.694
vn -0.5575 -0.45549998 -0.694
vn 0.2129 -0.9454 0.2465
vn 0.2129 -0.9454 0.2465
vn 0.2129 0.3398 0.91599995
vn 0.2129 0.3398 0.91599995
vn -0.2129 0.9454 -0.2464
vn -0.2129 0.9454 -0.2465
vn -0.2129 -0.3398 -0.91599995
vn -0.2129 -0.3398 -0.91599995
vn 0.309 -0.4394 0.8434
vn 0.80899996 -0.2715 0.52129996
vn 0.309 -0.4393 0.8434
vn -0.309 -0.4393 0.8434
vn 0.80899996 0.2715 -0.5212
vn 0.309 0.4394 -0.8434
vn -0.309 0.4393 -0.8434
vn -0.80899996 0.2715 -0.52129996
vn 1.0 0.0 0.0
vn 0.80899996 -0.2715 0.52129996
vn -0.80899996 -0.2715 0.5212
vn -0.309 -0.4394 0.8434
vn 0.309 0.4393 -0.8434
vn -0.80899996 0.2715 -0.52129996
vn -1.0 0.0 0.0
vn 0.80899996 0.2715 -0.52129996
vn 1.0 0.0 0.0
vn -0.309 0.4394 -0.8434
vn -0.80899996 -0.2715 0.52129996
vn -1.0 0.0 0.0
vn 0.0 -0.88689995 -0.4619
vn 0.0 -0.8868 -0.4619
vn 0.0 0.8868 0.4619
vn 0.0 0.8868 0.4619
vn 0.0 0.8868 0.4619
vn 0.0 0.8868 0.4619
vn 0.0 -0.8868 -0.4619
vn 0.0 -0.8868 -0.4619
vn 0.0 0.8868 0.4619
vn 0.0 0.8868 0.4619
vn 0.0 0.88689995 0.4619
vn 0.0 -0.8868 -0.4619
vn 0.0 -0.8868 -0.4619
vn 0.0 0.8868 0.4619
vn 0.0 -0.8868 -0.4619
vn 0.0 -0.88689995 -0.4619
vn 0.0 -0.8868 -0.4619
vn 0.0 -0.8868 -0.4619
vn 0.0 0.88689995 0.4619
vn 0.0 0.88689995 0.4619
vn -0.5575 -0.8297 0.0245
vn -0.2129 -0.9454 0.2465
vn -0.2129 -0.9454 0.2465
vn -0.5575 -0.8297 0.0245
vn -0.2129 0.3399 0.91599995
vn -0.5575 0.45549998 0.694
vn -0.5575 0.45549998 0.694
vn -0.2129 0.3398 0.91599995
vn 0.2129 0.9454 -0.2465
vn 0.5575 0.8297 -0.0245
vn 0.2129 0.9454 -0.2465
vn 0.5575 0.8297 -0.0245
vn 0.2129 -0.3398 -0.91599995
vn 0.2129 -0.3398 -0.91599995
vn 0.5575 -0.45549998 -0.694
vn 0.5575 -0.45549998 -0.694
vn -0.68909997 -0.6426 -0.3347
vn -0.68909997 -0.6426 -0.3347
vn -0.68909997 0.6426 0.3347
vn -0.68909997 0.6426 0.3347
vn 0.68909997 0.6426 0.3347
vn 0.68909997 0.6426 0.3347
vn 0.68909997 -0.6426 -0.3347
vn 0.68909997 -0.6426 -0.3347
vn -0.5575 -0.45549998 -0.694
vn -0.5575 -0.45549998 -0.694
vn -0.5575 0.8297 -0.0245
vn -0.5575 0.8297 -0.0245
vn 0.5575 0.45549998 0.694
vn 0.5575 0.45549998 0.694
vn 0.5575 -0.82979995 0.0244
vn 0.5575 -0.8297 0.0245
vn -0.2129 -0.3398 -0.91599995
vn -0.2129 -0.3398 -0.91599995
vn -0.2129 0.9454 -0.2465
vn -0.2129 0.9454 -0.2465
vn 0.2129 0.3398 0.91599995
vn 0.2129 0.3398 0.91599995
vn 0.2129 -0.9454 0.2465
vn 0.2129 -0.9454 0.2465
vn 0.2129 -0.3398 -0.91599995
vn 0.2129 -0.3398 -0.91599995
vn 0.2129 0.9454 -0.2465
vn 0.2129 0.9454 -0.2465
vn -0.2129 0.3398 0.91599995
vn -0.2129 0.3398 0.91599995
vn -0.2129 -0.9454 0.2465
vn -0.2129 -0.9454 0.2465
vn 0.5575 -0.45549998 -0.694
vn 0.5575 -0.45549998 -0.694
vn 0.5575 0.8297 -0.0245
vn 0.5575 0.8297 -0.0245
vn -0.5575 0.45549998 0.694
vn -0.5575 0.45549998 0.694
vn -0.5575 -0.82979995 0.0244
vn -0.5575 -0.8297 0.0245
vn 0.68909997 -0.6426 -0.3347
vn 0.68909997 -0.6426 -0.3347
vn 0.68909997 0.6426 0.3347
vn 0.68909997 0.6426 0.3347
vn -0.68909997 0.6426 0.3347
vn -0.68909997 0.6426 0.3347
vn -0.68909997 -0.6426 -0.3347
vn -0.68909997 -0.6426 -0.3347
vn 0.5575 -0.8297 0.0245
vn 0.5575 -0.8297 0.0245
vn 0.5575 0.45549998 0.694
vn 0.5575 0.45549998 0.694
vn -0.5575 0.8297 -0.0245
vn -0.5575 0.8297 -0.0245
vn -0.5575 -0.45549998 -0.694
vn -0.5575 -0.45549998 -0.694
vn 0.2129 -0.9454 0.2465
vn 0.2129 -0.9454 0.2465
vn 0.2129 0.3399 0.91599995
vn 0.2129 0.3398 0.91599995
vn -0.2129 0.9454 -0.2465
vn -0.2129 0.9454 -0.2465
vn -0.2129 -0.3398 -0.91599995
vn -0.2129 -0.3398 -0.91599995
vn 0.309 -0.4394 0.8434
vn 0.80899996 -0.2715 0.5212
vn 0.309 -0.43919998 0.84349996
vn -0.309 -0.43919998 0.84349996
vn 0.80899996 0.2715 -0.52129996
vn 0.309 0.4393 -0.8434
vn -0.309 0.4393 -0.84349996
vn -0.80899996 0.2715 -0.52129996
vn 1.0 0.0 0.0
vn 0.80899996 -0.2714 0.52129996
vn -0.309 -0.4394 0.8434
vn -0.80899996 -0.2715 0.5212
vn 0.309 0.4393 -0.84349996
vn -0.80899996 0.2715 -0.52129996
vn -1.0 0.0 0.0
vn 1.0 0.0 0.0
vn 0.80899996 0.2715 -0.52129996
vn -0.309 0.4393 -0.8434
vn -1.0 0.0 0.0
vn -0.80899996 -0.2715 0.52129996
vn 0.0 -0.8868 -0.4619
vn 0.0 -0.8868 -0.4619
vn 0.0 0.8868 0.4619
vn 0.0 0.8868 0.4619
vn 0.0 0.8868 0.4619
vn 0.0 0.8868 0.4619
vn 0.0 -0.8868 -0.4619
vn 0.0 -0.8868 -0.4619
vn 0.0 0.8868 0.4619
vn 0.0 0.8868 0.4619
vn 0.0 0.8868 0.4619
vn 0.0 -0.8868 -0.4619
vn 0.0 -0.8868 -0.4619
vn 0.0 0.8868 0.4619
vn 0.0 -0.8868 -0.4619
vn 0.0 -0.8868 -0.4619
vn 0.0 -0.8868 -0.4619
vn 0.0 -0.8868 -0.4619
vn 0.0 0.8868 0.4619
vn 0.0 0.8868 0.4619
vn 0.2129 -0.9454 0.2465
vn 0.5575 -0.8297 0.0245
vn 0.2129 -0.9454 0.2465
vn 0.5575 -0.8297 0.0245
vn 0.2129 0.3398 0.91599995
vn 0.2129 0.3398 0.91599995
vn 0.5575 0.45549998 0.694
vn 0.5575 0.45549998 0.694
vn -0.2129 0.9454 -0.2464
vn -0.2129 0.9454 -0.2465
vn -0.5575 0.8297 -0.0245
vn -0.5575 0.82979995 -0.0244
vn -0.2129 -0.3398 -0.91599995
vn -0.5575 -0.45549998 -0.694
vn -0.2129 -0.3398 -0.91599995
vn -0.5575 -0.45549998 -0.694
vn 0.68909997 -0.6426 -0.3347
vn 0.68909997 -0.6426 -0.3347
vn 0.68909997 0.6426 0.3347
vn 0.68909997 0.6426 0.3347
vn -0.68909997 0.6426 0.3347
vn -0.68909997 0.6426 0.3347
vn -0.68909997 -0.6426 -0.3347
vn -0.68909997 -0.6426 -0.3347
vn 0.5575 -0.45549998 -0.694
vn 0.5575 -0.45549998 -0.694
vn 0.5575 0.8297 -0.0245
vn 0.5575 0.8297 -0.0245
vn -0.5575 0.45549998 0.694
vn -0.5575 0.45549998 0.694
vn -0.5575 -0.82979995 0.0244
vn -0.5575 -0.8297 0.0244
vn 0.2129 -0.3398 -0.91599995
vn 0.2129 -0.3398 -0.91599995
vn 0.2129 0.9454 -0.2465
vn 0.2129 0.9454 -0.2465
vn -0.2129 0.3398 0.91599995
vn -0.2129 0.3398 0.91599995
vn -0.2129 -0.9454 0.2464
vn -0.2129 -0.9454 0.2465
vn -0.2129 -0.3398 -0.91599995
vn -0.2129 -0.3398 -0.91599995
vn -0.2129 0.9454 -0.2465
vn -0.2129 0.9454 -0.2465
vn 0.2129 0.3398 0.91599995
vn 0.2129 0.3398 0.91599995
vn 0.2129 -0.9454 0.2465
vn 0.2129 -0.9454 0.2464
vn -0.5575 -0.45549998 -0.694
vn -0.5575 -0.45549998 -0.694
vn -0.5575 0.8297 -0.0245
vn -0.5575 0.8297 -0.0244
vn 0.5575 0.45549998 0.694
vn 0.5575 0.45549998 0.694
vn 0.5575 -0.8297 0.0245
vn 0.5575 -0.82979995 0.0244
vn -0.68909997 -0.6426 -0.3347
vn -0.68909997 -0.6426 -0.3347
vn -0.68909997 0.6426 0.3347
vn -0.68909997 0.6426 0.3347
vn 0.68909997 0.6426 0.3347
vn 0.68909997 0.6426 0.3347
vn 0.68909997 -0.6426 -0.3347
vn 0.68909997 -0.6426 -0.3347
vn -0.5575 -0.8297 0.0244
vn -0.5575 -0.8297 0.0245
vn -0.5575 0.45549998 0.694
vn -0.5575 0.45549998 0.694
vn 0.5575 0.8297 -0.0244
vn 0.5575 0.8297 -0.0245
vn 0.5575 -0.45549998 -0.694
vn 0.5575 -0.45549998 -0.694
vn -0.2129 -0.9454 0.2465
vn -0.2129 -0.9454 0.2465
vn -0.2129 0.3398 0.91599995
vn -0.2129 0.3398 0.91599995
vn 0.2129 0.9454 -0.2465
vn 0.2129 0.9454 -0.2464
vn 0.2129 -0.3398 -0.91599995
vn 0.2129 -0.3398 -0.91599995
vn -0.80899996 -0.2715 0.52129996
vn -0.309 -0.4394 0.8434
vn -0.309 -0.4393 0.8434
vn 0.309 -0.4393 0.8434
vn -0.80899996 0.2715 -0.5212
vn -0.309 0.4394 -0.8434
vn 0.80899996 0.2715 -0.52129996
vn 0.309 0.4393 -0.84349996
vn -1.0 0.0 0.0
vn -0.80899996 -0.2715 0.52129996
vn 0.309 -0.4394 0.8434
vn 0.80899996 -0.2715 0.5212
vn -0.309 0.4393 -0.84349996
vn 0.80899996 0.2715 -0.5212
vn 1.0 0.0 0.0
vn -0.80899996 0.2715 -0.52129996
vn -1.0 0.0 0.0
vn 0.309 0.4394 -0.8434
vn 0.80899996 -0.2714 0.52129996
vn 1.0 0.0 0.0
vn 0.0 -0.8868 -0.4619
vn 0.0 -0.88689995 -0.4619
vn 0.0 0.8868 0.4619
vn 0.0 0.88689995 0.4619
vn 0.0 0.8868 0.4619
vn 0.0 0.8868 0.4619
vn 0.0 -0.88689995 -0.4619
vn 0.0 -0.8868 -0.4619
vn 0.0 0.8868 0.4619
vn 0.0 0.8868 0.4619
vn 0.0 0.88689995 0.4619
vn 0.0 -0.8868 -0.4619
vn 0.0 -0.8868 -0.4619
vn 0.0 0.8868 0.4619
vn 0.0 -0.88689995 -0.4619
vn 0.0 -0.8868 -0.4619
vn 0.0 -0.8868 -0.4619
vn 0.0 -0.8868 -0.46199998
vn 0.0 0.88689995 0.4619
vn 0.0 0.88689995 0.4619
vn 0.5575 -0.8297 0.0245
vn 0.2129 -0.9454 0.2465
vn 0.2129 -0.9454 0.24659999
vn 0.5575 -0.8297 0.0244
vn 0.5575 0.45549998 0.694
vn 0.2129 0.3398 0.91599995
vn 0.2129 0.3399 0.91599995
vn 0.5575 0.45549998 0.694
vn -0.5575 0.8297 -0.0245
vn -0.5575 0.8297 -0.0245
vn -0.2129 0.9454 -0.2465
vn -0.2129 0.9454 -0.2465
vn -0.5575 -0.45549998 -0.694
vn -0.5575 -0.45549998 -0.694
vn -0.2129 -0.3399 -0.91599995
vn -0.2129 -0.3398 -0.91599995
vn 0.68909997 -0.6426 -0.3347
vn 0.68909997 -0.6426 -0.3347
vn 0.68909997 0.6426 0.3347
vn 0.68909997 0.6426 0.3347
vn -0.68909997 0.6426 0.3347
vn -0.68909997 0.6426 0.3347
vn -0.68909997 -0.6426 -0.3347
vn -0.68909997 -0.6426 -0.3347
vn 0.5575 -0.45549998 -0.694
vn 0.5575 -0.45549998 -0.694
vn 0.5575 0.8297 -0.0245
vn 0.5575 0.8297 -0.0245
vn -0.5575 0.45549998 0.694
vn -0.5575 0.45549998 0.694
vn -0.5575 -0.8297 0.0245
vn -0.5575 -0.82979995 0.0244
vn 0.2129 -0.3398 -0.91599995
vn 0.2129 -0.3398 -0.91599995
vn 0.2129 0.9454 -0.2465
vn 0.2129 0.9454 -0.2465
vn -0.2129 0.3398 0.91599995
vn -0.2129 0.3398 0.91599995
vn -0.2129 -0.9454 0.2465
vn -0.2129 -0.9454 0.2465
vn -0.2129 -0.3398 -0.91599995
vn -0.2129 -0.3398 -0.91599995
vn -0.2129 0.9454 -0.2465
vn -0.2129 0.9454 -0.2465
vn 0.2129 0.3398 0.91599995
vn 0.2129 0.3398 0.91599995
vn 0.2129 -0.9454 0.2465
vn 0.2129 -0.9454 0.2465
vn -0.5575 -0.45549998 -0.694
vn -0.5575 -0.45549998 -0.694
vn -0.5575 0.8297 -0.0245
vn -0.5575 0.8297 -0.0245
vn 0.5575 0.45549998 0.694
vn 0.5575 0.45549998 0.694
vn 0.5575 -0.8297 0.0245
vn 0.5575 -0.82979995 0.0244
vn -0.68909997 -0.6426 -0.3347
vn -0.68909997 -0.6426 -0.3347
vn -0.68909997 0.6426 0.3347
vn -0.68909997 0.6426 0.3347
vn 0.68909997 0.6426 0.3347
vn 0.68909997 0.6426 0.3347
vn 0.68909997 -0.6426 -0.3347
vn 0.68909997 -0.6426 -0.3347
vn -0.5575 -0.8297 0.0245
vn -0.5575 -0.8297 0.0245
vn -0.5575 0.45549998 0.694
vn -0.5575 0.45549998 0.694
vn 0.5575 0.8297 -0.0245
vn 0.5575 0.8297 -0.0245
vn 0.5575 -0.45549998 -0.694
vn 0.5575 -0.45549998 -0.694
vn -0.2129 -0.9454 0.24659999
vn -0.2129 -0.9454 0.2465
vn -0.2129 0.3399 0.91599995
vn -0.2129 0.3398 0.91599995
vn 0.2129 0.9454 -0.2465
vn 0.2129 0.9454 -0.2465
vn 0.2129 -0.3399 -0.91599995
vn 0.2129 -0.3398 -0.91599995
vn -0.80899996 -0.2716 0.5212
vn -0.309 -0.4394 0.8434
vn -0.309 -0.43919998 0.84349996
vn 0.309 -0.43919998 0.84349996
vn -0.80899996 0.2715 -0.5212
vn -0.309 0.4393 -0.8434
vn 0.80899996 0.2715 -0.52129996
vn 0.309 0.4393 -0.84349996
vn -1.0 0.0 0.0
vn -0.80899996 -0.2714 0.52129996
vn 0.80899996 -0.2715 0.5212
vn 0.309 -0.4394 0.8434
vn -0.309 0.4393 -0.84349996
vn 1.0 0.0 0.0
vn 0.80899996 0.2715 -0.52129996
vn -1.0 0.0 0.0
vn -0.80899996 0.2715 -0.52129996
vn 0.309 0.4393 -0.8434
vn 0.80899996 -0.2714 0.52129996
vn 1.0 0.0 0.0
vn 0.0 -0.8868 -0.4619
vn 0.0 -0.8868 -0.4619
vn 0.0 0.8868 0.4619
vn 0.0 0.8868 0.4619
vn 0.0 0.8868 0.4619
vn 0.0 0.8868 0.4619
vn 0.0 -0.8868 -0.4619
vn 0.0 -0.88689995 -0.4619
vn 0.0 0.88689995 0.4619
vn 0.0 0.8868 0.4619
vn 0.0 0.88689995 0.4619
vn 0.0 -0.8868 -0.4619
vn 0.0 -0.88689995 -0.4619
vn 0.0 0.8868 0.4619
vn 0.0 -0.8868 -0.4619
vn 0.0 -0.8868 -0.4619
vn 0.0 -0.88689995 -0.4619
vn 0.0 -0.88689995 -0.4619
vn 0.0 0.88689995 0.4619
vn 0.0 0.88689995 0.4619
# 480 vertex normals

vt 0.4582 -0.001372 0.954967
vt 0.454423 -0.002128 0.918783
vt 0.457782 -0.002128 0.964239
vt 0.455201 -0.001371 0.914043
vt 0.454423 -2.68E-4 0.918783
vt 0.455201 -0.001024 0.914043
vt 0.4582 -0.001024 0.954967
vt 0.457782 -2.68E-4 0.964239
vt 0.453111 -0.001024 0.927122
vt 0.457087 -0.001024 0.980165
vt 0.453875 -2.68E-4 0.922211
vt 0.457491 -2.68E-4 0.970842
vt 0.457087 -0.001371 0.980165
vt 0.457491 -0.002128 0.970842
vt 0.453111 -0.001371 0.927122
vt 0.453875 -0.002128 0.922211
vt 0.462364 -0.001371 0.968471
vt 0.462398 -0.002128 0.979196
vt 0.462398 -2.68E-4 0.979196
vt 0.462364 -0.001024 0.968471
vt 0.462453 -0.001024 0.997536
vt 0.462421 -2.68E-4 0.986812
vt 0.462453 -0.001371 0.997536
vt 0.462421 -0.002128 0.986812
vt 0.466915 -0.002128 0.959302
vt 0.466437 -0.001371 0.950513
vt 0.466437 -0.001024 0.950513
vt 0.466915 -2.68E-4 0.959302
vt 0.467249 -2.68E-4 0.965567
vt 0.467712 -0.001024 0.974422
vt 0.467712 -0.001371 0.974422
vt 0.467249 -0.002128 0.965567
vt 0.001487 -0.002128 0.959302
vt 0.004552 -0.002128 0.910383
vt 0.001009 -0.001371 0.950513
vt 0.003736 -0.001372 0.9065
vt 0.003736 -0.001024 0.9065
vt 0.001009 -0.001024 0.950513
vt 0.001487 -2.68E-4 0.959302
vt 0.004552 -2.68E-4 0.910383
vt 0.005127 -2.68E-4 0.913206
vt 0.0059309998 -0.001024 0.917275
vt 0.001821 -2.68E-4 0.965567
vt 0.002285 -0.001024 0.974422
vt 0.002285 -0.001371 0.974422
vt 0.0059309998 -0.001371 0.917275
vt 0.001821 -0.002128 0.965567
vt 0.005127 -0.002128 0.913206
vt 0.003981 -0.001372 0.850856
vt 0.004886 -0.002128 0.848156
vt 0.004886 -2.68E-4 0.848156
vt 0.003981 -0.001024 0.850856
vt 0.005533 -2.68E-4 0.846316
vt 0.006449 -0.001024 0.843834
vt 0.006449 -0.001371 0.843834
vt 0.005533 -0.002128 0.846316
vt 0.001192 -0.001371 0.804653
vt 0.001792 -0.002128 0.796099
vt 0.001792 -2.68E-4 0.796099
vt 0.001192 -0.001024 0.804653
vt 0.002226 -2.68E-4 0.790056
vt 0.002849 -0.001024 0.781594
vt 0.002226 -0.002128 0.790056
vt 0.002849 -0.001371 0.781594
vt 0.461612 -0.002128 0.777629
vt 0.461664 -0.001371 0.788348
vt 0.46662 -0.001371 0.804653
vt 0.46722 -0.002128 0.796099
vt 0.461612 -2.68E-4 0.777629
vt 0.46722 -2.68E-4 0.796099
vt 0.461664 -0.001024 0.788348
vt 0.46662 -0.001024 0.804653
vt 0.467654 -2.68E-4 0.790056
vt 0.46152 -0.001024 0.759298
vt 0.468276 -0.001024 0.781594
vt 0.461574 -2.68E-4 0.770017
vt 0.467654 -0.002128 0.790056
vt 0.46152 -0.001371 0.759298
vt 0.461574 -0.002128 0.770017
vt 0.468276 -0.001371 0.781594
vt 0.4569 -0.001372 0.80991
vt 0.456229 -0.002128 0.802041
vt 0.4569 -0.001024 0.80991
vt 0.456229 -2.68E-4 0.802041
vt 0.455051 -0.001024 0.788742
vt 0.455744 -2.68E-4 0.796494
vt 0.455051 -0.001371 0.788742
vt 0.455744 -0.002128 0.796494
vt 0.453625 -0.002128 0.857166
vt 0.45453998 -0.001371 0.858887
vt 0.45453998 -0.001024 0.858887
vt 0.453625 -2.68E-4 0.857166
vt 0.452053 -0.001024 0.854528
vt 0.452974 -2.68E-4 0.856024
vt 0.452974 -0.002128 0.856024
vt 0.452053 -0.001371 0.854528
vt 0.0061149998 -0.001198 0.918225
vt 0.00239 -0.001198 0.976461
vt 0.45475 -0.001198 0.859301
vt 0.455381 -0.001198 0.912968
vt 0.456995 -0.001198 0.98231
vt 0.452936 -0.001198 0.928264
vt 0.003548 -0.001198 0.905624
vt 8.9799997E-4 -0.001198 0.948501
vt 0.462461 -0.001198 0.999999
vt 0.467817 -0.001198 0.976461
vt 0.457052 -0.001198 0.811726
vt 0.002993 -0.001198 0.779658
vt 0.00666 -0.001198 0.843283
vt 0.003773 -0.001198 0.851494
vt 0.454889 -0.001198 0.786971
vt 0.461507 -0.001198 0.756836
vt 0.466484 -0.001198 0.806626
vt 0.461675 -0.001198 0.79081
vt 0.451841 -0.001198 0.854203
vt 0.45829698 -0.001198 0.952842
vt 0.462356 -0.001198 0.966008
vt 0.468421 -0.001198 0.779658
vt 0.466326 -0.001198 0.948501
vt 0.001056 -0.001198 0.806626
vt 0.00484 -0.002396 0.911788
vt 0.001655 -0.002396 0.962432
vt 0.001655 0.0 0.962432
vt 0.00484 0.0 0.911788
vt 0.461593 0.0 0.773823
vt 0.467436 0.0 0.793074
vt 0.462409 -0.002396 0.983004
vt 0.457636 -0.002396 0.967539
vt 0.457636 0.0 0.967539
vt 0.462409 0.0 0.983004
vt 0.455988 0.0 0.799263
vt 0.455988 -0.002396 0.799263
vt 0.461593 -0.002396 0.773823
vt 0.002008 0.0 0.793074
vt 0.00521 0.0 0.847228
vt 0.002008 -0.002396 0.793074
vt 0.00521 -0.002396 0.847228
vt 0.467436 -0.002396 0.793074
vt 0.467082 0.0 0.962432
vt 0.4533 -0.002396 0.856587
vt 0.454149 -0.002396 0.920491
vt 0.4533 0.0 0.856587
vt 0.454149 0.0 0.920491
vt 0.467082 -0.002396 0.962432
vt 0.465028 -0.008404 0.925983
vt 0.462689 -0.008404 0.888269
vt 0.461977 -0.009046 0.891447
vt 0.464605 -0.009046 0.933406
vt 0.462689 -0.008108 0.888269
vt 0.465028 -0.008108 0.925983
vt 0.464605 -0.007466 0.933406
vt 0.461977 -0.007466 0.891447
vt 0.46147498 -0.007466 0.893754
vt 0.46431 -0.007466 0.938696
vt 0.460772 -0.008108 0.897072
vt 0.463899 -0.008108 0.946169
vt 0.46147498 -0.009046 0.893754
vt 0.460772 -0.008404 0.897072
vt 0.463899 -0.008404 0.946169
vt 0.46431 -0.009046 0.938696
vt 0.468548 -0.009046 0.950566
vt 0.468578 -0.008404 0.941453
vt 0.468578 -0.008108 0.941453
vt 0.468548 -0.007466 0.950566
vt 0.468498 -0.008108 0.966151
vt 0.468527 -0.007466 0.957038
vt 0.468527 -0.009046 0.957038
vt 0.468498 -0.008404 0.966151
vt 0.00312 -0.009046 0.950566
vt 0.007154 -0.009046 0.937719
vt 0.006786 -0.008404 0.929869
vt 0.003151 -0.008404 0.941453
vt 0.003151 -0.008108 0.941453
vt 0.00312 -0.007466 0.950566
vt 0.006786 -0.008108 0.929869
vt 0.007154 -0.007466 0.937719
vt 0.00307 -0.008108 0.966151
vt 0.007412 -0.007466 0.943308
vt 0.003099 -0.007466 0.957038
vt 0.00777 -0.008108 0.95119697
vt 0.003099 -0.009046 0.957038
vt 0.00777 -0.008404 0.95119697
vt 0.007412 -0.009046 0.943308
vt 0.00307 -0.008404 0.966151
vt 0.010051 -0.009046 0.898742
vt 0.009371 -0.008404 0.894814
vt 0.009371 -0.008108 0.894814
vt 0.010051 -0.007466 0.898742
vt 0.0112 -0.008108 0.905634
vt 0.01053 -0.007466 0.901577
vt 0.0112 -0.008404 0.905634
vt 0.01053 -0.009046 0.901577
vt 0.010678 -0.009046 0.846272
vt 0.009893 -0.008404 0.847863
vt 0.010678 -0.007466 0.846272
vt 0.009893 -0.008108 0.847863
vt 0.011238 -0.007466 0.8452
vt 0.012028 -0.008108 0.843773
vt 0.011238 -0.009046 0.8452
vt 0.012028 -0.008404 0.843773
vt 0.007828 -0.008404 0.806504
vt 0.008393 -0.009046 0.799755
vt 0.008393 -0.007466 0.799755
vt 0.007828 -0.008108 0.806504
vt 0.009384 -0.008108 0.788324
vt 0.008801 -0.007466 0.794991
vt 0.009384 -0.008404 0.788324
vt 0.008801 -0.009046 0.794991
vt 0.003807 -0.009046 0.779281
vt 0.003763 -0.008404 0.78839
vt 0.003763 -0.008108 0.78839
vt 0.003807 -0.007466 0.779281
vt 0.003885 -0.008108 0.763704
vt 0.003839 -0.007466 0.772813
vt 0.003885 -0.008404 0.763704
vt 0.003839 -0.009046 0.772813
vt 0.469235 -0.009046 0.779281
vt 0.46919098 -0.008404 0.78839
vt 0.464966 -0.008404 0.802021
vt 0.464462 -0.009046 0.794694
vt 0.464966 -0.008108 0.802021
vt 0.46919098 -0.008108 0.78839
vt 0.464462 -0.007466 0.794694
vt 0.469235 -0.007466 0.779281
vt 0.469312 -0.008108 0.763704
vt 0.463578 -0.008108 0.78225
vt 0.469267 -0.007466 0.772813
vt 0.464098 -0.007466 0.789513
vt 0.464098 -0.009046 0.789513
vt 0.469312 -0.008404 0.763704
vt 0.469267 -0.009046 0.772813
vt 0.463578 -0.008404 0.78225
vt 0.46175998 -0.009046 0.838521
vt 0.462535 -0.008404 0.840953
vt 0.462535 -0.008108 0.840953
vt 0.461759 -0.007466 0.838521
vt 0.461206 -0.007466 0.83685
vt 0.460423 -0.008108 0.834577
vt 0.461206 -0.009046 0.83685
vt 0.460423 -0.008404 0.834577
vt 0.011353 -0.008256 0.906576
vt 0.007852 -0.008256 0.953012
vt 0.462712 -0.008256 0.841525
vt 0.46285298 -0.008256 0.887551
vt 0.463805 -0.008256 0.94789
vt 0.460612 -0.008256 0.897845
vt 0.009214 -0.008256 0.893922
vt 0.0067 -0.008256 0.928069
vt 0.468491 -0.008256 0.968244
vt 0.003063 -0.008256 0.968244
vt 0.46508 -0.008256 0.803709
vt 0.01221 -0.008256 0.843459
vt 0.009519 -0.008256 0.7868
vt 0.009713 -0.008256 0.848242
vt 0.463457 -0.008256 0.780588
vt 0.469323 -0.008256 0.761612
vt 0.003753 -0.008256 0.790483
vt 0.007699 -0.008256 0.808061
vt 0.460243 -0.008256 0.834068
vt 0.46858498 -0.008256 0.93936
vt 0.465126 -0.008256 0.924282
vt 0.003895 -0.008256 0.761612
vt 0.003158 -0.008256 0.93936
vt 0.469181 -0.008256 0.790483
vt 0.010291 -0.009274 0.900155
vt 0.007284 -0.009274 0.940512
vt 0.007284 -0.007238 0.940512
vt 0.010291 -0.007238 0.900155
vt 0.003823 -0.007238 0.776047
vt 0.008597 -0.007238 0.79737
vt 0.468538 -0.009274 0.953802
vt 0.464457 -0.009274 0.936049
vt 0.464457 -0.007238 0.936049
vt 0.468538 -0.007238 0.953802
vt 0.469251 -0.007238 0.776047
vt 0.464281 -0.007238 0.792101
vt 0.464281 -0.009274 0.792101
vt 0.469251 -0.009274 0.776047
vt 0.010958 -0.007238 0.84573
vt 0.008597 -0.009274 0.79737
vt 0.010958 -0.009274 0.84573
vt 0.003823 -0.009274 0.776047
vt 0.00311 -0.007238 0.953802
vt 0.461483 -0.009274 0.83768
vt 0.461726 -0.009274 0.892596
vt 0.461483 -0.007238 0.83768
vt 0.461726 -0.007238 0.892596
vt 0.00311 -0.009274 0.953802
vt 0.242939 -0.001371 0.914043
vt 0.240358 -0.002128 0.964239
vt 0.243718 -0.002128 0.918783
vt 0.239941 -0.001372 0.954967
vt 0.242939 -0.001024 0.914043
vt 0.243718 -2.68E-4 0.918783
vt 0.240358 -2.68E-4 0.964239
vt 0.239941 -0.001024 0.954967
vt 0.24503 -0.001024 0.927122
vt 0.244265 -2.68E-4 0.922211
vt 0.24065 -2.68E-4 0.970842
vt 0.241054 -0.001024 0.980165
vt 0.244265 -0.002128 0.922211
vt 0.24065 -0.002128 0.970842
vt 0.24503 -0.001371 0.927122
vt 0.241054 -0.001371 0.980165
vt 0.23577599 -0.001371 0.968471
vt 0.235743 -0.002128 0.979196
vt 0.235743 -2.68E-4 0.979196
vt 0.23577599 -0.001024 0.968471
vt 0.235687 -0.001024 0.997536
vt 0.23572 -2.68E-4 0.986812
vt 0.23572 -0.002128 0.986812
vt 0.235687 -0.001371 0.997536
vt 0.231226 -0.002128 0.959302
vt 0.231704 -0.001371 0.950513
vt 0.231704 -0.001024 0.950513
vt 0.231226 -2.68E-4 0.959302
vt 0.230428 -0.001024 0.974422
vt 0.230891 -2.68E-4 0.965567
vt 0.230428 -0.001371 0.974422
vt 0.230891 -0.002128 0.965567
vt 0.228977 -0.001372 0.9065
vt 0.22816099 -0.002128 0.910383
vt 0.228977 -0.001024 0.9065
vt 0.22816099 -2.68E-4 0.910383
vt 0.226782 -0.001024 0.917275
vt 0.227586 -2.68E-4 0.913206
vt 0.226782 -0.001372 0.917275
vt 0.227586 -0.002128 0.913206
vt 0.228732 -0.001372 0.850856
vt 0.227826 -0.002128 0.848156
vt 0.227826 -2.68E-4 0.848156
vt 0.228732 -0.001024 0.850856
vt 0.226264 -0.001024 0.843834
vt 0.22718 -2.68E-4 0.846316
vt 0.22718 -0.002128 0.846316
vt 0.226264 -0.001372 0.843834
vt 0.230921 -0.002128 0.796099
vt 0.231521 -0.001371 0.804653
vt 0.231521 -0.001024 0.804653
vt 0.230921 -2.68E-4 0.796099
vt 0.229864 -0.001024 0.781594
vt 0.230487 -2.68E-4 0.790056
vt 0.230487 -0.002128 0.790056
vt 0.229864 -0.001371 0.781594
vt 0.236477 -0.001371 0.788348
vt 0.236529 -0.002128 0.777629
vt 0.236529 -2.68E-4 0.777629
vt 0.236477 -0.001024 0.788348
vt 0.23662099 -0.001024 0.759298
vt 0.236567 -2.68E-4 0.770017
vt 0.23662099 -0.001371 0.759298
vt 0.236567 -0.002128 0.770017
vt 0.24191199 -0.002128 0.802041
vt 0.241241 -0.001372 0.80991
vt 0.241241 -0.001024 0.80991
vt 0.24191199 -2.68E-4 0.802041
vt 0.24309 -0.001024 0.788742
vt 0.242396 -2.68E-4 0.796494
vt 0.24309 -0.001372 0.788742
vt 0.242396 -0.002128 0.796494
vt 0.2436 -0.001371 0.858887
vt 0.244515 -0.002128 0.857167
vt 0.244515 -2.68E-4 0.857167
vt 0.2436 -0.001024 0.858887
vt 0.245167 -2.68E-4 0.856024
vt 0.246087 -0.001024 0.854528
vt 0.246087 -0.001371 0.854528
vt 0.245167 -0.002128 0.856024
vt 0.230323 -0.001198 0.976461
vt 0.226598 -0.001198 0.918225
vt 0.24339099 -0.001198 0.859301
vt 0.242759 -0.001198 0.912968
vt 0.241145 -0.001198 0.98231
vt 0.245204 -0.001198 0.928264
vt 0.231815 -0.001198 0.9485
vt 0.229165 -0.001198 0.905624
vt 0.23568 -0.001198 0.999999
vt 0.241088 -0.001198 0.811726
vt 0.226053 -0.001198 0.843283
vt 0.229719 -0.001198 0.779658
vt 0.228939 -0.001198 0.851494
vt 0.243251 -0.001198 0.786971
vt 0.236634 -0.001198 0.756836
vt 0.231657 -0.001198 0.806626
vt 0.23646499 -0.001198 0.79081
vt 0.246299 -0.001198 0.854203
vt 0.239844 -0.001198 0.952842
vt 0.235784 -0.001198 0.966008
vt 0.231058 -0.002396 0.962432
vt 0.227873 -0.002396 0.911788
vt 0.227873 0.0 0.911788
vt 0.231058 0.0 0.962432
vt 0.236548 0.0 0.773823
vt 0.230704 0.0 0.793074
vt 0.240505 -0.002396 0.967539
vt 0.235731 -0.002396 0.983004
vt 0.235731 0.0 0.983004
vt 0.240505 0.0 0.967539
vt 0.242153 0.0 0.799263
vt 0.242153 -0.002396 0.799263
vt 0.236548 -0.002396 0.773823
vt 0.227503 0.0 0.847227
vt 0.227503 -0.002396 0.847227
vt 0.230704 -0.002396 0.793074
vt 0.243992 -0.002396 0.920491
vt 0.244841 -0.002396 0.856587
vt 0.244841 0.0 0.856587
vt 0.243992 0.0 0.920491
vt 0.233113 -0.008404 0.925983
vt 0.236163 -0.009046 0.891447
vt 0.235451 -0.008404 0.888269
vt 0.233535 -0.009046 0.933406
vt 0.233113 -0.008108 0.925983
vt 0.236163 -0.007466 0.891447
vt 0.235451 -0.008108 0.888269
vt 0.233535 -0.007466 0.933406
vt 0.233831 -0.007466 0.938696
vt 0.23424199 -0.008108 0.946169
vt 0.237368 -0.008108 0.897072
vt 0.236665 -0.007466 0.893754
vt 0.23424199 -0.008404 0.946169
vt 0.233831 -0.009046 0.938696
vt 0.236665 -0.009046 0.893754
vt 0.237368 -0.008404 0.897072
vt 0.229562 -0.008404 0.941453
vt 0.229592 -0.009046 0.950566
vt 0.229592 -0.007466 0.950566
vt 0.229562 -0.008108 0.941453
vt 0.229613 -0.007466 0.957038
vt 0.229643 -0.008108 0.966151
vt 0.229643 -0.008404 0.966151
vt 0.229613 -0.009046 0.957038
vt 0.225559 -0.009046 0.937719
vt 0.225927 -0.008404 0.929869
vt 0.225559 -0.007466 0.937719
vt 0.225927 -0.008108 0.929869
vt 0.224943 -0.008108 0.95119697
vt 0.225301 -0.007466 0.943308
vt 0.225301 -0.009046 0.943308
vt 0.224943 -0.008404 0.95119697
vt 0.222662 -0.009046 0.898742
vt 0.223342 -0.008404 0.894814
vt 0.222662 -0.007466 0.898742
vt 0.223342 -0.008108 0.894814
vt 0.221513 -0.008108 0.905633
vt 0.222183 -0.007466 0.901577
vt 0.222183 -0.009046 0.901577
vt 0.221513 -0.008404 0.905633
vt 0.222035 -0.009046 0.846272
vt 0.22282 -0.008404 0.847863
vt 0.222035 -0.007466 0.846272
vt 0.22282 -0.008108 0.847863
vt 0.221475 -0.007466 0.8452
vt 0.220685 -0.008108 0.843773
vt 0.221475 -0.009046 0.8452
vt 0.220685 -0.008404 0.843773
vt 0.224885 -0.008404 0.806504
vt 0.224319 -0.009046 0.799755
vt 0.224885 -0.008108 0.806504
vt 0.224319 -0.007466 0.799755
vt 0.223912 -0.007466 0.794991
vt 0.223329 -0.008108 0.788324
vt 0.223912 -0.009046 0.794991
vt 0.223329 -0.008404 0.788324
vt 0.228906 -0.009046 0.779281
vt 0.22895 -0.008404 0.78839
vt 0.22895 -0.008108 0.78839
vt 0.228906 -0.007466 0.779281
vt 0.228874 -0.007466 0.772813
vt 0.228828 -0.008108 0.763704
vt 0.228874 -0.009046 0.772813
vt 0.228828 -0.008404 0.763704
vt 0.233175 -0.008404 0.802021
vt 0.233679 -0.009046 0.794693
vt 0.233679 -0.007466 0.794693
vt 0.233175 -0.008108 0.802021
vt 0.234042 -0.007466 0.789513
vt 0.234562 -0.008108 0.78225
vt 0.234562 -0.008404 0.78225
vt 0.234042 -0.009046 0.789513
vt 0.235606 -0.008404 0.840953
vt 0.236381 -0.009046 0.838521
vt 0.235606 -0.008108 0.840953
vt 0.236381 -0.007466 0.838521
vt 0.237717 -0.008108 0.834577
vt 0.236934 -0.007466 0.83685
vt 0.236934 -0.009046 0.83685
vt 0.237717 -0.008404 0.834577
vt 0.224861 -0.008256 0.953012
vt 0.22136 -0.008256 0.906576
vt 0.235428 -0.008256 0.841525
vt 0.235287 -0.008256 0.887551
vt 0.234335 -0.008256 0.94789
vt 0.237529 -0.008256 0.897845
vt 0.226012 -0.008256 0.928069
vt 0.223499 -0.008256 0.893922
vt 0.22964899 -0.008256 0.968244
vt 0.23306 -0.008256 0.803709
vt 0.223194 -0.008256 0.786799
vt 0.220503 -0.008256 0.843459
vt 0.223 -0.008256 0.848242
vt 0.228817 -0.008256 0.761612
vt 0.23468299 -0.008256 0.780588
vt 0.22895999 -0.008256 0.790483
vt 0.225014 -0.008256 0.808061
vt 0.23789799 -0.008256 0.834068
vt 0.233015 -0.008256 0.924282
vt 0.229555 -0.008256 0.93936
vt 0.225429 -0.009274 0.940512
vt 0.222422 -0.009274 0.900155
vt 0.222422 -0.007238 0.900155
vt 0.225429 -0.007238 0.940512
vt 0.22889 -0.007238 0.776047
vt 0.224116 -0.007238 0.79737
vt 0.22960299 -0.009274 0.953802
vt 0.233684 -0.009274 0.936049
vt 0.233684 -0.007238 0.936049
vt 0.22960299 -0.007238 0.953802
vt 0.23386 -0.007238 0.792101
vt 0.22889 -0.009274 0.776047
vt 0.23386 -0.009274 0.792101
vt 0.221755 -0.007238 0.84573
vt 0.221755 -0.009274 0.84573
vt 0.224116 -0.009274 0.79737
vt 0.236415 -0.009274 0.892596
vt 0.236657 -0.009274 0.83768
vt 0.236657 -0.007238 0.83768
vt 0.236415 -0.007238 0.892596
# 528 texture coords

g circle121

usemtl Jewelry and tailtip
s 1
f 113/2/2 96/3/3 77/1/1 48/4/4
f 46/6/6 79/7/7 99/8/8 118/5/5
f 120/11/11 97/12/12 50/10/10 49/9/9
f 51/15/15 52/13/13 94/14/14 115/16/16
f 96/3/3 95/18/18 78/17/17 77/1/1
f 79/7/7 80/20/20 100/19/19 99/8/8
f 97/12/12 98/22/22 58/21/21 50/10/10
f 52/13/13 57/23/23 93/24/24 94/14/14
f 95/18/18 84/25/25 53/26/26 78/17/17
f 80/20/20 55/27/27 87/28/28 100/19/19
f 98/22/22 85/29/29 43/30/30 58/21/21
f 57/23/23 41/31/31 82/32/32 93/24/24
f 84/33/25 83/34/33 54/36/34 53/35/26
f 55/38/27 56/37/35 88/40/36 87/39/28
f 85/43/29 86/41/37 44/42/38 43/44/30
f 41/45/31 42/46/39 81/48/40 82/47/32
f 83/34/33 110/50/42 65/49/41 54/36/34
f 56/37/35 66/52/44 107/51/43 88/40/36
f 86/41/37 108/53/45 61/54/46 44/42/38
f 42/46/39 63/55/47 112/56/48 81/48/40
f 110/50/42 109/58/50 71/57/49 65/49/41
f 66/52/44 73/60/52 91/59/51 107/51/43
f 108/53/45 89/61/53 62/62/54 61/54/46
f 63/55/47 64/64/56 111/63/55 112/56/48
f 109/68/50 106/65/57 72/66/58 71/67/49
f 73/72/52 74/71/60 92/69/59 91/70/51
f 89/73/53 90/76/62 67/74/61 62/75/54
f 64/80/56 69/78/63 104/79/64 111/77/55
f 106/65/57 105/82/66 59/81/65 72/66/58
f 74/71/60 60/83/67 102/84/68 92/69/59
f 90/76/62 101/86/70 68/85/69 67/74/61
f 69/78/63 70/87/71 103/88/72 104/79/64
f 105/82/66 114/89/73 47/90/74 59/81/65
f 60/83/67 45/91/75 117/92/76 102/84/68
f 101/86/70 119/94/78 76/93/77 68/85/69
f 70/87/71 75/96/80 116/95/79 103/88/72
f 114/89/73 113/2/2 48/4/4 47/90/74
f 45/91/75 46/6/6 118/5/5 117/92/76
f 119/94/78 120/11/11 49/9/9 76/93/77
f 75/96/80 51/15/15 115/16/16 116/95/79
f 20/97/81 42/46/39 41/45/31 16/98/82
f 16/98/82 43/44/30 44/42/38 20/97/81
f 2/100/84 46/6/6 45/91/75 38/99/83
f 38/99/83 47/90/74 48/4/4 2/100/84
f 4/102/86 49/9/9 50/10/10 8/101/85
f 8/101/85 52/13/13 51/15/15 4/102/86
f 14/104/88 53/35/26 54/36/34 18/103/87
f 18/103/87 56/37/35 55/38/27 14/104/88
f 12/105/89 57/23/23 52/13/13 8/101/85
f 8/101/85 50/10/10 58/21/21 12/105/89
f 16/106/82 41/31/31 57/23/23 12/105/89
f 12/105/89 58/21/21 43/30/30 16/106/82
f 34/107/90 59/81/65 47/90/74 38/99/83
f 38/99/83 45/91/75 60/83/67 34/107/90
f 24/109/92 61/54/46 62/62/54 28/108/91
f 28/108/91 64/64/56 63/55/47 24/109/92
f 18/103/87 54/36/34 65/49/41 22/110/93
f 22/110/93 66/52/44 56/37/35 18/103/87
f 32/112/95 67/74/61 68/85/69 36/111/94
f 36/111/94 70/87/71 69/78/63 32/112/95
f 26/113/96 71/67/49 72/66/58 30/114/97
f 30/114/97 74/71/60 73/72/52 26/113/96
f 4/102/86 51/15/15 75/96/80 40/115/98
f 40/115/98 76/93/77 49/9/9 4/102/86
f 6/116/99 77/1/1 78/17/17 10/117/100
f 10/117/100 80/20/20 79/7/7 6/116/99
f 32/112/95 69/78/63 64/80/56 28/118/91
f 28/118/91 62/75/54 67/74/61 32/112/95
f 10/117/100 78/17/17 53/26/26 14/119/88
f 14/119/88 55/27/27 80/20/20 10/117/100
f 24/109/92 63/55/47 42/46/39 20/97/81
f 20/97/81 44/42/38 61/54/46 24/109/92
f 40/115/98 75/96/80 70/87/71 36/111/94
f 36/111/94 68/85/69 76/93/77 40/115/98
f 26/120/96 73/60/52 66/52/44 22/110/93
f 22/110/93 65/49/41 71/57/49 26/120/96
f 6/116/99 79/7/7 46/6/6 2/100/84
f 2/100/84 48/4/4 77/1/1 6/116/99
f 34/107/90 60/83/67 74/71/60 30/114/97
f 30/114/97 72/66/58 59/81/65 34/107/90
f 13/122/102 82/47/32 81/48/40 17/121/101
f 17/121/101 83/34/33 84/33/25 13/122/102
f 19/124/104 86/41/37 85/43/29 15/123/103
f 15/123/103 87/39/28 88/40/36 19/124/104
f 31/125/105 90/76/62 89/73/53 27/126/106
f 27/126/106 91/70/51 92/69/59 31/125/105
f 5/128/108 94/14/14 93/24/24 9/127/107
f 9/127/107 95/18/18 96/3/3 5/128/108
f 11/130/110 98/22/22 97/12/12 7/129/109
f 7/129/109 99/8/8 100/19/19 11/130/110
f 35/131/111 101/86/70 90/76/62 31/125/105
f 31/125/105 92/69/59 102/84/68 35/131/111
f 29/133/113 104/79/64 103/88/72 33/132/112
f 33/132/112 105/82/66 106/65/57 29/133/113
f 23/135/114 107/51/43 91/59/51 27/134/106
f 27/134/106 89/61/53 108/53/45 23/135/114
f 25/136/115 109/58/50 110/50/42 21/137/116
f 21/137/116 112/56/48 111/63/55 25/136/115
f 25/138/115 111/77/55 104/79/64 29/133/113
f 29/133/113 106/65/57 109/68/50 25/138/115
f 19/124/104 88/40/36 107/51/43 23/135/114
f 23/135/114 108/53/45 86/41/37 19/124/104
f 11/130/110 100/19/19 87/28/28 15/139/103
f 15/139/103 85/29/29 98/22/22 11/130/110
f 21/137/116 110/50/42 83/34/33 17/121/101
f 17/121/101 81/48/40 112/56/48 21/137/116
f 1/141/118 113/2/2 114/89/73 37/140/117
f 37/140/117 116/95/79 115/16/16 1/141/118
f 37/140/117 114/89/73 105/82/66 33/132/112
f 33/132/112 103/88/72 116/95/79 37/140/117
f 39/142/119 117/92/76 118/5/5 3/143/120
f 3/143/120 120/11/11 119/94/78 39/142/119
f 9/127/107 93/24/24 82/32/32 13/144/102
f 13/144/102 84/25/25 95/18/18 9/127/107
f 3/143/120 118/5/5 99/8/8 7/129/109
f 7/129/109 97/12/12 120/11/11 3/143/120
f 35/131/111 102/84/68 117/92/76 39/142/119
f 39/142/119 119/94/78 101/86/70 35/131/111
f 1/141/118 115/16/16 94/14/14 5/128/108
f 5/128/108 96/3/3 113/2/2 1/141/118
f 233/147/123 216/148/124 197/145/121 168/146/122
f 166/149/125 199/150/126 219/151/127 238/152/128
f 240/153/129 217/154/130 170/156/132 169/155/131
f 171/158/134 172/159/135 214/160/136 235/157/133
f 216/148/124 215/161/137 198/162/138 197/145/121
f 199/150/126 200/163/139 220/164/140 219/151/127
f 217/154/130 218/166/142 178/165/141 170/156/132
f 172/159/135 177/168/144 213/167/143 214/160/136
f 215/169/137 204/170/145 173/171/146 198/172/138
f 200/173/139 175/175/147 207/176/148 220/174/140
f 218/179/142 205/178/149 163/180/150 178/177/141
f 177/184/144 161/182/151 202/183/152 213/181/143
f 204/170/145 203/185/153 174/186/154 173/171/146
f 175/175/147 176/187/155 208/188/156 207/176/148
f 205/178/149 206/190/158 164/189/157 163/180/150
f 161/182/151 162/191/159 201/192/160 202/183/152
f 203/185/153 230/193/161 185/194/162 174/186/154
f 176/187/155 186/196/164 227/195/163 208/188/156
f 206/190/158 228/197/165 181/198/166 164/189/157
f 162/191/159 183/200/168 232/199/167 201/192/160
f 230/193/161 229/202/170 191/201/169 185/194/162
f 186/196/164 193/204/172 211/203/171 227/195/163
f 228/197/165 209/206/174 182/205/173 181/198/166
f 183/200/168 184/207/175 231/208/176 232/199/167
f 229/202/170 226/209/177 192/210/178 191/201/169
f 193/204/172 194/211/179 212/212/180 211/203/171
f 209/206/174 210/214/182 187/213/181 182/205/173
f 184/207/175 189/215/183 224/216/184 231/208/176
f 226/217/177 225/220/186 179/219/185 192/218/178
f 194/222/179 180/221/187 222/223/188 212/224/180
f 210/227/182 221/228/190 188/226/189 187/225/181
f 189/230/183 190/232/192 223/229/191 224/231/184
f 225/220/186 234/233/193 167/234/194 179/219/185
f 180/221/187 165/235/195 237/236/196 222/223/188
f 221/228/190 239/237/197 196/238/198 188/226/189
f 190/232/192 195/240/200 236/239/199 223/229/191
f 234/233/193 233/147/123 168/146/122 167/234/194
f 165/235/195 166/149/125 238/152/128 237/236/196
f 239/237/197 240/153/129 169/155/131 196/238/198
f 195/240/200 171/158/134 235/157/133 236/239/199
f 140/241/201 162/191/159 161/182/151 136/242/202
f 136/242/202 163/180/150 164/189/157 140/241/201
f 122/244/204 166/149/125 165/235/195 158/243/203
f 158/243/203 167/234/194 168/146/122 122/244/204
f 124/246/206 169/155/131 170/156/132 128/245/205
f 128/245/205 172/159/135 171/158/134 124/246/206
f 134/248/208 173/171/146 174/186/154 138/247/207
f 138/247/207 176/187/155 175/175/147 134/248/208
f 132/249/209 177/168/144 172/159/135 128/245/205
f 128/245/205 170/156/132 178/165/141 132/249/209
f 136/242/202 161/182/151 177/184/144 132/250/209
f 132/250/209 178/177/141 163/180/150 136/242/202
f 154/251/210 179/219/185 167/234/194 158/243/203
f 158/243/203 165/235/195 180/221/187 154/251/210
f 144/252/211 181/198/166 182/205/173 148/253/212
f 148/253/212 184/207/175 183/200/168 144/252/211
f 138/247/207 174/186/154 185/194/162 142/254/213
f 142/254/213 186/196/164 176/187/155 138/247/207
f 152/256/215 187/225/181 188/226/189 156/255/214
f 156/255/214 190/232/192 189/230/183 152/256/215
f 146/258/217 191/201/169 192/210/178 150/257/216
f 150/257/216 194/211/179 193/204/172 146/258/217
f 124/246/206 171/158/134 195/240/200 160/259/218
f 160/259/218 196/238/198 169/155/131 124/246/206
f 126/261/220 197/145/121 198/162/138 130/260/219
f 130/260/219 200/163/139 199/150/126 126/261/220
f 152/262/215 189/215/183 184/207/175 148/253/212
f 148/253/212 182/205/173 187/213/181 152/262/215
f 130/263/219 198/172/138 173/171/146 134/248/208
f 134/248/208 175/175/147 200/173/139 130/263/219
f 144/252/211 183/200/168 162/191/159 140/241/201
f 140/241/201 164/189/157 181/198/166 144/252/211
f 160/259/218 195/240/200 190/232/192 156/255/214
f 156/255/214 188/226/189 196/238/198 160/259/218
f 146/258/217 193/204/172 186/196/164 142/254/213
f 142/254/213 185/194/162 191/201/169 146/258/217
f 126/261/220 199/150/126 166/149/125 122/244/204
f 122/244/204 168/146/122 197/145/121 126/261/220
f 154/251/210 180/221/187 194/222/179 150/264/216
f 150/264/216 192/218/178 179/219/185 154/251/210
f 133/266/222 202/183/152 201/192/160 137/265/221
f 137/265/221 203/185/153 204/170/145 133/266/222
f 139/268/224 206/190/158 205/178/149 135/267/223
f 135/267/223 207/176/148 208/188/156 139/268/224
f 151/269/225 210/214/182 209/206/174 147/270/226
f 147/270/226 211/203/171 212/212/180 151/269/225
f 125/272/228 214/160/136 213/167/143 129/271/227
f 129/271/227 215/161/137 216/148/124 125/272/228
f 131/274/230 218/166/142 217/154/130 127/273/229
f 127/273/229 219/151/127 220/164/140 131/274/230
f 155/276/231 221/228/190 210/227/182 151/275/225
f 151/275/225 212/224/180 222/223/188 155/276/231
f 149/278/233 224/231/184 223/229/191 153/277/232
f 153/277/232 225/220/186 226/217/177 149/278/233
f 143/279/234 227/195/163 211/203/171 147/270/226
f 147/270/226 209/206/174 228/197/165 143/279/234
f 145/280/235 229/202/170 230/193/161 141/281/236
f 141/281/236 232/199/167 231/208/176 145/280/235
f 145/280/235 231/208/176 224/216/184 149/282/233
f 149/282/233 226/209/177 229/202/170 145/280/235
f 139/268/224 208/188/156 227/195/163 143/279/234
f 143/279/234 228/197/165 206/190/158 139/268/224
f 131/283/230 220/174/140 207/176/148 135/267/223
f 135/267/223 205/178/149 218/179/142 131/283/230
f 141/281/236 230/193/161 203/185/153 137/265/221
f 137/265/221 201/192/160 232/199/167 141/281/236
f 121/285/238 233/147/123 234/233/193 157/284/237
f 157/284/237 236/239/199 235/157/133 121/285/238
f 157/284/237 234/233/193 225/220/186 153/277/232
f 153/277/232 223/229/191 236/239/199 157/284/237
f 159/286/239 237/236/196 238/152/128 123/287/240
f 123/287/240 240/153/129 239/237/197 159/286/239
f 129/288/227 213/181/143 202/183/152 133/266/222
f 133/266/222 204/170/145 215/169/137 129/288/227
f 123/287/240 238/152/128 219/151/127 127/273/229
f 127/273/229 217/154/130 240/153/129 123/287/240
f 155/276/231 222/223/188 237/236/196 159/286/239
f 159/286/239 239/237/197 221/228/190 155/276/231
f 121/285/238 235/157/133 214/160/136 125/272/228
f 125/272/228 216/148/124 233/147/123 121/285/238
f 288/289/241 317/292/244 336/290/242 353/291/243
f 358/294/246 339/295/247 319/296/248 286/293/245
f 289/297/249 290/300/252 337/299/251 360/298/250
f 355/301/253 334/302/254 292/304/256 291/303/255
f 317/292/244 318/305/257 335/306/258 336/290/242
f 339/295/247 340/307/259 320/308/260 319/296/248
f 290/300/252 298/309/261 338/310/262 337/299/251
f 334/302/254 333/311/263 297/312/264 292/304/256
f 318/305/257 293/314/266 324/313/265 335/306/258
f 340/307/259 327/316/268 295/315/267 320/308/260
f 298/309/261 283/317/269 325/318/270 338/310/262
f 333/311/263 322/320/272 281/319/271 297/312/264
f 293/314/266 294/321/273 323/322/274 324/313/265
f 327/316/268 328/324/276 296/323/275 295/315/267
f 283/317/269 284/325/277 326/326/278 325/318/270
f 322/320/272 321/328/280 282/327/279 281/319/271
f 294/321/273 305/329/281 350/330/282 323/322/274
f 328/324/276 347/331/283 306/332/284 296/323/275
f 284/325/277 301/333/285 348/334/286 326/326/278
f 321/328/280 352/335/287 303/336/288 282/327/279
f 305/329/281 311/338/290 349/337/289 350/330/282
f 347/331/283 331/340/292 313/339/291 306/332/284
f 301/333/285 302/341/293 329/342/294 348/334/286
f 352/335/287 351/343/295 304/344/296 303/336/288
f 311/338/290 312/345/297 346/346/298 349/337/289
f 331/340/292 332/347/299 314/348/300 313/339/291
f 302/341/293 307/349/301 330/350/302 329/342/294
f 351/343/295 344/352/304 309/351/303 304/344/296
f 312/345/297 299/354/306 345/353/305 346/346/298
f 332/347/299 342/356/308 300/355/307 314/348/300
f 307/349/301 308/357/309 341/358/310 330/350/302
f 344/352/304 343/360/312 310/359/311 309/351/303
f 299/354/306 287/361/313 354/362/314 345/353/305
f 342/356/308 357/363/315 285/364/316 300/355/307
f 308/357/309 316/366/318 359/365/317 341/358/310
f 343/360/312 356/368/320 315/367/319 310/359/311
f 287/361/313 288/289/241 353/291/243 354/362/314
f 357/363/315 358/294/246 286/293/245 285/364/316
f 316/366/318 289/297/249 360/298/250 359/365/317
f 356/368/320 355/301/253 291/303/255 315/367/319
f 256/369/321 281/319/271 282/327/279 260/370/322
f 260/370/322 284/325/277 283/317/269 256/369/321
f 278/371/323 285/364/316 286/293/245 242/372/324
f 242/372/324 288/289/241 287/361/313 278/371/323
f 248/373/325 290/300/252 289/297/249 244/374/326
f 244/374/326 291/303/255 292/304/256 248/373/325
f 258/376/328 294/321/273 293/314/266 254/375/327
f 254/375/327 295/315/267 296/323/275 258/376/328
f 248/373/325 292/304/256 297/312/264 252/377/329
f 252/377/329 298/309/261 290/300/252 248/373/325
f 252/377/329 297/312/264 281/319/271 256/369/321
f 256/369/321 283/317/269 298/309/261 252/377/329
f 278/371/323 287/361/313 299/354/306 274/378/330
f 274/378/330 300/355/307 285/364/316 278/371/323
f 268/380/332 302/341/293 301/333/285 264/379/331
f 264/379/331 303/336/288 304/344/296 268/380/332
f 262/381/333 305/329/281 294/321/273 258/376/328
f 258/376/328 296/323/275 306/332/284 262/381/333
f 276/382/334 308/357/309 307/349/301 272/383/335
f 272/383/335 309/351/303 310/359/311 276/382/334
f 270/385/337 312/345/297 311/338/290 266/384/336
f 266/384/336 313/339/291 314/348/300 270/385/337
f 280/386/338 315/367/319 291/303/255 244/374/326
f 244/374/326 289/297/249 316/366/318 280/386/338
f 250/388/340 318/305/257 317/292/244 246/387/339
f 246/387/339 319/296/248 320/308/260 250/388/340
f 268/380/332 304/344/296 309/351/303 272/383/335
f 272/383/335 307/349/301 302/341/293 268/380/332
f 254/375/327 293/314/266 318/305/257 250/388/340
f 250/388/340 320/308/260 295/315/267 254/375/327
f 260/370/322 282/327/279 303/336/288 264/379/331
f 264/379/331 301/333/285 284/325/277 260/370/322
f 276/382/334 310/359/311 315/367/319 280/386/338
f 280/386/338 316/366/318 308/357/309 276/382/334
f 262/381/333 306/332/284 313/339/291 266/384/336
f 266/384/336 311/338/290 305/329/281 262/381/333
f 242/372/324 286/293/245 319/296/248 246/387/339
f 246/387/339 317/292/244 288/289/241 242/372/324
f 270/385/337 314/348/300 300/355/307 274/378/330
f 274/378/330 299/354/306 312/345/297 270/385/337
f 257/390/342 321/328/280 322/320/272 253/389/341
f 253/389/341 324/313/265 323/322/274 257/390/342
f 255/392/344 325/318/270 326/326/278 259/391/343
f 259/391/343 328/324/276 327/316/268 255/392/344
f 267/394/346 329/342/294 330/350/302 271/393/345
f 271/393/345 332/347/299 331/340/292 267/394/346
f 249/396/348 333/311/263 334/302/254 245/395/347
f 245/395/347 336/290/242 335/306/258 249/396/348
f 247/398/350 337/299/251 338/310/262 251/397/349
f 251/397/349 340/307/259 339/295/247 247/398/350
f 271/393/345 330/350/302 341/358/310 275/399/351
f 275/399/351 342/356/308 332/347/299 271/393/345
f 273/400/352 343/360/312 344/352/304 269/401/353
f 269/401/353 346/346/298 345/353/305 273/400/352
f 267/394/346 331/340/292 347/331/283 263/402/354
f 263/402/354 348/334/286 329/342/294 267/394/346
f 261/403/355 350/330/282 349/337/289 265/404/356
f 265/404/356 351/343/295 352/335/287 261/403/355
f 269/401/353 344/352/304 351/343/295 265/404/356
f 265/404/356 349/337/289 346/346/298 269/401/353
f 263/402/354 347/331/283 328/324/276 259/391/343
f 259/391/343 326/326/278 348/334/286 263/402/354
f 255/392/344 327/316/268 340/307/259 251/397/349
f 251/397/349 338/310/262 325/318/270 255/392/344
f 257/390/342 323/322/274 350/330/282 261/403/355
f 261/403/355 352/335/287 321/328/280 257/390/342
f 277/406/358 354/362/314 353/291/243 241/405/357
f 241/405/357 355/301/253 356/368/320 277/406/358
f 273/400/352 345/353/305 354/362/314 277/406/358
f 277/406/358 356/368/320 343/360/312 273/400/352
f 243/408/360 358/294/246 357/363/315 279/407/359
f 279/407/359 359/365/317 360/298/250 243/408/360
f 253/389/341 322/320/272 333/311/263 249/396/348
f 249/396/348 335/306/258 324/313/265 253/389/341
f 247/398/350 339/295/247 358/294/246 243/408/360
f 243/408/360 360/298/250 337/299/251 247/398/350
f 279/407/359 357/363/315 342/356/308 275/399/351
f 275/399/351 341/358/310 359/365/317 279/407/359
f 245/395/347 334/302/254 355/301/253 241/405/357
f 241/405/357 353/291/243 336/290/242 245/395/347
f 408/411/363 437/409/361 456/412/364 473/410/362
f 478/414/366 459/416/368 439/413/365 406/415/367
f 409/419/371 410/418/370 457/417/369 480/420/372
f 475/423/375 454/422/374 412/421/373 411/424/376
f 437/409/361 438/425/377 455/426/378 456/412/364
f 459/416/368 460/427/379 440/428/380 439/413/365
f 410/418/370 418/430/382 458/429/381 457/417/369
f 454/422/374 453/432/384 417/431/383 412/421/373
f 438/425/377 413/434/386 444/433/385 455/426/378
f 460/427/379 447/435/387 415/436/388 440/428/380
f 418/430/382 403/437/389 445/438/390 458/429/381
f 453/432/384 442/439/391 401/440/392 417/431/383
f 413/434/386 414/442/394 443/441/393 444/433/385
f 447/435/387 448/443/395 416/444/396 415/436/388
f 403/437/389 404/445/397 446/446/398 445/438/390
f 442/439/391 441/447/399 402/448/400 401/440/392
f 414/442/394 425/450/402 470/449/401 443/441/393
f 448/443/395 467/451/403 426/452/404 416/444/396
f 404/445/397 421/454/406 468/453/405 446/446/398
f 441/447/399 472/455/407 423/456/408 402/448/400
f 425/450/402 431/457/409 469/458/410 470/449/401
f 467/451/403 451/460/412 433/459/411 426/452/404
f 421/454/406 422/462/414 449/461/413 468/453/405
f 472/455/407 471/463/415 424/464/416 423/456/408
f 431/457/409 432/466/418 466/465/417 469/458/410
f 451/460/412 452/468/420 434/467/419 433/459/411
f 422/462/414 427/470/422 450/469/421 449/461/413
f 471/463/415 464/471/423 429/472/424 424/464/416
f 432/466/418 419/473/425 465/474/426 466/465/417
f 452/468/420 462/475/427 420/476/428 434/467/419
f 427/470/422 428/478/430 461/477/429 450/469/421
f 464/471/423 463/480/432 430/479/431 429/472/424
f 419/473/425 407/481/433 474/482/434 465/474/426
f 462/475/427 477/484/436 405/483/435 420/476/428
f 428/478/430 436/485/437 479/486/438 461/477/429
f 463/480/432 476/487/439 435/488/440 430/479/431
f 407/481/433 408/411/363 473/410/362 474/482/434
f 477/484/436 478/414/366 406/415/367 405/483/435
f 436/485/437 409/419/371 480/420/372 479/486/438
f 476/487/439 475/423/375 411/424/376 435/488/440
f 376/489/441 401/440/392 402/448/400 380/490/442
f 380/490/442 404/445/397 403/437/389 376/489/441
f 398/491/443 405/483/435 406/415/367 362/492/444
f 362/492/444 408/411/363 407/481/433 398/491/443
f 368/493/445 410/418/370 409/419/371 364/494/446
f 364/494/446 411/424/376 412/421/373 368/493/445
f 378/496/448 414/442/394 413/434/386 374/495/447
f 374/495/447 415/436/388 416/444/396 378/496/448
f 368/493/445 412/421/373 417/431/383 372/497/449
f 372/497/449 418/430/382 410/418/370 368/493/445
f 372/497/449 417/431/383 401/440/392 376/489/441
f 376/489/441 403/437/389 418/430/382 372/497/449
f 398/491/443 407/481/433 419/473/425 394/498/450
f 394/498/450 420/476/428 405/483/435 398/491/443
f 388/499/451 422/462/414 421/454/406 384/500/452
f 384/500/452 423/456/408 424/464/416 388/499/451
f 382/501/453 425/450/402 414/442/394 378/496/448
f 378/496/448 416/444/396 426/452/404 382/501/453
f 396/503/455 428/478/430 427/470/422 392/502/454
f 392/502/454 429/472/424 430/479/431 396/503/455
f 390/504/456 432/466/418 431/457/409 386/505/457
f 386/505/457 433/459/411 434/467/419 390/504/456
f 400/506/458 435/488/440 411/424/376 364/494/446
f 364/494/446 409/419/371 436/485/437 400/506/458
f 370/508/460 438/425/377 437/409/361 366/507/459
f 366/507/459 439/413/365 440/428/380 370/508/460
f 388/499/451 424/464/416 429/472/424 392/502/454
f 392/502/454 427/470/422 422/462/414 388/499/451
f 374/495/447 413/434/386 438/425/377 370/508/460
f 370/508/460 440/428/380 415/436/388 374/495/447
f 380/490/442 402/448/400 423/456/408 384/500/452
f 384/500/452 421/454/406 404/445/397 380/490/442
f 396/503/455 430/479/431 435/488/440 400/506/458
f 400/506/458 436/485/437 428/478/430 396/503/455
f 382/501/453 426/452/404 433/459/411 386/505/457
f 386/505/457 431/457/409 425/450/402 382/501/453
f 362/492/444 406/415/367 439/413/365 366/507/459
f 366/507/459 437/409/361 408/411/363 362/492/444
f 390/504/456 434/467/419 420/476/428 394/498/450
f 394/498/450 419/473/425 432/466/418 390/504/456
f 377/510/462 441/447/399 442/439/391 373/509/461
f 373/509/461 444/433/385 443/441/393 377/510/462
f 375/512/464 445/438/390 446/446/398 379/511/463
f 379/511/463 448/443/395 447/435/387 375/512/464
f 387/514/466 449/461/413 450/469/421 391/513/465
f 391/513/465 452/468/420 451/460/412 387/514/466
f 369/515/467 453/432/384 454/422/374 365/516/468
f 365/516/468 456/412/364 455/426/378 369/515/467
f 367/517/469 457/417/369 458/429/381 371/518/470
f 371/518/470 460/427/379 459/416/368 367/517/469
f 391/513/465 450/469/421 461/477/429 395/519/471
f 395/519/471 462/475/427 452/468/420 391/513/465
f 393/521/473 463/480/432 464/471/423 389/520/472
f 389/520/472 466/465/417 465/474/426 393/521/473
f 387/514/466 451/460/412 467/451/403 383/522/474
f 383/522/474 468/453/405 449/461/413 387/514/466
f 381/523/475 470/449/401 469/458/410 385/524/476
f 385/524/476 471/463/415 472/455/407 381/523/475
f 389/520/472 464/471/423 471/463/415 385/524/476
f 385/524/476 469/458/410 466/465/417 389/520/472
f 383/522/474 467/451/403 448/443/395 379/511/463
f 379/511/463 446/446/398 468/453/405 383/522/474
f 375/512/464 447/435/387 460/427/379 371/518/470
f 371/518/470 458/429/381 445/438/390 375/512/464
f 377/510/462 443/441/393 470/449/401 381/523/475
f 381/523/475 472/455/407 441/447/399 377/510/462
f 397/526/478 474/482/434 473/410/362 361/525/477
f 361/525/477 475/423/375 476/487/439 397/526/478
f 393/521/473 465/474/426 474/482/434 397/526/478
f 397/526/478 476/487/439 463/480/432 393/521/473
f 363/528/480 478/414/366 477/484/436 399/527/479
f 399/527/479 479/486/438 480/420/372 363/528/480
f 373/509/461 442/439/391 453/432/384 369/515/467
f 369/515/467 455/426/378 444/433/385 373/509/461
f 367/517/469 459/416/368 478/414/366 363/528/480
f 363/528/480 480/420/372 457/417/369 367/517/469
f 399/527/479 477/484/436 462/475/427 395/519/471
f 395/519/471 461/477/429 479/486/438 399/527/479
f 365/516/468 454/422/374 475/423/375 361/525/477
f 361/525/477 473/410/362 456/412/364 365/516/468
# 480 polygons

#
# object Object
#

v -2.851425 3.161337 -1.732681
v -2.760611 3.231915 -1.631361
v -2.8512769 3.180787 -1.518846
v -2.942092 3.110208 -1.620166
v -2.493131 2.801666 -1.737078
v -2.422761 2.947594 -1.605735
v -2.50194 2.836726 -1.45093
v -2.57231 2.690797 -1.582274
v -1.300013 2.48594 -1.622524
v -1.297069 2.667743 -1.484912
v -1.360996 2.538337 -1.310414
v -1.36394 2.356534 -1.448026
v -0.634224 2.409779 -1.407394
v -0.665364 2.613038 -1.2683719
v -0.838448 2.482513 -1.112712
v -0.807308 2.279254 -1.251734
v 0.003547 1.820189 -0.413417
v -0.038868 2.080572 -0.242243
v -0.315191 1.969293 -0.141441
v -0.272775 1.70891 -0.312615
v -1.994337 1.404545 -1.304479
v -1.938567 1.374576 -1.36258
v -1.99442 1.393577 -1.425059
v -2.05019 1.423546 -1.366958
v -1.330411 2.524632 -1.32913
v -1.211936 2.441997 -1.46017
v -1.330599 2.499647 -1.603808
v -1.449073 2.582282 -1.472768
v -1.216183 1.217757 -1.022475
v -1.15415 1.192666 -1.145752
v -1.216354 1.195111 -1.271449
v -1.278388 1.220201 -1.148172
v -0.736235 2.459653 -1.111567
v -0.597219 2.392725 -1.255289
v -0.736439 2.432642 -1.4085389
v -0.875455 2.49957 -1.264816
v -2.497635 2.806145 -1.737483
v -2.368628 2.755115 -1.588265
v -2.497436 2.832246 -1.450526
v -2.626443 2.883276 -1.599744
v -2.921233 1.967479 -1.587121
v -2.856814 1.944892 -1.514231
v -2.921136 1.980267 -1.446524
v -2.985555 2.002854 -1.519414
v -3.542368 0.446668 -1.440887
v -3.480037 0.43799 -1.376736
v -3.542281 0.458108 -1.315118
v -3.6046119 0.466785 -1.379269
v -0.024817 1.846032 -0.455623
v -0.295527 1.7347699 -0.353455
v -0.066539 2.102607 -0.286753
v -0.337249 1.991344 -0.184585
v -3.105769 3.615889 -1.666047
v -3.050792 3.636232 -1.728969
v -2.9957309 3.667587 -1.670826
v -3.050708 3.647244 -1.607904
v -3.128152 3.685041 -1.672322
v -3.07798 3.711032 -1.620083
v -3.027884 3.727165 -1.676223
v -3.078055 3.701174 -1.728462
v -3.127781 3.946156 -1.696072
v -3.636858 -0.896626 -1.299929
v -3.59245 -0.896046 -1.255318
v -3.681204 -0.889143 -1.255884
v -3.636797 -0.888562 -1.211274
v -3.640329 -0.945964 -1.294752
v -3.596579 -0.945044 -1.250858
v -3.640268 -0.938024 -1.20746
v -3.684018 -0.938945 -1.251353
v -3.641627 -1.067974 -1.239646
v -2.303786 0.190444 -1.254622
v -2.356675 0.201737 -1.311168
v -2.409489 0.223053 -1.257516
v -2.356599 0.21176 -1.20097
v -2.427997 0.161214 -1.251878
v -2.375335 0.140343 -1.305301
v -2.322599 0.129447 -1.249061
v -2.3752599 0.150318 -1.195638
v -2.40322 -0.050363 -1.232646
v -1.213673 0.561743 -1.088324
v -1.261365 0.554507 -1.21315
v -1.308887 0.569916 -1.089002
v -1.261194 0.577153 -0.964176
v -1.311581 0.512474 -1.083776
v -1.265341 0.49792 -1.208001
v -1.218931 0.506011 -1.083252
v -1.26517 0.520566 -0.959027
v -1.267696 0.278645 -1.062538
v -1.3279 2.271646 -1.444595
v -1.436539 2.323128 -1.575281
v -1.545007 2.397358 -1.455881
v -1.436368 2.345875 -1.325195
v -0.955438 2.245613 -1.241662
v -0.831703 2.18699 -1.381326
v -0.707771 2.154512 -1.233546
v -0.831506 2.213135 -1.093882
v -2.440269 2.636216 -1.5774
v -2.559798 2.683072 -1.715417
v -2.679143 2.754075 -1.587955
v -2.559614 2.707219 -1.4499379
v -0.639053 2.441297 -1.385837
v -0.029998 1.877896 -0.434651
v -0.661019 2.389573 -1.383297
v -0.058424 1.83222 -0.442939
v -3.026003 3.656385 -1.636179
v -3.052357 3.719284 -1.648797
v -3.075357 3.633207 -1.633933
v -3.103094 3.698022 -1.646231
v -2.479771 2.82937 -1.712143
v -2.828352 3.179269 -1.706938
v -2.508044 2.780784 -1.707921
v -2.874421 3.148369 -1.704144
v -2.8743129 3.162884 -1.544547
v -2.828242 3.193776 -1.547432
v -3.026049 3.650322 -1.702842
v -3.075404 3.627125 -1.7008
v -2.486927 2.857748 -1.480283
v -1.350119 2.560355 -1.340103
v -2.515176 2.809277 -1.475635
v -1.361497 2.507392 -1.333837
v -3.052394 3.714468 -1.701742
v -3.103131 3.693099 -1.700361
v -3.127966 3.815577 -1.684195
v -3.075641 3.831857 -1.685712
v -0.811567 2.502784 -1.136887
v -0.833618 2.450988 -1.134274
v -0.281353 1.98292 -0.153785
v -0.303613 2.005169 -0.19728
v -0.309997 1.937407 -0.162403
v -0.332067 1.959477 -0.205559
v -1.299512 2.516851 -1.599126
v -1.310885 2.463931 -1.592846
v -0.030286 1.806564 -0.401074
v -0.001645 1.852071 -0.392458
v -2.429224 2.934192 -1.617798
v -1.297313 2.652629 -1.496352
v -2.430044 2.937396 -1.591495
v -1.30238 2.656992 -1.470413
v -2.56498 2.701061 -1.596605
v -1.358627 2.367289 -1.462529
v -2.565788 2.704322 -1.5701
v -1.363696 2.371632 -1.436597
v -0.298058 1.750337 -0.343209
v -0.809667 2.294652 -1.241203
v -0.279095 1.741523 -0.359656
v -0.794173 2.289159 -1.263546
v -3.115311 3.755766 -1.664879
v -3.115638 3.691524 -1.659292
v -3.11533 3.753261 -1.69242
v -3.115656 3.689065 -1.686324
v -0.663005 2.597638 -1.278905
v -0.678456 2.603165 -1.256598
v -3.064015 3.7731519 -1.693729
v -3.115389 3.885105 -1.704144
v -3.063997 3.77556 -1.667251
v -3.11537 3.887561 -1.677135
v -2.930819 3.118968 -1.60759
v -2.930838 3.116554 -1.634131
v -3.093702 3.620354 -1.679858
v -3.093684 3.62277 -1.653286
v -3.0077739 3.660729 -1.683543
v -2.77187 3.223164 -1.643923
v -3.007755 3.663137 -1.657064
v -2.771852 3.225576 -1.617412
v -0.064008 2.087041 -0.296999
v -0.082957 2.09586 -0.280557
v -0.256245 1.715567 -0.318645
v -0.275313 1.724487 -0.302375
v -0.055395998 2.073916 -0.236213
v -0.03633 2.064997 -0.252482
v -3.040153 3.72081 -1.688998
v -3.040135 3.7232199 -1.662494
v -0.812066 2.181843 -1.35791
v -1.202587 1.19457 -1.243629
v -0.851314 2.196281 -1.359191
v -1.230099 1.20067 -1.244134
v -2.01465 1.404448 -1.403984
v -1.455491 2.336098 -1.554419
v -1.974228 1.386708 -1.402472
v -1.417568 2.314138 -1.55246
v -2.901234 1.960467 -1.564492
v -2.54012 2.675358 -1.692695
v -2.941229 1.978477 -1.566072
v -2.57945 2.694764 -1.694428
v -2.396333 0.148665 -1.284
v -2.377592 0.210179 -1.289919
v -2.353866 0.135907 -1.282405
v -2.335727 0.197264 -1.288772
v -1.417426 2.332913 -1.346046
v -1.974175 1.393711 -1.325484
v -1.45535 2.354871 -1.34803
v -2.014597 1.411437 -1.327143
v -2.369664 0.024477 -1.239478
v -2.413117 0.034152 -1.240328
v -2.477984 2.798372 -1.714753
v -2.517256 2.817895 -1.716501
v -3.66235 -0.938489 -1.229614
v -3.658659 -0.888848 -1.233236
v -3.617998 -0.941602 -1.229582
v -3.614962 -0.892247 -1.23296
v -1.253862 0.499921 -1.177146
v -1.25032 0.556182 -1.184243
v -1.276656 0.501481 -1.177602
v -1.27237 0.558075 -1.1844
v -0.756872 2.442479 -1.387414
v -0.715976 2.426775 -1.386014
v -2.353821 0.141821 -1.217387
v -2.396288 0.154662 -1.218062
v -1.254907 0.338275 -1.06797
v -1.278976 0.33874398 -1.067996
v -0.8119 2.203846 -1.116012
v -1.202453 1.212203 -1.04976
v -0.851147 2.218282 -1.117304
v -1.229966 1.218298 -1.050326
v -1.311569 2.51149 -1.34997
v -1.349283 2.533801 -1.351974
v -3.618227 -1.004117 -1.24547
v -3.618028 -0.945495 -1.272378
v -3.663223 -1.002238 -1.24561
v -3.66238 -0.942421 -1.272846
v -3.563904 0.461118 -1.337372
v -3.520672 0.451123 -1.33651
v -3.614993 -0.896341 -1.277964
v -3.520729 0.44365498 -1.4186159
v -3.65869 -0.892942 -1.278245
v -3.563962 0.453647 -1.419511
v -2.941162 1.987289 -1.469184
v -2.901167 1.969285 -1.467544
v -1.311727 2.490479 -1.580964
v -1.349441 2.51279 -1.582968
v -1.253734 0.516966 -0.989751
v -1.250189 0.573584 -0.992926
v -1.276527 0.518585 -0.989554
v -1.272239 0.575477 -0.993083
v -2.477815 2.820497 -1.471507
v -2.539966 2.69553 -1.470923
v -2.517087 2.84002 -1.473255
v -2.579296 2.714934 -1.472665
v -0.756698 2.46552 -1.134092
v -0.715802 2.449816 -1.132692
v -2.335681 0.203317 -1.22222
v -2.377547 0.216233 -1.223365
v -0.717396 2.159072 -1.222681
v -1.16089 1.195393 -1.132358
v -0.717412 2.157038 -1.245042
v -1.160909 1.192932 -1.15941
v -1.3371919 2.278005 -1.434367
v -1.948485 1.3799059 -1.352248
v -1.337207 2.276056 -1.45579
v -1.9485 1.377955 -1.373691
v -2.449919 2.639999 -1.5885429
v -2.866633 1.948335 -1.525341
v -2.449904 2.641948 -1.56711
v -2.866618 1.950284 -1.503912
v -1.221174 2.44844 -1.449953
v -1.221188 2.446492 -1.47137
v -1.254749 0.36277398 -1.084516
v -1.267427 0.303691 -1.079153
v -1.254729 0.365356 -1.056116
v -1.267408 0.306278 -1.050714
v -3.641284 -1.035209 -1.231531
v -3.662775 -0.969503 -1.237397
v -3.6413 -1.037211 -1.25354
v -3.66279 -0.971523 -1.259596
v -3.603168 -0.896186 -1.266085
v -3.607409 -0.945271 -1.261724
v -3.603154 -0.89424 -1.244687
v -3.607394 -0.94330597 -1.240115
v -2.378262 2.758927 -1.599408
v -2.378247 2.760875 -1.577978
v -3.673107 -0.94069797 -1.2621909
v -3.673092 -0.938715 -1.240391
v -2.314041 0.194583 -1.244204
v -2.332895 0.133528 -1.238616
v -2.314056 0.192637 -1.265602
v -2.332909 0.131578 -1.260057
v -3.490638 0.439466 -1.387646
v -3.490624 0.441412 -1.366256
v -2.040305 1.418234 -1.377256
v -1.53572 2.391002 -1.466104
v -2.040291 1.420178 -1.355884
v -1.535706 2.39295 -1.444693
v -1.219087 0.560922 -1.102496
v -1.219068 0.563493 -1.07423
v -2.397653 -0.0122919995 -1.24715
v -2.40744 0.072883 -1.2550989
v -2.397638 -0.0103 -1.225258
v -2.407425 0.074912 -1.232798
v -0.607246 2.397553 -1.244923
v -0.607261 2.395604 -1.266343
v -3.61811 -0.972245 -1.23737
v -3.618125 -0.97423 -1.259188
v -2.97575 1.999417 -1.50832
v -2.669495 2.750293 -1.576816
v -2.975765 1.99747 -1.529719
v -2.66951 2.748344 -1.598243
v -1.306282 0.513397 -1.069535
v -1.303471 0.570738 -1.074829
v -1.306302 0.510812 -1.097957
v -1.303491 0.568166 -1.103099
v -3.6705 -0.89095 -1.266516
v -3.670485 -0.889003 -1.245116
v -1.271656 1.217478 -1.16155
v -0.945821 2.241057 -1.2525179
v -1.271637 1.219936 -1.134531
v -0.945805 2.243089 -1.230176
v -1.278605 0.365978 -1.0561169
v -1.2786239 0.363388 -1.084594
v -3.594003 0.465308 -1.36835
v -3.594018 0.463361 -1.389756
v -2.417489 0.159043 -1.240673
v -2.399218 0.22086 -1.246536
v -2.417504 0.157055 -1.262523
v -2.399233 0.218914 -1.267934
v -1.439821 2.577787 -1.461568
v -1.439836 2.575839 -1.482985
v -2.36443 0.063249 -1.232179
v -2.364444 0.061295 -1.253662
v -1.224222 0.505089 -1.097474
v -1.224202 0.507671 -1.069089
v -0.865413 2.496691 -1.253763
v -0.865428 2.494743 -1.275183
v -2.616824 2.877516 -1.61003
v -2.616809 2.879465 -1.5886
v -0.695591 2.600463 -1.290076
v -0.671772 2.44504 -1.396403
v -0.646536 2.5836 -1.251909
v -0.622374 2.425869 -1.35979
v -2.395002 2.925679 -1.614126
v -2.445783 2.82037 -1.708889
v -2.455929 2.956714 -1.619834
v -2.505062 2.854757 -1.711766
v -2.842004 3.2118 -1.706655
v -2.788262 3.253569 -1.646676
v -2.80387 3.154695 -1.707304
v -2.744981 3.200487 -1.641873
v -2.952909 3.143631 -1.623198
v -2.941644 3.149983 -1.637165
v -2.919191 3.084234 -1.617819
v -2.907954 3.0905669 -1.631784
v -2.849469 3.138423 -1.539779
v -2.907939 3.092978 -1.60524
v -2.887732 3.194277 -1.550513
v -2.941626 3.152397 -1.610622
v -2.459274 2.792707 -1.733828
v -2.474323 2.771859 -1.704679
v -2.518034 2.826665 -1.736773
v -2.532577 2.805398 -1.707668
v -2.38874 2.939136 -1.602083
v -2.396226 2.928987 -1.587864
v -2.449386 2.97 -1.607754
v -2.456548 2.959742 -1.593505
v -2.86496 3.193576 -1.732429
v -2.826767 3.136584 -1.732984
v -2.887836 3.180325 -1.703921
v -2.849585 3.123452 -1.7044
v -2.826617 3.156499 -1.514052
v -2.864816 3.212453 -1.524892
v -2.5893779 2.73112 -1.572523
v -2.539909 2.833629 -1.4803799
v -2.531949 2.694957 -1.566342
v -2.481118 2.800365 -1.471449
v -0.871698 2.486065 -1.125292
v -0.84592 2.506456 -1.14985
v -0.822903 2.467279 -1.083925
v -0.795371 2.486918 -1.106928
v -2.53865 2.681486 -1.578534
v -2.531502 2.691798 -1.592884
v -2.595751 2.717385 -1.584676
v -2.58824 2.727477 -1.59899
v -0.840736 2.283895 -1.263522
v -0.828692 2.293937 -1.275715
v -0.79151 2.262446 -1.224005
v -0.777713 2.271658 -1.23466
v -2.777016 3.262312 -1.634115
v -2.733694 3.209263 -1.62932
v -2.511857 2.882292 -1.485188
v -2.45337 2.848969 -1.476145
v -2.7449589 3.202902 -1.615372
v -2.803764 3.169678 -1.542616
v -2.788244 3.25598 -1.620167
v -2.841899 3.225724 -1.553561
v -0.643243 2.373132 -1.355558
v -0.696416 2.3936229 -1.394711
v -2.468131 2.827884 -1.446766
v -2.526762 2.861173 -1.455756
v -0.617001 2.393847 -1.380495
v -0.668275 2.4136739 -1.418397
v -0.660927 2.588232 -1.227867
v -0.648366 2.598549 -1.240508
v -0.713738 2.606209 -1.268689
v -0.699296 2.615976 -1.280003
v -0.842011 2.299146 -1.25261
v -0.794528 2.278545 -1.214631
v -0.865788 2.454425 -1.146435
v -0.818713 2.436381 -1.106674
# 396 vertices

vn 0.4545 0.46899998 -0.7571
vn 0.45679998 0.4673 -0.75689995
vn 0.459 0.4745 -0.751
vn 0.4613 0.4721 -0.751
vn 0.4565 0.5994 0.6574
vn 0.46019998 0.60289997 0.6516
vn 0.4583 0.59779996 0.6576
vn 0.4622 0.6009 0.652
vn -0.53569996 -0.40359998 0.7416
vn -0.5373 -0.4021 0.7413
vn -0.5316 -0.3992 0.74689996
vn -0.5333 -0.3972 0.7467
vn -0.5352 -0.5299 -0.6577
vn -0.5319 -0.5272 -0.6626
vn -0.5333 -0.5256 -0.6627
vn -0.5366 -0.5287 -0.6576
vn 0.2294 0.5869 -0.77639997
vn 0.2701 0.57839996 -0.7696
vn 0.2703 0.5783 -0.7696
vn 0.2296 0.5868 -0.77639997
vn 0.1261 0.77459997 0.6196
vn 0.0018 0.8042 0.59419996
vn 0.0023 0.8041 0.5944
vn 0.12619999 0.77459997 0.6196
vn -0.24689999 -0.5804 0.7759
vn -0.2959 -0.5733 0.7639
vn -0.29549998 -0.57339996 0.764
vn -0.2471 -0.5804 0.7759
vn -0.0266 -0.7969 -0.6035
vn -0.026099999 -0.797 -0.60319996
vn -0.1433 -0.7686 -0.6234
vn -0.1434 -0.7685 -0.6234
vn 0.31039998 0.56909996 -0.76129997
vn 0.3108 0.569 -0.76119995
vn -0.1218 0.8215 0.55689996
vn -0.120699994 0.82119995 0.55759996
vn -0.3437 -0.56479996 0.75009996
vn -0.34329998 -0.56479996 0.7503
vn 0.092199996 -0.8124 -0.57559997
vn 0.091199994 -0.8121 -0.5762
vn 0.7919 0.2866 -0.539
vn -0.085599996 0.8059 -0.5857
vn 0.7919 0.2866 -0.539
vn -0.085599996 0.8059 -0.5858
vn 0.7926 0.37899998 0.47739998
vn -0.0849 0.89839995 0.4308
vn -0.0849 0.8983 0.43089998
vn 0.7926 0.3791 0.47739998
vn 0.73539996 0.5029 0.454
vn -0.23009999 0.8793 0.4168
vn 0.7331 0.4195 -0.5352
vn -0.2355 0.876 0.4208
vn -0.23079999 0.7897 -0.5683
vn 0.7338 0.50909996 0.4497
vn -0.23619999 0.78569996 -0.57159996
vn 0.73469996 0.4127 -0.53819996
vn -0.152 0.8875 0.4349
vn -0.152 0.8874 0.435
vn -0.15269999 0.7944 -0.5877
vn 0.7668 0.4306 0.47579998
vn 0.7668 0.4306 0.4759
vn 0.7661 0.3376 -0.54679996
vn 0.7661 0.3376 -0.54679996
vn -0.15269999 0.7944 -0.5877
vn 0.63119996 -0.38009998 -0.676
vn 0.6311 -0.38009998 -0.676
vn 0.6825 -0.2289 -0.694
vn 0.6825 -0.2289 -0.694
vn 0.6835 -0.099999994 0.723
vn 0.6321 -0.252 0.7326
vn 0.6835 -0.099999994 0.723
vn 0.6321 -0.2519 0.7326
vn -0.6554 0.3277 0.68039995
vn -0.6554 0.3277 0.68039995
vn -0.6853 0.2163 0.6953
vn -0.6853 0.2164 0.6953
vn -0.6863 0.0874 -0.7219
vn -0.65639997 0.1997 -0.7274
vn -0.6863 0.0874 -0.7219
vn -0.65639997 0.1996 -0.7274
vn 0.116299994 -0.8189 -0.56189996
vn 0.117699996 -0.81409997 -0.5685
vn 0.1171 -0.81369996 -0.5693
vn 0.117 -0.8193 -0.5611
vn 0.1161 -0.80979997 -0.5749
vn 0.115499996 -0.8093 -0.57589996
vn 0.8671 0.3647 -0.3392
vn 0.8635 0.36769998 -0.3451
vn 0.8635 0.3676 -0.3451
vn 0.8671 0.3647 -0.3392
vn 0.8598 0.3707 -0.3509
vn 0.8598 0.3707 -0.3509
vn -0.89049995 -0.3418 0.29999998
vn -0.8939 -0.3385 0.29369998
vn -0.89379996 -0.3385 0.29369998
vn -0.89049995 -0.3418 0.3001
vn -0.8972 -0.3351 0.2875
vn -0.8972 -0.3351 0.2874
vn -0.15179999 0.8408 0.5194
vn -0.1525 0.83599997 0.527
vn -0.1533 0.83629996 0.5263
vn -0.1524 0.8412 0.5186
vn -0.1539 0.8452 0.5117
vn -0.15339999 0.8447 0.51269996
vn -0.67719996 -0.28039998 -0.68009996
vn -0.7105 -0.17119999 -0.6825
vn -0.6775 -0.2798 -0.68009996
vn -0.7105 -0.1709 -0.6825
vn -0.67969996 -0.2811 -0.6774
vn -0.6799 -0.2807 -0.6774
vn 0.6216 0.26819998 -0.7359
vn 0.62189996 0.2676 -0.73579997
vn 0.6335 0.2483 -0.7327
vn 0.6336 0.2479 -0.7327
vn 0.6193 0.2663 -0.7385
vn 0.6191 0.2668 -0.7385
vn -0.70949996 -0.045199998 0.7032
vn -0.6762 -0.153 0.7205
vn -0.67649996 -0.1524 0.7204
vn -0.7096 -0.0449 0.70309997
vn -0.6787 -0.1542 0.7179
vn -0.6789 -0.1537 0.71779996
vn 0.63449997 0.37629998 0.675
vn 0.6346 0.376 0.67509997
vn 0.62259996 0.3965 0.6745
vn 0.6229 0.39589998 0.6746
vn 0.6203 0.3951 0.6774
vn 0.62009996 0.3956 0.6774
vn -0.7351 0.0624 0.675
vn -0.73609996 -0.0602 -0.6741
vn 0.6443 0.35529998 0.6771
vn 0.6434 0.2272 -0.731
vn 0.6936 -0.21689999 -0.6868
vn 0.7039 -0.122899994 -0.69949996
vn 0.7039 -0.122899994 -0.69949996
vn 0.6936 -0.21689999 -0.6868
vn -0.70849997 -0.15799999 -0.6877
vn -0.70669997 -0.0244 -0.70699996
vn -0.70849997 -0.15799999 -0.6877
vn -0.70669997 -0.0244 -0.70699996
vn -0.7057 0.103599995 0.7008
vn -0.7057 0.103599995 0.7008
vn -0.7076 -0.0312 0.70589995
vn -0.7076 -0.0312 0.70589995
vn 0.6946 -0.089499995 0.7137
vn 0.7048 0.0050999997 0.70919997
vn 0.7048 0.0050999997 0.70919997
vn 0.6946 -0.089499995 0.7137
vn 0.6777 -0.18339999 0.7119
vn 0.6768 -0.3089 -0.6681
vn -0.6976 -0.28869998 -0.6556
vn -0.6967 -0.1655 0.6979
vn 0.67539996 -0.2708 -0.6859
vn 0.6622 -0.3117 -0.6813
vn 0.6622 -0.3117 -0.6813
vn 0.67539996 -0.2708 -0.6859
vn 0.6343 -0.3674 -0.68009996
vn 0.6343 -0.3673 -0.68009996
vn -0.6781 0.1371 -0.7219
vn -0.713 -0.0045 -0.701
vn -0.6781 0.1371 -0.7219
vn -0.713 -0.0045 -0.701
vn -0.6547 0.19839999 -0.72929996
vn -0.6547 0.19829999 -0.72929996
vn 0.6763 -0.1427 0.72249997
vn 0.6631 -0.1837 0.7255
vn 0.6631 -0.1837 0.7255
vn 0.6763 -0.1427 0.72249997
vn 0.6353 -0.2386 0.7344
vn 0.63519996 -0.23869999 0.7344
vn -0.71209997 0.121999994 0.6913
vn -0.71209997 0.121999994 0.6913
vn -0.67719996 0.2652 0.6863
vn -0.67719996 0.2652 0.6863
vn -0.6537 0.3268 0.6824
vn -0.6537 0.3268 0.6824
vn 0.6477 -0.35209998 -0.6756
vn 0.6487 -0.2244 0.72709996
vn -0.7324 -0.1462 -0.6649
vn -0.73149997 -0.023699999 0.6813
vn 0.9262 -0.1704 -0.33609998
vn 0.9223 -0.106 -0.3714
vn 0.92689997 -0.16579999 -0.3365
vn 0.92149997 -0.1151 -0.3707
vn 0.8434 -0.24049999 -0.48029998
vn 0.8401 -0.254 -0.4791
vn -0.92399997 0.022799999 -0.3816
vn -0.93579996 -0.093499996 -0.3398
vn -0.936 -0.088999994 -0.34039998
vn -0.9246 0.0139999995 -0.38059998
vn -0.85099995 0.119799994 -0.5112
vn -0.8537 0.1065 -0.5096
vn -0.9353 -0.030499998 0.3524
vn -0.93549997 -0.025999999 0.3522
vn -0.9235 0.0914 0.3725
vn -0.92399997 0.082499996 0.37309998
vn -0.853 0.1968 0.48319998
vn -0.85029995 0.2101 0.48229998
vn 0.9228 -0.0374 0.3832
vn 0.922 -0.0464 0.38419998
vn 0.9267 -0.107 0.35999998
vn 0.9274 -0.1025 0.3597
vn 0.8441 -0.14989999 0.5147
vn 0.8408 -0.1634 0.5159
vn 0.918 -0.16399999 0.36089998
vn -0.92469996 -0.1414 0.3532
vn 0.91749996 -0.22649999 -0.3266
vn -0.9252 -0.20269999 -0.3206
vn 0.5858 -0.4597 -0.6673
vn 0.5859 -0.4596 -0.6674
vn -0.62869996 0.2591 -0.7331
vn -0.6288 0.259 -0.7331
vn 0.5868 -0.3317 0.7385
vn 0.5868 -0.33179998 0.7385
vn -0.6278 0.3872 0.67509997
vn -0.6278 0.38709998 0.67509997
vn -0.727 0.1963 -0.65779996
vn -0.7324 0.1805 -0.65639997
vn 0.7035 -0.3712 -0.6058
vn 0.7098 -0.35549998 -0.60789996
vn 0.7107 -0.2401 0.6611
vn 0.7044 -0.2559 0.6619
vn -0.7262 0.3118 0.61259997
vn -0.73149997 0.2961 0.61399996
vn 0.607 -0.42679998 -0.6703
vn 0.6069 -0.4269 -0.6702
vn -0.6563 0.2013 -0.727
vn -0.65639997 0.2012 -0.727
vn 0.608 -0.29889998 0.73539996
vn 0.60789996 -0.299 0.73539996
vn -0.65529996 0.3292 0.67969996
vn -0.6554 0.3292 0.67969996
vn 0.69449997 -0.3161 -0.6462
vn 0.6985 -0.3227 -0.6386
vn -0.0497 0.2342 0.9709
vn -0.0372 0.17199999 0.98429996
vn -0.049999997 -0.037499998 -0.99799997
vn -0.0556 -0.042999998 -0.9975
vn -0.040799998 0.1705 0.9845
vn -0.0422 -0.0099 -0.99899995
vn -0.038599998 -0.0084 -0.9992
vn -0.20989999 0.1604 0.9644
vn -0.085499994 0.1373 0.98679996
vn -0.051099997 0.0552 -0.9971
vn -0.063999996 0.2945 0.95339996
vn -0.0554 0.1387 0.9887
vn -0.049799997 0.1443 0.98819995
vn -0.3306 0.182 0.926
vn -0.7387 0.3548 0.5729
vn -0.7427 0.36049998 0.56409997
vn -0.065299995 0.117699996 -0.99079996
vn 0.174 -0.15169999 -0.9729
vn 0.060999997 -0.1284 -0.9898
vn 0.2848 -0.1718 -0.94299996
vn -0.7352 0.3482 0.5814
vn 0.68979996 -0.3105 -0.65389997
vn 0.2509 0.96159995 -0.1107
vn 0.1926 0.973 -0.1269
vn -0.27609998 -0.955 0.10789999
vn -0.228 -0.9666 0.1162
vn -0.5456 -0.8174 -0.1845
vn -0.5485 -0.8131 -0.19469999
vn -0.9999 0.0014 4.9999997E-4
vn -0.9884 -0.15079999 0.0144
vn 0.134 0.9805 -0.1434
vn 0.9104 0.4118 -0.038
vn -0.29819998 0.95049995 -0.0862
vn -0.75159997 -0.6568 0.0591
vn -0.75159997 -0.6568 0.0598
vn -0.9518 -0.30519998 0.0284
vn -0.9518 -0.3053 0.0284
vn 0.88089997 0.4712 -0.043399997
vn 0.88089997 0.4711 -0.043399997
vn -0.17889999 -0.97609997 0.12329999
vn 0.5036 0.85499996 0.1236
vn 0.5069 0.8515 0.1334
vn -0.5523 -0.8082 -0.204
vn 0.49929997 0.8587 0.114599995
vn 0.8962 0.44169998 -0.040799998
vn 0.6458 0.76019996 -0.07
vn 0.6458 0.7601 -0.0709
vn -0.0058 -0.106699996 -0.9942
vn -0.0088 -0.1122 -0.99359995
vn -0.0301 -0.1418 -0.98939997
vn -0.0156 -0.1184 -0.9928
vn -0.018299999 -0.12719999 -0.9917
vn -0.0347 -0.1593 -0.9866
vn -0.0018999999 -0.0945 -0.99549997
vn -0.0309 -0.22399999 -0.974
vn -0.0287 0.039 0.9988
vn -0.0143 0.0626 0.99789995
vn -0.0591 -0.3478 -0.9356
vn 0.2376 0.3987 -0.8857
vn -0.0067999996 -0.0848 0.9963
vn -4.9999997E-4 0.0769 0.997
vn -0.0011 -0.0972 -0.9952
vn -0.0058999998 -0.34649998 -0.93799996
vn 0.2061 0.45949998 -0.8639
vn -0.0296 -0.044499997 0.9985
vn -0.0578 -0.1732 0.9831
vn -0.0098 -0.5527 -0.8333
vn -0.0044 0.0743 0.99719995
vn -0.0074 0.068799995 0.99759996
vn 0.2784 0.5416 0.7931
vn -0.0082 -0.26319999 -0.96459997
vn -0.0143 -0.4114 -0.9113
vn -8.0E-4 0.081599995 0.9966
vn -0.0018999999 -0.1042 -0.9945
vn -0.0022 -0.0995 -0.99499995
vn -0.016999999 0.0537 0.9984
vn 0.27719998 0.38959998 -0.8782
vn 1.0E-4 0.0839 0.9964
vn -0.0045 -0.1716 0.9851
vn 0.23879999 0.55189997 0.7989
vn -0.0334 0.0213 0.9992
vn -0.012999999 -0.2402 0.97059995
vn 0.20719999 0.6078 0.7665
vn -4.9999997E-4 0.0866 0.99619997
vn -0.008599999 -0.39319998 0.91929996
vn 0.96819997 -0.2489 0.0219
vn 0.9086 -0.4159 0.0372
vn 0.90169996 -0.4306 0.0385
vn 0.82769996 -0.5588 0.0502
vn 0.8574 -0.5124 0.046
vn 0.8935 -0.4472 0.04
vn 0.9992 0.038599998 -0.0041
vn -0.019399999 -0.9956 0.0905
vn 0.97789997 -0.20799999 0.018199999
vn -0.0418 -0.99499995 0.0905
vn -0.9504 -0.3096 0.0288
vn 0.9964 -0.083299994 0.0067999996
vn 0.9763 -0.2155 0.0189
vn 0.99499995 0.0989 -0.0095999995
vn -0.99109995 -0.13239999 0.0127
vn 0.93619996 -0.35 0.0311
vn 0.95589995 -0.2924 0.025899999
vn 0.9719 -0.2341 0.0206
vn -0.9274 0.3724 -0.0332
vn -0.88839996 0.45709997 -0.0409
vn 0.9957 -0.0918 0.0075999997
vn -0.2181 -0.97179997 0.0885
vn -0.9932 -0.1153 0.0111
vn 0.9813 0.1915 -0.018
vn 0.93939996 -0.3414 0.030399999
vn -0.9264 0.3748 -0.0334
vn -0.92719996 0.37289998 -0.0332
vn -0.9988 0.047799997 -0.0036
vn -0.99759996 -0.0683 0.0067999996
vn -0.9984 0.0559 -0.0044
vn -0.9855 0.1687 -0.014599999
vn -0.9535 0.29999998 -0.0266
vn -0.98289996 -0.1829 0.0173
vn -0.97609997 0.2162 -0.0189
vn -0.9583 0.2845 -0.0252
vn -0.99649996 0.0821 -0.0067
vn -0.4434 0.8926 -0.0808
vn 0.9131 -0.406 0.0363
vn 0.9885 -0.1503 0.0128999995
vn -0.59749997 0.7985 -0.0722
vn -0.5184 0.8516 -0.0771
vn 0.6321 0.501 -0.5909
vn 0.63229996 0.501 -0.5908
vn 0.34379998 0.53139997 -0.7741
vn 0.345 0.53069997 -0.7741
vn 0.5445 0.3752 -0.75
vn 0.5458 0.3735 -0.75
vn -0.6116 -0.4077 -0.67789996
vn -0.8706 -0.4899 0.0451
vn -0.6116 -0.27719998 0.7409
vn -0.61079997 -0.2786 0.74109995
vn -0.3502 -0.6673 -0.6573
vn 0.0011999999 -0.087 -0.99619997
vn 0.29569998 0.6987 0.6513
vn 0.4588 0.8835 -0.0933
vn -0.0455 -0.022599999 -0.99869996
vn -0.6124 -0.4066 -0.67789996
vn -0.0447 0.1585 0.9863
vn -0.399 -0.4994 0.769
vn -0.398 -0.5 0.76909995
vn -0.1384 0.82919997 0.5414
vn -0.5561 0.2762 0.7838
vn -0.5369 -0.8391 0.086799994
vn -0.34939998 -0.6677 -0.6572
vn -0.37539998 -0.9262 -0.0325
vn 0.1029 -0.81549996 -0.5694
vn 0.7761 0.6279 -0.0576
vn 0.2967 0.6981 0.6515
vn 0.54649997 0.5031 0.6694
vn 0.5455 0.5044 0.6692
vn 0.1038 -0.81589997 -0.56869996
vn -0.0718 0.1369 0.98789996
vn 0.50909996 -0.2565 -0.8215
vn -0.1375 0.8289 0.5421
vn 0.3292 0.9442 -0.0058
vn -0.6644 -0.4885 0.56549996
vn -0.66459996 -0.48839998 0.5653
# 396 vertex normals

vt 3.274453 -0.530463 0.229167
vt 3.313177 -0.543315 0.236808
vt 3.261201 -0.487851 0.254137
vt 3.284596 -0.492517 0.261383
vt 3.262949 -0.530356 0.228881
vt 3.250794 -0.487851 0.253829
vt 3.21678 -0.542146 0.234553
vt 3.221496 -0.492521 0.259521
vt 3.254747 -0.56176597 0.245147
vt 3.215519 -0.548841 0.238005
vt 3.243601 -0.500854 0.271417
vt 3.219988 -0.496232 0.264471
vt 3.265598 -0.561973 0.24537
vt 3.253358 -0.500853 0.271705
vt 3.281903 -0.496226 0.266299
vt 3.3108969 -0.550115 0.240185
vt 3.27651 -0.536438 0.223589
vt 3.318538 -0.601821 0.118704
vt 3.407427 -0.620542 0.123174
vt 3.31727 -0.549715 0.23151
vt 3.264709 -0.536276 0.223354
vt 3.191457 -0.616513 0.123714
vt 3.296091 -0.601416 0.118736
vt 3.215934 -0.548455 0.229211
vt 3.256004 -0.568435 0.239977
vt 3.189558 -0.624219 0.125581
vt 3.277947 -0.642938 0.128627
vt 3.214711 -0.555146 0.232634
vt 3.298658 -0.64334 0.128543
vt 3.40235 -0.628242 0.124946
vt 3.267068 -0.568555 0.240264
vt 3.314736 -0.556369 0.234971
vt 3.156457 -0.625101 0.058263
vt 3.360047 -0.647242 0.05936
vt 2.978793 -0.637768 0.075627
vt 3.119643 -0.624153 0.060013
vt 2.986023 -0.645118 0.078273
vt 3.139698 -0.667238 0.077022
vt 3.353696 -0.654376 0.062512
vt 3.17067 -0.667982 0.075781
vt 3.391853 -0.624444 0.124321
vt 3.293749 -0.610382 0.133597
vt 3.320352 -0.634374 0.114051
vt 3.38518 -0.620306 0.127635
vt 3.30174 -0.634374 0.113685
vt 3.277803 -0.610383 0.133285
vt 3.202799 -0.620312 0.124068
vt 3.204575 -0.624451 0.120656
vt 3.107516 -0.657707 0.052439
vt 2.941696 -0.645948 0.067735
vt 3.330886 -0.649158 0.063732
vt 3.117801 -0.6374 0.07659
vt 3.3201349 -0.645941 0.067494
vt 2.929906 -0.649165 0.063988
vt 3.145886 -0.637399 0.076572
vt 3.148542 -0.657706 0.052413
vt 3.255497 -0.538945 0.245789
vt 3.213011 -0.548472 0.235616
vt 3.31527 -0.548465 0.238638
vt 3.214145 -0.552226 0.232013
vt 3.266776 -0.561748 0.224005
vt 3.276294 -0.561747 0.224287
vt 3.317947 -0.552219 0.235082
vt 3.264184 -0.538944 0.246045
vt 3.259666 -0.669677 0.287267
vt 3.247741 -0.672741 0.283655
vt 3.22347 -0.885385 0.366384
vt 3.231043 -0.883707 0.369517
vt 3.208782 -0.88371 0.36886
vt 3.240193 -0.672741 0.283433
vt 3.217625 -0.885386 0.366211
vt 3.225896 -0.66968 0.286271
vt 3.236756 -0.663076 0.293494
vt 3.224811 -0.666138 0.289963
vt 3.208017 -0.881298 0.37299
vt 3.215586 -0.87962 0.37608
vt 3.230041 -0.881296 0.373639
vt 3.244038 -0.663075 0.293709
vt 3.221283 -0.879619 0.376248
vt 3.258136 -0.666135 0.290946
vt 3.117956 -0.672924 0.071083
vt 1.661604 -0.764102 0.076812
vt 1.915833 -0.774018 0.089243
vt 3.308238 -0.659074 0.056971
vt 1.627801 -0.769073 0.080562
vt 1.8828729 -0.77891 0.092289
vt 3.315843 -0.65163 0.054192
vt 1.614934 -0.728127 0.09343
vt 1.616062 -0.758036 0.077813
vt 3.089874 -0.62916 0.053753998
vt 1.588678 -0.732588 0.097586
vt 1.584588 -0.763041 0.081707
vt 2.926769 -0.649331 0.074684
vt 1.881766 -0.742622 0.106412
vt 1.927726 -0.77253 0.091468
vt 3.0901859 -0.671816 0.072752
vt 1.895297 -0.777402 0.094464
vt 1.854533 -0.746949 0.109794
vt 1.632729 -0.726638 0.09524
vt 3.04716 -0.628492 0.055318
vt 2.911946 -0.64232 0.071834
vt 1.847419 -0.736553 0.106597
vt 1.821104 -0.740916 0.110104
vt 1.606311 -0.731079 0.099335
vt 3.248968 -0.417618 0.282542
vt 3.248585 -0.406864 0.28374
vt 3.256877 -0.416717 0.280847
vt 3.253874 -0.406341 0.282583
vt 3.252326 -0.49124599 0.274185
vt 3.278269 -0.486979 0.269183
vt 3.252551 -0.413394 0.273519
vt 3.2590399 -0.414291 0.275668
vt 3.251594 -0.40371498 0.275861
vt 3.255838 -0.404225 0.277287
vt 3.280802 -0.48324 0.264246
vt 3.259542 -0.478989 0.257646
vt 3.239065 -0.406865 0.283459
vt 3.239572 -0.417618 0.282265
vt 3.23307 -0.416719 0.280145
vt 3.234725 -0.406343 0.282018
vt 3.242656 -0.491247 0.273899
vt 3.2212 -0.48698398 0.267499
vt 3.241996 -0.403716 0.275578
vt 3.236753 -0.404226 0.276724
vt 3.242882 -0.413395 0.273234
vt 3.234864 -0.414293 0.274955
vt 3.222792 -0.483245 0.262534
vt 3.249272 -0.47899 0.257343
vt 3.239299 -0.397259 0.282521
vt 3.2490299 -0.397259 0.282808
vt 3.241402 -0.395376 0.277193
vt 3.250935 -0.395375 0.277474
vt 3.217052 -1.090188 0.397412
vt 3.217238 -1.082932 0.396301
vt 3.219987 -1.082544 0.397547
vt 3.219513 -1.089853 0.398532
vt 3.215851 -1.088111 0.403834
vt 3.219138 -1.08111 0.401812
vt 3.218711 -1.08845 0.402867
vt 3.215979 -1.080723 0.402874
vt 3.210658 -1.080723 0.402717
vt 3.207916 -1.081111 0.401481
vt 3.207961 -1.088452 0.40255
vt 3.210444 -1.088112 0.403674
vt 3.211606 -1.090189 0.397251
vt 3.21183 -1.082933 0.396141
vt 3.208646 -1.082545 0.397213
vt 3.208755 -1.089854 0.398214
vt 3.211318 -1.094295 0.398717
vt 3.216796 -1.094295 0.398878
vt 3.216012 -1.092941 0.403251
vt 3.210497 -1.092942 0.403088
vt 3.221209 -0.948605 0.253078
vt 3.220358 -0.957345 0.255798
vt 3.228196 -0.955956 0.257959
vt 3.229409 -0.947145 0.255313
vt 3.242487 -0.77891797 0.200357
vt 3.25495 -0.776685 0.20303
vt 3.218709 -0.942868 0.261114
vt 3.218001 -0.951737 0.26379
vt 3.228047 -0.944325 0.25926
vt 3.227021 -0.953141 0.261971
vt 3.2383 -0.770945 0.20883399
vt 3.252835 -0.773174 0.206757
vt 3.203283 -0.947147 0.254804
vt 3.211964 -0.957345 0.255635
vt 3.202934 -0.955958 0.257468
vt 3.212741 -0.948605 0.252913
vt 3.216977 -0.776687 0.202291
vt 3.231785 -0.778919 0.200148
vt 3.201793 -0.953143 0.261481
vt 3.209704 -0.951738 0.263629
vt 3.202317 -0.944327 0.258759
vt 3.2105 -0.942868 0.260954
vt 3.215614 -0.773177 0.206033
vt 3.228063 -0.770946 0.208634
vt 3.219103 -0.967197 0.259901
vt 3.210824 -0.967198 0.25974
vt 3.218036 -0.964547 0.263984
vt 3.209573 -0.964547 0.263819
vt 3.146079 -0.92758 0.140201
vt 3.203541 -0.918269 0.142235
vt 3.201672 -0.926642 0.143369
vt 3.1460829 -0.919332 0.138904
vt 3.211209 -0.823704 0.128527
vt 3.146189 -0.825968 0.124216
vt 3.202596 -0.917518 0.144387
vt 3.145772 -0.924984 0.148246
vt 3.200953 -0.925921 0.145601
vt 3.145753 -0.91646 0.147158
vt 3.209758 -0.822208 0.131158
vt 3.145701 -0.819949 0.134833
vt 3.126522 -0.924985 0.148258
vt 3.071213 -0.925927 0.14568
vt 3.069487 -0.917524 0.144468
vt 3.126465 -0.916461 0.14716999
vt 3.125581 -0.81995 0.134846
vt 3.061299 -0.822214 0.13125
vt 3.068417 -0.918274 0.142317
vt 3.125651 -0.919332 0.138916
vt 3.125751 -0.92758 0.140213
vt 3.070368 -0.926647 0.143449
vt 3.059661 -0.823709 0.128621
vt 3.124321 -0.825969 0.124229
vt 3.126265 -0.948237 0.145246
vt 3.126462 -0.947639 0.147601
vt 3.145901 -0.948236 0.145234
vt 3.1458359 -0.947638 0.147589
vt 3.300891 -0.657429 0.127745
vt 3.359465 -0.648766 0.136664
vt 3.281054 -0.636019 0.145571
vt 3.354103 -0.64467597 0.140028
vt 3.2075639 -0.648772 0.133696
vt 3.284225 -0.65743 0.127419
vt 3.266402 -0.63602 0.145285
vt 3.20588 -0.644682 0.137133
vt 3.284443 -0.680872 0.080072
vt 3.145723 -0.673664 0.088115
vt 3.147535 -0.691077 0.066688
vt 3.291378 -0.683864 0.07643
vt 2.972662 -0.683871 0.076633
vt 3.113872 -0.691078 0.06671
vt 2.980315 -0.680879 0.080265
vt 3.120266 -0.673665 0.088131
vt 3.307826 -0.569463 0.242684
vt 3.271195 -0.578032 0.232984
vt 3.260753 -0.557164 0.253034
vt 3.30537 -0.565726 0.246254
vt 3.216202 -0.56947 0.239976
vt 3.262026 -0.578032 0.232712
vt 3.252303 -0.557164 0.252785
vt 3.215074 -0.565732 0.243586
vt 1.616275 -0.762592 0.075434
vt 3.358677 -0.656217 0.054543
vt 3.2259 -0.405297 0.279151
vt 3.224169 -0.415509 0.277313
vt 3.293441 -0.494374 0.264245
vt 3.323315 -0.546873 0.238912
vt 3.21173 -0.485117 0.26481
vt 3.289627 -0.485111 0.267109
vt 3.267664 -0.415506 0.278596
vt 3.168856 -0.619953 0.125028
vt 3.203536 -0.551669 0.230813
vt 3.264594 -0.405294 0.280292
vt 3.240039 -0.377526 0.280676
vt 3.204632 -0.545364 0.236167
vt 3.210356 -0.49438 0.261793
vt 2.956366 -0.640581 0.078843
vt 1.875875 -0.738065 0.108705
vt 1.849391 -0.742389 0.112104
vt 3.249643 -0.377526 0.28096
vt 3.426725 -0.624804 0.124321
vt 3.327521 -0.553199 0.233667
vt 3.400073 -0.651675 0.060009
vt 2.893748 -0.644963 0.075277
vt 1.583835 -0.7676 0.07933
vt 3.271111 -0.534735 0.222628
vt 3.308246 -0.599737 0.118266
vt 3.261115 -0.570128 0.240964
vt 3.287502 -0.64502 0.129027
vt 3.104974 -0.674143 0.07262
vt 1.931753 -0.774756 0.090364
vt 3.24402 -0.387851 0.283049
vt 3.243351 -0.407386 0.284901
vt 3.136836 -0.622856 0.058419
vt 3.246038 -0.386522 0.277668
vt 3.244697 -0.368309 0.28119498
vt 3.259763 -0.563506 0.246104
vt 3.248 -0.501744 0.27277
vt 3.243806 -0.418212 0.283669
vt 3.247019 -0.492139 0.275255
vt 3.254952 -0.478099 0.25628
vt 3.24822 -0.412803 0.272109
vt 3.155588 -0.669382 0.077104
vt 1.614865 -0.725901 0.094592
vt 3.066276 -0.627056 0.05382
vt 1.898804 -0.779629 0.093349
vt 1.588925 -0.73036 0.098748
vt 3.247296 -0.403204 0.274437
vt 3.25656 -0.486957 0.252764
vt 3.269182 -0.528792 0.228183
vt 3.231708 -0.822956 0.13006599
vt 3.316607 -0.682367 0.078619
vt 3.372181 -0.646721 0.138833
vt 3.264502 -0.774932 0.205151
vt 3.266422 -0.667907 0.289373
vt 3.315429 -0.567594 0.244842
vt 3.2372 -0.945735 0.257489
vt 3.236091 -0.954533 0.260189
vt 3.190535 -0.646728 0.135286
vt 3.205575 -0.774935 0.204004
vt 3.217895 -0.977506 0.264216
vt 3.325705 -0.550342 0.23725499
vt 3.202813 -1.08915 0.400248
vt 3.202802 -1.081829 0.399204
vt 3.223196 -0.917893 0.143522
vt 3.2225199 -0.926279 0.144711
vt 3.357973 -0.647549 0.066051
vt 3.193817 -0.954536 0.259367
vt 3.209595 -0.977507 0.264055
vt 3.145841 -0.956811 0.147324
vt 3.03929 -0.822963 0.130185
vt 2.947958 -0.682376 0.078852996
vt 3.185768 -0.622382 0.122241996
vt 3.224636 -1.089147 0.400891
vt 3.216217 -1.10323 0.402054
vt 3.2025 -0.882504 0.370783
vt 3.225024 -1.081826 0.399859
vt 3.236409 -0.8825 0.371783
vt 3.217762 -0.667911 0.287937
vt 3.405276 -0.622374 0.126534
vt 3.048851 -0.9179 0.143628
vt 3.04961 -0.926286 0.144816
vt 3.204207 -0.55035 0.233664
vt 3.206577 -0.567602 0.241625
vt 3.210734 -1.103231 0.401892
vt 2.903616 -0.647557 0.066339
vt 3.194275 -0.945738 0.256654
vt 3.126458 -0.956812 0.147335
vt 3.135229 -0.826335 0.123568
vt 3.130572 -0.691812 0.065786
vt 3.237586 -0.779781 0.199333
vt 3.29358 -0.658432 0.126743
vt 3.267096 -0.578948 0.231965
vt 3.244302 -0.67361 0.282638
vt 3.312322 -0.635388 0.113037
vt 3.136163 -0.960748 0.147722
vt 3.136097 -0.952093 0.145614
vt 3.2133899 -1.107978 0.402452
vt 3.213168 -1.097681 0.403658
vt 3.214732 -1.083284 0.395174
vt 3.214527 -1.090531 0.396272
vt 3.272058 -0.562668 0.223266
vt 3.212955 -1.087766 0.40482
vt 3.216453 -0.958028 0.254741
vt 3.217272 -0.949296 0.252025
vt 3.220771 -0.885976 0.365285
vt 3.2327769 -0.770087 0.209645
vt 3.272966 -0.635017 0.146261
vt 3.135851 -0.919516 0.138374
vt 3.213443 -0.983236 0.265234
vt 3.213497 -0.970376 0.265021
vt 3.127803 -0.658495 0.051475998
vt 3.213976 -1.098915 0.399242
vt 3.256123 -0.556248 0.253788
vt 3.24009 -0.662207 0.294503
vt 3.136124 -0.916276 0.147685
vt 3.136161 -0.924818 0.148764
vt 3.213129 -1.080371 0.40384
vt 3.135662 -0.819583 0.135479
vt 3.133066 -0.672931 0.089019
vt 3.136162 -0.951513 0.14799
vt 3.218225 -0.879028 0.377174
vt 3.21433 -0.942177 0.262
vt 3.213577 -0.951041 0.264699
vt 3.284879 -0.609368 0.134266
vt 3.214666 -0.972744 0.260867
vt 3.135899 -0.927747 0.139682
vt 3.131942 -0.63661 0.077512
vt 3.259414 -0.538024 0.246794
vt 3.137623 -0.626362 0.055084
vt 3.354621 -0.648634 0.056041
vt 3.275824 -0.534399 0.226862
vt 3.315869 -0.547615 0.234737
vt 3.260099 -0.483887 0.256462
vt 3.282491 -0.488355 0.263404
vt 3.252573 -0.496479 0.273591
vt 3.247253 -0.497371 0.27466
vt 3.220308 -0.49200898 0.266596
vt 3.242883 -0.49648 0.273305
vt 3.313405 -0.554286 0.238174
vt 3.326003 -0.551108 0.236879
vt 3.264201 -0.534262 0.226591
vt 3.270505 -0.53271 0.22588299
vt 3.291301 -0.490181 0.266277
vt 3.27987 -0.492004 0.268353
vt 3.210778 -0.490187 0.263901
vt 3.215119 -0.553045 0.235891
vt 3.255668 -0.566277 0.243203
vt 2.954272 -0.639216 0.072562
vt 2.932762 -0.641983 0.075917
vt 3.260715 -0.567982 0.244173
vt 3.266592 -0.56642 0.243455
vt 3.140909 -0.67093897 0.073866
vt 3.1559129 -0.669587 0.07242
vt 3.25549 -0.482996 0.255094
vt 3.21633 -0.546385 0.232421
vt 3.221851 -0.48836 0.261615
vt 3.249781 -0.483888 0.256157
vt 3.347755 -0.655882 0.058925
vt 3.204102 -0.549584 0.234046
vt 3.396915 -0.653124 0.056546
vt 3.097576 -0.625515 0.056617
vt 3.116064 -0.624168 0.055132
vt 3.124828 -0.668745 0.073907
vt 2.96417 -0.646474 0.075389
# 396 texture coords

g Object

usemtl Wings
s 2
f 812/530/482 815/532/484 816/531/483 811/529/481
f 832/533/485 859/534/486 860/536/488 857/535/487
f 840/538/490 821/540/492 822/539/491 839/537/489
f 850/541/493 820/542/494 836/543/495 828/544/496
f 611/547/499 810/548/500 809/545/497 616/546/498
f 618/551/503 830/549/501 858/552/504 598/550/502
f 600/554/506 842/556/508 841/553/505 622/555/507
f 620/557/509 848/559/511 826/560/512 612/558/510
f 806/562/514 611/547/499 616/546/498 805/561/513
f 871/564/516 618/551/503 598/550/502 844/563/515
f 875/565/517 600/554/506 622/555/507 873/566/518
f 852/568/520 620/557/509 612/558/510 864/567/519
f 696/575/527 695/576/528 735/573/525 736/571/523 709/569/521 710/572/524 796/570/522 795/574/526
f 719/578/530 720/582/534 769/577/529 770/584/536 686/579/531 685/581/533 802/583/535 801/580/532
f 803/592/544 804/585/537 717/586/538 715/588/540 750/589/541 749/590/542 675/591/543 676/587/539
f 732/594/546 757/595/547 704/596/548 661/593/545
f 708/600/552 702/597/549 758/599/551 734/598/550
f 773/601/553 789/604/556 701/603/555 707/602/554
f 663/608/560 706/605/557 790/607/559 775/606/558
f 625/611/563 854/609/561 863/612/564 584/610/562
f 584/610/562 613/613/565 647/614/566 625/611/563
f 582/617/569 808/615/567 807/618/570 645/616/568
f 645/616/568 650/619/571 614/620/572 582/617/569
f 610/622/574 876/621/573 874/624/576 623/623/575
f 623/623/575 648/625/577 609/626/578 610/622/574
f 646/627/579 869/628/580 846/629/581 608/630/582
f 608/630/582 607/631/583 649/632/584 646/627/579
f 639/633/585 630/634/586 602/636/588 596/635/587
f 596/635/587 835/638/590 818/637/589 639/633/585
f 595/640/592 601/642/594 651/641/593 641/639/591
f 641/639/591 814/644/596 813/643/595 595/640/592
f 587/647/599 588/648/600 628/645/597 640/646/598
f 640/646/598 824/649/601 823/650/602 587/647/599
f 643/653/605 652/651/603 586/652/604 585/654/606
f 585/654/606 862/655/607 861/656/608 643/653/605
f 627/657/609 628/645/597 588/648/600
f 602/636/588 630/634/586 629/658/610
f 635/659/611 586/652/604 652/651/603
f 633/660/612 651/641/593 601/642/594
f 745/662/614 746/661/613 698/664/616 703/663/615
f 703/663/615 704/596/548 757/595/547 745/662/614
f 705/666/618 700/667/619 751/665/617 781/668/620
f 781/668/620 790/607/559 706/605/557 705/666/618
f 782/669/621 752/672/624 677/671/623 678/670/622
f 678/670/622 701/603/555 789/604/556 782/669/621
f 680/675/627 679/676/628 748/673/625 747/674/626
f 747/674/626 758/599/551 702/597/549 680/675/627
f 771/677/629 748/673/625 679/676/628
f 772/678/630 698/664/616 746/661/613
f 751/665/617 700/667/619 744/679/631
f 742/680/632 677/671/623 752/672/624
f 755/681/633 756/682/634 667/683/635 668/684/636
f 668/684/636 659/686/638 730/685/637 755/681/633
f 666/689/641 665/690/642 793/688/640 794/687/639
f 794/687/639 759/691/643 657/692/644 666/689/641
f 721/693/645 687/695/647 754/694/646 753/696/648
f 753/696/648 728/698/650 670/697/649 721/693/645
f 792/702/654 791/700/652 688/699/651 722/701/653
f 722/701/653 672/703/655 761/704/656 792/702/654
f 798/705/657 667/683/635 756/682/634
f 797/706/658 754/694/646 687/695/647
f 766/707/659 793/688/640 665/690/642
f 688/699/651 791/700/652 768/708/660
f 763/712/664 799/709/661 681/711/663 682/710/662
f 682/710/662 654/713/665 726/714/666 763/712/664
f 684/715/667 683/717/669 779/716/668 780/718/670
f 780/718/670 783/720/672 656/719/671 684/715/667
f 778/724/676 777/721/673 713/722/674 714/723/675
f 714/723/675 694/726/678 785/725/677 778/724/676
f 712/727/679 711/730/682 800/729/681 764/728/680
f 764/728/680 724/732/684 692/731/683 712/727/679
f 739/733/685 800/729/681 711/730/682
f 713/722/674 777/721/673 787/734/686
f 737/735/687 681/711/663 799/709/661
f 788/736/688 779/716/668 683/717/669
f 729/737/689 730/685/637 659/686/638 660/738/690
f 660/738/690 709/569/521 736/571/523 729/737/689
f 658/740/692 657/692/644 759/691/643 760/739/691
f 760/739/691 796/570/522 710/572/524 658/740/692
f 669/741/693 670/697/649 728/698/650 727/742/694
f 727/742/694 735/573/525 695/576/528 669/741/693
f 762/743/695 761/704/656 672/703/655 671/744/696
f 671/744/696 696/575/527 795/574/526 762/743/695
f 655/745/697 656/719/671 783/720/672 784/746/698
f 784/746/698 802/583/535 685/581/533 655/745/697
f 725/747/699 726/714/666 654/713/665 653/748/700
f 653/748/700 686/579/531 770/584/536 725/747/699
f 691/749/701 692/731/683 724/732/684 723/750/702
f 723/750/702 769/577/529 720/582/534 691/749/701
f 786/752/704 785/725/677 694/726/678 693/751/703
f 693/751/703 719/578/530 801/580/532 786/752/704
f 731/754/706 732/594/546 661/593/545 662/753/705
f 662/753/705 675/591/543 749/590/542 731/754/706
f 664/756/708 663/608/560 775/606/558 776/755/707
f 776/755/707 803/592/544 676/587/539 664/756/708
f 716/757/709 708/600/552 734/598/550 733/758/710
f 733/758/710 750/589/541 715/588/540 716/757/709
f 774/759/711 773/601/553 707/602/554 718/760/712
f 718/760/712 717/586/538 804/585/537 774/759/711
f 867/762/714 808/615/567 582/617/569 529/761/713
f 529/761/713 584/610/562 863/612/564 867/762/714
f 536/764/716 585/654/606 586/652/604 538/763/715
f 538/763/715 588/648/600 587/647/599 536/764/716
f 834/765/717 815/532/484 812/530/482 827/766/718
f 827/766/718 828/544/496 836/543/495 834/765/717
f 536/764/716 587/647/599 823/650/602 838/767/719
f 838/767/719 862/655/607 585/654/606 536/764/716
f 534/769/721 595/640/592 813/643/595 833/768/720
f 833/768/720 835/638/590 596/635/587 534/769/721
f 491/770/722 598/550/502 858/552/504 865/771/723
f 865/771/723 842/556/508 600/554/506 491/770/722
f 540/772/724 601/642/594 595/640/592 534/769/721
f 534/769/721 596/635/587 602/636/588 540/772/724
f 636/773/725 627/657/609 588/648/600 538/763/715
f 538/763/715 586/652/604 635/659/611 636/773/725
f 866/774/726 857/535/487 860/536/488 837/775/727
f 837/775/727 821/540/492 840/538/490 866/774/726
f 843/776/728 844/563/515 598/550/502 491/770/722
f 491/770/722 600/554/506 875/565/517 843/776/728
f 499/778/730 607/631/583 608/630/582 532/777/729
f 532/777/729 610/622/574 609/626/578 499/778/730
f 540/772/724 602/636/588 629/658/610 634/779/731
f 634/779/731 633/660/612 601/642/594 540/772/724
f 825/781/733 810/548/500 611/547/499 489/780/732
f 489/780/732 612/558/510 826/560/512 825/781/733
f 868/782/734 864/567/519 612/558/510 489/780/732
f 489/780/732 611/547/499 806/562/514 868/782/734
f 845/783/735 876/621/573 610/622/574 532/777/729
f 532/777/729 608/630/582 846/629/581 845/783/735
f 497/784/736 613/613/565 584/610/562 529/761/713
f 529/761/713 582/617/569 614/620/572 497/784/736
f 490/786/738 616/546/498 809/545/497 829/785/737
f 829/785/737 830/549/501 618/551/503 490/786/738
f 847/787/739 848/559/511 620/557/509 492/788/740
f 492/788/740 622/555/507 841/553/505 847/787/739
f 530/790/742 623/623/575 874/624/576 853/789/741
f 853/789/741 854/609/561 625/611/563 530/790/742
f 537/792/744 628/645/597 627/657/609 603/791/743
f 603/791/743 629/658/610 630/634/586 537/792/744
f 872/793/745 805/561/513 616/546/498 490/786/738
f 490/786/738 618/551/503 871/564/516 872/793/745
f 604/794/746 633/660/612 634/779/731 541/795/747
f 541/795/747 636/773/725 635/659/611 604/794/746
f 849/796/748 839/537/489 822/539/491 819/797/749
f 819/797/749 820/542/494 850/541/493 849/796/748
f 533/798/750 639/633/585 818/637/589 817/799/751
f 817/799/751 824/649/601 640/646/598 533/798/750
f 855/800/752 814/644/596 641/639/591 535/801/753
f 535/801/753 643/653/605 861/656/608 855/800/752
f 492/788/740 620/557/509 852/568/520 851/802/754
f 851/802/754 873/566/518 622/555/507 492/788/740
f 531/803/755 645/616/568 807/618/570 870/804/756
f 870/804/756 869/628/580 646/627/579 531/803/755
f 530/790/742 625/611/563 647/614/566 500/805/757
f 500/805/757 648/625/577 623/623/575 530/790/742
f 531/803/755 646/627/579 649/632/584 498/806/758
f 498/806/758 650/619/571 645/616/568 531/803/755
f 535/801/753 641/639/591 651/641/593 539/807/759
f 539/807/759 652/651/603 643/653/605 535/801/753
f 603/791/743 627/657/609 636/773/725 541/795/747
f 541/795/747 634/779/731 629/658/610 603/791/743
f 537/792/744 630/634/586 639/633/585 533/798/750
f 533/798/750 640/646/598 628/645/597 537/792/744
f 856/808/760 859/534/486 832/533/485 831/809/761
f 831/809/761 811/529/481 816/531/483 856/808/760
f 539/807/759 651/641/593 633/660/612 604/794/746
f 604/794/746 635/659/611 652/651/603 539/807/759
f 574/811/763 653/748/700 654/713/665 511/810/762
f 511/810/762 656/719/671 655/745/697 574/811/763
f 503/813/765 657/692/644 658/740/692 570/812/764
f 570/812/764 660/738/690 659/686/638 503/813/765
f 578/815/767 662/753/705 661/593/545 521/814/766
f 521/814/766 663/608/560 664/756/708 578/815/767
f 556/817/769 665/690/642 666/689/641 552/816/768
f 552/816/768 668/684/636 667/683/635 556/817/769
f 501/819/771 670/697/649 669/741/693 572/818/770
f 572/818/770 671/744/696 672/703/655 501/819/771
f 556/817/769 667/683/635 798/705/657 765/820/772
f 765/820/772 766/707/659 665/690/642 556/817/769
f 552/816/768 666/689/641 657/692/644 503/813/765
f 503/813/765 659/686/638 668/684/636 552/816/768
f 517/821/773 675/591/543 662/753/705 578/815/767
f 578/815/767 664/756/708 676/587/539 517/821/773
f 545/823/775 678/670/622 677/671/623 548/822/774
f 548/822/774 679/676/628 680/675/627 545/823/775
f 561/824/776 682/710/662 681/711/663 565/825/777
f 565/825/777 683/717/669 684/715/667 561/824/776
f 561/824/776 684/715/667 656/719/671 511/810/762
f 511/810/762 654/713/665 682/710/662 561/824/776
f 574/811/763 655/745/697 685/581/533 515/826/778
f 515/826/778 686/579/531 653/748/700 574/811/763
f 767/828/780 797/706/658 687/695/647 558/827/779
f 558/827/779 688/699/651 768/708/660 767/828/780
f 565/825/777 681/711/663 737/735/687 738/829/781
f 738/829/781 788/736/688 683/717/669 565/825/777
f 509/830/782 692/731/683 691/749/701 576/831/783
f 576/831/783 693/751/703 694/726/678 509/830/782
f 572/818/770 669/741/693 695/576/528 505/832/784
f 505/832/784 696/575/527 671/744/696 572/818/770
f 546/833/785 698/664/616 772/678/630 743/834/786
f 743/834/786 744/679/631 700/667/619 546/833/785
f 527/835/787 701/603/555 678/670/622 545/823/775
f 545/823/775 680/675/627 702/597/549 527/835/787
f 525/837/789 704/596/548 703/663/615 542/836/788
f 542/836/788 705/666/618 706/605/557 525/837/789
f 523/838/790 707/602/554 701/603/555 527/835/787
f 527/835/787 702/597/549 708/600/552 523/838/790
f 507/839/791 709/569/521 660/738/690 570/812/764
f 570/812/764 658/740/692 710/572/524 507/839/791
f 567/841/793 711/730/682 712/727/679 563/840/792
f 563/840/792 714/723/675 713/722/674 567/841/793
f 580/843/795 716/757/709 715/588/540 519/842/794
f 519/842/794 717/586/538 718/760/712 580/843/795
f 542/836/788 703/663/615 698/664/616 546/833/785
f 546/833/785 700/667/619 705/666/618 542/836/788
f 548/822/774 677/671/623 742/680/632 741/844/796
f 741/844/796 771/677/629 679/676/628 548/822/774
f 513/845/797 719/578/530 693/751/703 576/831/783
f 576/831/783 691/749/701 720/582/534 513/845/797
f 525/837/789 706/605/557 663/608/560 521/814/766
f 521/814/766 661/593/545 704/596/548 525/837/789
f 558/827/779 687/695/647 721/693/645 554/846/798
f 554/846/798 722/701/653 688/699/651 558/827/779
f 580/843/795 718/760/712 707/602/554 523/838/790
f 523/838/790 708/600/552 716/757/709 580/843/795
f 554/846/798 721/693/645 670/697/649 501/819/771
f 501/819/771 672/703/655 722/701/653 554/846/798
f 567/841/793 713/722/674 787/734/686 740/847/799
f 740/847/799 739/733/685 711/730/682 567/841/793
f 509/830/782 694/726/678 714/723/675 563/840/792
f 563/840/792 712/727/679 692/731/683 509/830/782
f 720/582/534 719/578/530 513/845/797
f 710/572/524 709/569/521 507/839/791
f 685/581/533 686/579/531 515/826/778
f 715/588/540 717/586/538 519/842/794
f 676/587/539 675/591/543 517/821/773
f 695/576/528 696/575/527 505/832/784
f 575/849/801 723/750/702 724/732/684 510/848/800
f 510/848/800 726/714/666 725/747/699 575/849/801
f 569/851/803 727/742/694 728/698/650 502/850/802
f 502/850/802 730/685/637 729/737/689 569/851/803
f 522/853/805 732/594/546 731/754/706 577/852/804
f 577/852/804 733/758/710 734/598/550 522/853/805
f 506/854/806 735/573/525 727/742/694 569/851/803
f 569/851/803 729/737/689 736/571/523 506/854/806
f 568/855/807 738/829/781 737/735/687 689/856/808
f 689/856/808 739/733/685 740/847/799 568/855/807
f 550/857/809 741/844/796 742/680/632 699/858/810
f 699/858/810 744/679/631 743/834/786 550/857/809
f 547/860/812 746/661/613 745/662/614 543/859/811
f 543/859/811 747/674/626 748/673/625 547/860/812
f 577/852/804 731/754/706 749/590/542 518/861/813
f 518/861/813 750/589/541 733/758/710 577/852/804
f 549/862/814 751/665/617 744/679/631 699/858/810
f 699/858/810 742/680/632 752/672/624 549/862/814
f 551/864/816 753/696/648 754/694/646 557/863/815
f 557/863/815 756/682/634 755/681/633 551/864/816
f 526/865/817 757/595/547 732/594/546 522/853/805
f 522/853/805 734/598/550 758/599/551 526/865/817
f 571/867/819 760/739/691 759/691/643 504/866/818
f 504/866/818 761/704/656 762/743/695 571/867/819
f 560/868/820 763/712/664 726/714/666 510/848/800
f 510/848/800 724/732/684 764/728/680 560/868/820
f 674/870/822 766/707/659 765/820/772 559/869/821
f 559/869/821 767/828/780 768/708/660 674/870/822
f 514/871/823 769/577/529 723/750/702 575/849/801
f 575/849/801 725/747/699 770/584/536 514/871/823
f 502/850/802 728/698/650 753/696/648 551/864/816
f 551/864/816 755/681/633 730/685/637 502/850/802
f 697/872/824 771/677/629 741/844/796 550/857/809
f 550/857/809 743/834/786 772/678/630 697/872/824
f 524/874/826 773/601/553 774/759/711 579/873/825
f 579/873/825 776/755/707 775/606/558 524/874/826
f 564/876/828 777/721/673 778/724/676 562/875/827
f 562/875/827 780/718/670 779/716/668 564/876/828
f 544/877/829 781/668/620 751/665/617 549/862/814
f 549/862/814 752/672/624 782/669/621 544/877/829
f 573/879/831 784/746/698 783/720/672 512/878/830
f 512/878/830 785/725/677 786/752/704 573/879/831
f 690/880/832 787/734/686 777/721/673 564/876/828
f 564/876/828 779/716/668 788/736/688 690/880/832
f 528/881/833 789/604/556 773/601/553 524/874/826
f 524/874/826 775/606/558 790/607/559 528/881/833
f 555/883/835 791/700/652 792/702/654 553/882/834
f 553/882/834 794/687/639 793/688/640 555/883/835
f 571/867/819 762/743/695 795/574/526 508/884/836
f 508/884/836 796/570/522 760/739/691 571/867/819
f 557/863/815 754/694/646 797/706/658 673/885/837
f 673/885/837 798/705/657 756/682/634 557/863/815
f 697/872/824 772/678/630 746/661/613 547/860/812
f 547/860/812 748/673/625 771/677/629 697/872/824
f 504/866/818 759/691/643 794/687/639 553/882/834
f 553/882/834 792/702/654 761/704/656 504/866/818
f 689/856/808 737/735/687 799/709/661 566/886/838
f 566/886/838 800/729/681 739/733/685 689/856/808
f 690/880/832 788/736/688 738/829/781 568/855/807
f 568/855/807 740/847/799 787/734/686 690/880/832
f 555/883/835 793/688/640 766/707/659 674/870/822
f 674/870/822 768/708/660 791/700/652 555/883/835
f 544/877/829 782/669/621 789/604/556 528/881/833
f 528/881/833 790/607/559 781/668/620 544/877/829
f 543/859/811 745/662/614 757/595/547 526/865/817
f 526/865/817 758/599/551 747/674/626 543/859/811
f 573/879/831 786/752/704 801/580/532 516/887/839
f 516/887/839 802/583/535 784/746/698 573/879/831
f 512/878/830 783/720/672 780/718/670 562/875/827
f 562/875/827 778/724/676 785/725/677 512/878/830
f 559/869/821 765/820/772 798/705/657 673/885/837
f 673/885/837 797/706/658 767/828/780 559/869/821
f 520/888/840 803/592/544 776/755/707 579/873/825
f 579/873/825 774/759/711 804/585/537 520/888/840
f 566/886/838 799/709/661 763/712/664 560/868/820
f 560/868/820 764/728/680 800/729/681 566/886/838
f 749/590/542 750/589/541 518/861/813
f 736/571/523 735/573/525 506/854/806
f 770/584/536 769/577/529 514/871/823
f 795/574/526 796/570/522 508/884/836
f 804/585/537 803/592/544 520/888/840
f 801/580/532 802/583/535 516/887/839
f 581/890/842 806/562/514 805/561/513 631/889/841
f 631/889/841 807/618/570 808/615/567 581/890/842
f 615/891/843 809/545/497 810/548/500 589/892/844
f 589/892/844 812/530/482 811/529/481 615/891/843
f 590/894/846 813/643/595 814/644/596 642/893/845
f 642/893/845 816/531/483 815/532/484 590/894/846
f 484/896/848 817/799/751 818/637/589 638/895/847
f 638/895/847 820/542/494 819/797/749 484/896/848
f 637/898/850 822/539/491 821/540/492 593/897/849
f 593/897/849 823/650/602 824/649/601 637/898/850
f 485/900/852 825/781/733 826/560/512 591/899/851
f 591/899/851 828/544/496 827/766/718 485/900/852
f 617/901/853 830/549/501 829/785/737 486/902/854
f 486/902/854 831/809/761 832/533/485 617/901/853
f 481/903/855 833/768/720 813/643/595 590/894/846
f 590/894/846 815/532/484 834/765/717 481/903/855
f 638/895/847 818/637/589 835/638/590 592/904/856
f 592/904/856 836/543/495 820/542/494 638/895/847
f 593/897/849 821/540/492 837/775/727 483/905/857
f 483/905/857 838/767/719 823/650/602 593/897/849
f 599/906/858 840/538/490 839/537/489 621/907/859
f 621/907/859 841/553/505 842/556/508 599/906/858
f 605/908/860 844/563/515 843/776/728 495/909/861
f 495/909/861 845/783/735 846/629/581 605/908/860
f 485/900/852 827/766/718 812/530/482 589/892/844
f 589/892/844 810/548/500 825/781/733 485/900/852
f 619/911/863 848/559/511 847/787/739 488/910/862
f 488/910/862 849/796/748 850/541/493 619/911/863
f 496/912/864 851/802/754 852/568/520 626/913/865
f 626/913/865 854/609/561 853/789/741 496/912/864
f 621/907/859 839/537/489 849/796/748 488/910/862
f 488/910/862 847/787/739 841/553/505 621/907/859
f 642/893/845 814/644/596 855/800/752 482/914/866
f 482/914/866 856/808/760 816/531/483 642/893/845
f 617/901/853 832/533/485 857/535/487 597/915/867
f 597/915/867 858/552/504 830/549/501 617/901/853
f 594/916/868 860/536/488 859/534/486 644/917/869
f 644/917/869 861/656/608 862/655/607 594/916/868
f 583/918/870 863/612/564 854/609/561 626/913/865
f 626/913/865 852/568/520 864/567/519 583/918/870
f 486/902/854 829/785/737 809/545/497 615/891/843
f 615/891/843 811/529/481 831/809/761 486/902/854
f 487/919/871 865/771/723 858/552/504 597/915/867
f 597/915/867 857/535/487 866/774/726 487/919/871
f 493/920/872 867/762/714 863/612/564 583/918/870
f 583/918/870 864/567/519 868/782/734 493/920/872
f 632/921/873 869/628/580 870/804/756 494/922/874
f 494/922/874 872/793/745 871/564/516 632/921/873
f 494/922/874 870/804/756 807/618/570 631/889/841
f 631/889/841 805/561/513 872/793/745 494/922/874
f 632/921/873 871/564/516 844/563/515 605/908/860
f 605/908/860 846/629/581 869/628/580 632/921/873
f 591/899/851 826/560/512 848/559/511 619/911/863
f 619/911/863 850/541/493 828/544/496 591/899/851
f 481/903/855 834/765/717 836/543/495 592/904/856
f 592/904/856 835/638/590 833/768/720 481/903/855
f 493/920/872 868/782/734 806/562/514 581/890/842
f 581/890/842 808/615/567 867/762/714 493/920/872
f 644/917/869 859/534/486 856/808/760 482/914/866
f 482/914/866 855/800/752 861/656/608 644/917/869
f 594/916/868 862/655/607 838/767/719 483/905/857
f 483/905/857 837/775/727 860/536/488 594/916/868
f 624/923/875 873/566/518 851/802/754 496/912/864
f 496/912/864 853/789/741 874/624/576 624/923/875
f 495/909/861 843/776/728 875/565/517 606/924/876
f 606/924/876 876/621/573 845/783/735 495/909/861
f 624/923/875 874/624/576 876/621/573 606/924/876
f 606/924/876 875/565/517 873/566/518 624/923/875
f 487/919/871 866/774/726 840/538/490 599/906/858
f 599/906/858 842/556/508 865/771/723 487/919/871
f 637/898/850 824/649/601 817/799/751 484/896/848
f 484/896/848 819/797/749 822/539/491 637/898/850
# 391 polygons

#
# object Object1
#

v 2.851426 3.161337 -1.732681
v 2.760611 3.231915 -1.631361
v 2.8512769 3.180787 -1.518846
v 2.942092 3.110208 -1.620166
v 2.493131 2.801666 -1.737078
v 2.422762 2.947594 -1.605735
v 2.501941 2.836726 -1.45093
v 2.57231 2.690797 -1.582274
v 1.300013 2.48594 -1.622524
v 1.297069 2.667743 -1.484912
v 1.360996 2.538337 -1.310414
v 1.36394 2.356534 -1.448026
v 0.634224 2.409779 -1.407394
v 0.665364 2.613038 -1.2683719
v 0.838448 2.482513 -1.112712
v 0.807308 2.279254 -1.251734
v -0.003547 1.820189 -0.413417
v 0.038868 2.080572 -0.242243
v 0.315191 1.969293 -0.141441
v 0.272776 1.70891 -0.312615
v 1.994338 1.404545 -1.304479
v 1.938567 1.374576 -1.36258
v 1.99442 1.393577 -1.425059
v 2.05019 1.423546 -1.366958
v 1.330411 2.524632 -1.32913
v 1.211937 2.441997 -1.46017
v 1.330599 2.499647 -1.603808
v 1.449074 2.582282 -1.472768
v 1.216184 1.217757 -1.022475
v 1.15415 1.192666 -1.145752
v 1.216355 1.195111 -1.271449
v 1.278388 1.220201 -1.148172
v 0.736235 2.459653 -1.111567
v 0.597219 2.392725 -1.255289
v 0.736439 2.432642 -1.4085389
v 0.875455 2.49957 -1.264816
v 2.497635 2.806145 -1.737483
v 2.368628 2.755115 -1.588265
v 2.497437 2.832246 -1.450526
v 2.626444 2.883276 -1.599744
v 2.921233 1.967479 -1.587121
v 2.856815 1.944892 -1.514231
v 2.921136 1.980267 -1.446524
v 2.985555 2.002854 -1.519414
v 3.542369 0.446668 -1.440887
v 3.480038 0.43799 -1.376736
v 3.542282 0.458108 -1.315118
v 3.6046119 0.466785 -1.379269
v 0.024817 1.846032 -0.455623
v 0.295527 1.7347699 -0.353455
v 0.06654 2.102607 -0.286753
v 0.33725 1.991344 -0.184585
v 3.105769 3.615889 -1.666047
v 3.050792 3.636232 -1.728969
v 2.9957309 3.667587 -1.670826
v 3.050708 3.647244 -1.607904
v 3.128152 3.685041 -1.672322
v 3.077981 3.711032 -1.620083
v 3.027884 3.727165 -1.676223
v 3.078055 3.701174 -1.728462
v 3.127781 3.946156 -1.696072
v 3.636858 -0.896626 -1.299929
v 3.59245 -0.896046 -1.255318
v 3.681204 -0.889143 -1.255884
v 3.636797 -0.888562 -1.211274
v 3.640329 -0.945964 -1.294752
v 3.59658 -0.945044 -1.250858
v 3.640269 -0.938024 -1.20746
v 3.684018 -0.938945 -1.251353
v 3.641627 -1.067974 -1.239646
v 2.303786 0.190444 -1.254622
v 2.356675 0.201737 -1.311168
v 2.409489 0.223053 -1.257516
v 2.3566 0.21176 -1.20097
v 2.427997 0.161214 -1.251878
v 2.375336 0.140343 -1.305301
v 2.322599 0.129447 -1.249061
v 2.3752599 0.150318 -1.195638
v 2.40322 -0.050363 -1.232646
v 1.213673 0.561743 -1.088324
v 1.261365 0.554507 -1.21315
v 1.308887 0.569916 -1.089002
v 1.261195 0.577153 -0.964176
v 1.311581 0.512474 -1.083776
v 1.265342 0.49792 -1.208001
v 1.218931 0.506011 -1.083252
v 1.26517 0.520566 -0.959027
v 1.267696 0.278645 -1.062538
v 1.327901 2.271646 -1.444595
v 1.436539 2.323128 -1.575281
v 1.545007 2.397358 -1.455881
v 1.436368 2.345875 -1.325195
v 0.955438 2.245613 -1.241662
v 0.831703 2.18699 -1.381326
v 0.707771 2.154512 -1.233546
v 0.831506 2.213135 -1.093882
v 2.440269 2.636216 -1.5774
v 2.559798 2.683072 -1.715417
v 2.679143 2.754075 -1.587955
v 2.559614 2.707219 -1.4499379
v 0.639053 2.441297 -1.385837
v 0.029999 1.877896 -0.434651
v 0.661019 2.389573 -1.383297
v 0.058424 1.83222 -0.442939
v 3.026003 3.656385 -1.636179
v 3.052357 3.719284 -1.648797
v 3.075358 3.633207 -1.633933
v 3.103094 3.698022 -1.646231
v 2.479772 2.82937 -1.712143
v 2.828352 3.179269 -1.706938
v 2.508045 2.780784 -1.707921
v 2.874421 3.148369 -1.704144
v 2.8743129 3.162884 -1.544547
v 2.828242 3.193776 -1.547432
v 3.026049 3.650322 -1.702842
v 3.075404 3.627125 -1.7008
v 2.486927 2.857748 -1.480283
v 1.35012 2.560355 -1.340103
v 2.515177 2.809277 -1.475635
v 1.361497 2.507392 -1.333837
v 3.052394 3.714468 -1.701742
v 3.103132 3.693099 -1.700361
v 3.127967 3.815577 -1.684195
v 3.075641 3.831857 -1.685712
v 0.811567 2.502784 -1.136887
v 0.833618 2.450988 -1.134274
v 0.281354 1.98292 -0.153785
v 0.303614 2.005169 -0.19728
v 0.309997 1.937407 -0.162403
v 0.332068 1.959477 -0.205559
v 1.299513 2.516851 -1.599126
v 1.310886 2.463931 -1.592846
v 0.030286 1.806564 -0.401074
v 0.001645 1.852071 -0.392458
v 2.429225 2.934192 -1.617798
v 1.297314 2.652629 -1.496352
v 2.430045 2.937396 -1.591495
v 1.30238 2.656992 -1.470413
v 2.56498 2.701061 -1.596605
v 1.358627 2.367289 -1.462529
v 2.565788 2.704322 -1.5701
v 1.363696 2.371632 -1.436597
v 0.298058 1.750337 -0.343209
v 0.809667 2.294652 -1.241203
v 0.279095 1.741523 -0.359656
v 0.794174 2.289159 -1.263546
v 3.115311 3.755766 -1.664879
v 3.115638 3.691524 -1.659292
v 3.115331 3.753261 -1.69242
v 3.115657 3.689065 -1.686324
v 0.663005 2.597638 -1.278905
v 0.678456 2.603165 -1.256598
v 3.064015 3.7731519 -1.693729
v 3.115389 3.885105 -1.704144
v 3.063997 3.77556 -1.667251
v 3.11537 3.887561 -1.677135
v 2.93082 3.118968 -1.60759
v 2.930838 3.116554 -1.634131
v 3.093702 3.620354 -1.679858
v 3.093684 3.62277 -1.653286
v 3.0077739 3.660729 -1.683543
v 2.771871 3.223164 -1.643923
v 3.007755 3.663137 -1.657064
v 2.771852 3.225576 -1.617412
v 0.064008 2.087041 -0.296999
v 0.082957 2.09586 -0.280557
v 0.256245 1.715567 -0.318645
v 0.275313 1.724487 -0.302375
v 0.055397 2.073916 -0.236213
v 0.036331 2.064997 -0.252482
v 3.040154 3.72081 -1.688998
v 3.040135 3.7232199 -1.662494
v 0.812066 2.181843 -1.35791
v 1.202587 1.19457 -1.243629
v 0.851314 2.196281 -1.359191
v 1.230099 1.20067 -1.244134
v 2.01465 1.404448 -1.403984
v 1.455492 2.336098 -1.554419
v 1.974228 1.386708 -1.402472
v 1.417568 2.314138 -1.55246
v 2.901235 1.960467 -1.564492
v 2.54012 2.675358 -1.692695
v 2.94123 1.978477 -1.566072
v 2.57945 2.694764 -1.694428
v 2.396333 0.148665 -1.284
v 2.377593 0.210179 -1.289919
v 2.353866 0.135907 -1.282405
v 2.335727 0.197264 -1.288772
v 1.417427 2.332913 -1.346046
v 1.974176 1.393711 -1.325484
v 1.45535 2.354871 -1.34803
v 2.014597 1.411437 -1.327143
v 2.369664 0.024477 -1.239478
v 2.413118 0.034152 -1.240328
v 2.477984 2.798372 -1.714753
v 2.517256 2.817895 -1.716501
v 3.66235 -0.938489 -1.229614
v 3.658659 -0.888848 -1.233236
v 3.617999 -0.941602 -1.229582
v 3.614962 -0.892247 -1.23296
v 1.253863 0.499921 -1.177146
v 1.250321 0.556182 -1.184243
v 1.276657 0.501481 -1.177602
v 1.27237 0.558075 -1.1844
v 0.756872 2.442479 -1.387414
v 0.715976 2.426775 -1.386014
v 2.353822 0.141821 -1.217387
v 2.396288 0.154662 -1.218062
v 1.254907 0.338275 -1.06797
v 1.278976 0.33874398 -1.067996
v 0.8119 2.203846 -1.116012
v 1.202454 1.212203 -1.04976
v 0.851148 2.218282 -1.117304
v 1.229966 1.218298 -1.050326
v 1.311569 2.51149 -1.34997
v 1.349283 2.533801 -1.351974
v 3.618227 -1.004117 -1.24547
v 3.618028 -0.945495 -1.272378
v 3.663224 -1.002238 -1.24561
v 3.662381 -0.942421 -1.272846
v 3.563905 0.461118 -1.337372
v 3.520672 0.451123 -1.33651
v 3.614993 -0.896341 -1.277964
v 3.520729 0.44365498 -1.4186159
v 3.65869 -0.892942 -1.278245
v 3.563962 0.453647 -1.419511
v 2.941163 1.987289 -1.469184
v 2.901168 1.969285 -1.467544
v 1.311727 2.490479 -1.580964
v 1.349441 2.51279 -1.582968
v 1.253734 0.516966 -0.989751
v 1.250189 0.573584 -0.992926
v 1.276527 0.518585 -0.989554
v 1.272239 0.575477 -0.993083
v 2.477816 2.820497 -1.471507
v 2.539966 2.69553 -1.470923
v 2.517088 2.84002 -1.473255
v 2.579297 2.714934 -1.472665
v 0.756698 2.46552 -1.134092
v 0.715802 2.449816 -1.132692
v 2.335682 0.203317 -1.22222
v 2.377547 0.216233 -1.223365
v 0.717397 2.159072 -1.222681
v 1.160891 1.195393 -1.132358
v 0.717412 2.157038 -1.245042
v 1.160909 1.192932 -1.15941
v 1.337193 2.278005 -1.434367
v 1.948486 1.3799059 -1.352248
v 1.337207 2.276056 -1.45579
v 1.9485 1.377955 -1.373691
v 2.449919 2.639999 -1.5885429
v 2.866633 1.948335 -1.525341
v 2.449904 2.641948 -1.56711
v 2.866618 1.950284 -1.503912
v 1.221174 2.44844 -1.449953
v 1.221189 2.446492 -1.47137
v 1.254749 0.36277398 -1.084516
v 1.267427 0.303691 -1.079153
v 1.254729 0.365356 -1.056116
v 1.267408 0.306278 -1.050714
v 3.641285 -1.035209 -1.231531
v 3.662775 -0.969503 -1.237397
v 3.6413 -1.037211 -1.25354
v 3.662791 -0.971523 -1.259596
v 3.603169 -0.896186 -1.266085
v 3.60741 -0.945271 -1.261724
v 3.603154 -0.89424 -1.244687
v 3.607394 -0.94330597 -1.240115
v 2.378263 2.758927 -1.599408
v 2.378248 2.760875 -1.577978
v 3.673107 -0.94069797 -1.2621909
v 3.673092 -0.938715 -1.240391
v 2.314041 0.194583 -1.244204
v 2.332895 0.133528 -1.238616
v 2.314056 0.192637 -1.265602
v 2.33291 0.131578 -1.260057
v 3.490639 0.439466 -1.387646
v 3.490624 0.441412 -1.366256
v 2.040306 1.418234 -1.377256
v 1.535721 2.391002 -1.466104
v 2.040291 1.420178 -1.355884
v 1.535706 2.39295 -1.444693
v 1.219088 0.560922 -1.102496
v 1.219068 0.563493 -1.07423
v 2.397654 -0.0122919995 -1.24715
v 2.407441 0.072883 -1.2550989
v 2.397639 -0.0103 -1.225258
v 2.407425 0.074912 -1.232798
v 0.607247 2.397553 -1.244923
v 0.607261 2.395604 -1.266343
v 3.618111 -0.972245 -1.23737
v 3.618126 -0.97423 -1.259188
v 2.97575 1.999417 -1.50832
v 2.669496 2.750293 -1.576816
v 2.975765 1.99747 -1.529719
v 2.66951 2.748344 -1.598243
v 1.306283 0.513397 -1.069535
v 1.303472 0.570738 -1.074829
v 1.306302 0.510812 -1.097957
v 1.303491 0.568166 -1.103099
v 3.6705 -0.89095 -1.266516
v 3.670485 -0.889003 -1.245116
v 1.271656 1.217478 -1.16155
v 0.945821 2.241057 -1.2525179
v 1.271637 1.219936 -1.134531
v 0.945805 2.243089 -1.230176
v 1.278605 0.365978 -1.0561169
v 1.278625 0.363388 -1.084594
v 3.594004 0.465308 -1.36835
v 3.594019 0.463361 -1.389756
v 2.41749 0.159043 -1.240673
v 2.399219 0.22086 -1.246536
v 2.417504 0.157055 -1.262523
v 2.399233 0.218914 -1.267934
v 1.439822 2.577787 -1.461568
v 1.439836 2.575839 -1.482985
v 2.36443 0.063249 -1.232179
v 2.364444 0.061295 -1.253662
v 1.224222 0.505089 -1.097474
v 1.224202 0.507671 -1.069089
v 0.865414 2.496691 -1.253763
v 0.865428 2.494743 -1.275183
v 2.616824 2.877516 -1.61003
v 2.616809 2.879465 -1.5886
v 0.695592 2.600463 -1.290076
v 0.671772 2.44504 -1.396403
v 0.646536 2.5836 -1.251909
v 0.622374 2.425869 -1.35979
v 2.395003 2.925679 -1.614126
v 2.445784 2.82037 -1.708889
v 2.455929 2.956714 -1.619834
v 2.505063 2.854757 -1.711766
v 2.842004 3.2118 -1.706655
v 2.788262 3.253569 -1.646676
v 2.803871 3.154695 -1.707304
v 2.744982 3.200487 -1.641873
v 2.95291 3.143631 -1.623198
v 2.941644 3.149983 -1.637165
v 2.919191 3.084234 -1.617819
v 2.907955 3.0905669 -1.631784
v 2.849469 3.138423 -1.539779
v 2.90794 3.092978 -1.60524
v 2.887732 3.194277 -1.550513
v 2.941626 3.152397 -1.610622
v 2.459274 2.792707 -1.733828
v 2.474323 2.771859 -1.704679
v 2.518034 2.826665 -1.736773
v 2.532577 2.805398 -1.707668
v 2.38874 2.939136 -1.602083
v 2.396227 2.928987 -1.587864
v 2.449386 2.97 -1.607754
v 2.456548 2.959742 -1.593505
v 2.86496 3.193576 -1.732429
v 2.826768 3.136584 -1.732984
v 2.887836 3.180325 -1.703921
v 2.849585 3.123452 -1.7044
v 2.826618 3.156499 -1.514052
v 2.864816 3.212453 -1.524892
v 2.5893779 2.73112 -1.572523
v 2.539909 2.833629 -1.4803799
v 2.531949 2.694957 -1.566342
v 2.481119 2.800365 -1.471449
v 0.871698 2.486065 -1.125292
v 0.84592 2.506456 -1.14985
v 0.822903 2.467279 -1.083925
v 0.795371 2.486918 -1.106928
v 2.53865 2.681486 -1.578534
v 2.531502 2.691798 -1.592884
v 2.595751 2.717385 -1.584676
v 2.58824 2.727477 -1.59899
v 0.840736 2.283895 -1.263522
v 0.828692 2.293937 -1.275715
v 0.79151 2.262446 -1.224005
v 0.777713 2.271658 -1.23466
v 2.777016 3.262312 -1.634115
v 2.733695 3.209263 -1.62932
v 2.511857 2.882292 -1.485188
v 2.453371 2.848969 -1.476145
v 2.7449589 3.202902 -1.615372
v 2.803765 3.169678 -1.542616
v 2.788244 3.25598 -1.620167
v 2.8419 3.225724 -1.553561
v 0.643244 2.373132 -1.355558
v 0.696417 2.3936229 -1.394711
v 2.468131 2.827884 -1.446766
v 2.526762 2.861173 -1.455756
v 0.617001 2.393847 -1.380495
v 0.668275 2.4136739 -1.418397
v 0.660927 2.588232 -1.227867
v 0.648366 2.598549 -1.240508
v 0.713738 2.606209 -1.268689
v 0.699296 2.615976 -1.280003
v 0.842011 2.299146 -1.25261
v 0.794529 2.278545 -1.214631
v 0.865789 2.454425 -1.146435
v 0.818713 2.436381 -1.106674
# 396 vertices

vn -0.4613 0.4721 -0.751
vn -0.459 0.4745 -0.751
vn -0.45679998 0.4673 -0.75689995
vn -0.4545 0.46899998 -0.7571
vn -0.4565 0.5994 0.6574
vn -0.46019998 0.60289997 0.6516
vn -0.4622 0.6009 0.652
vn -0.4583 0.59779996 0.6576
vn 0.53569996 -0.40359998 0.7416
vn 0.5316 -0.3992 0.74689996
vn 0.5373 -0.4021 0.7413
vn 0.5333 -0.3972 0.7467
vn 0.5366 -0.5287 -0.6576
vn 0.5333 -0.5256 -0.6627
vn 0.5319 -0.5272 -0.6626
vn 0.5352 -0.5299 -0.6577
vn -0.2703 0.5783 -0.7696
vn -0.2701 0.57839996 -0.7696
vn -0.2296 0.5868 -0.77639997
vn -0.2294 0.5869 -0.77639997
vn -0.0023 0.8041 0.5944
vn -0.12619999 0.77459997 0.6196
vn -0.1261 0.77459997 0.6196
vn -0.0018 0.8042 0.59419996
vn 0.24689999 -0.5804 0.7759
vn 0.2471 -0.5804 0.7759
vn 0.29549998 -0.57339996 0.764
vn 0.2959 -0.5733 0.7639
vn 0.026099999 -0.797 -0.60319996
vn 0.1434 -0.7685 -0.6234
vn 0.1433 -0.7686 -0.6234
vn 0.0266 -0.7969 -0.6035
vn -0.3108 0.569 -0.76119995
vn -0.31039998 0.56909996 -0.76129997
vn 0.1218 0.8215 0.55689996
vn 0.120699994 0.82119995 0.55759996
vn 0.3437 -0.56479996 0.75009996
vn 0.34329998 -0.56479996 0.7503
vn -0.092199996 -0.8124 -0.57559997
vn -0.091199994 -0.8121 -0.5762
vn 0.085599996 0.8059 -0.5857
vn 0.0849 0.8983 0.43089998
vn 0.085599996 0.8059 -0.5858
vn 0.0849 0.89839995 0.4308
vn -0.7926 0.37899998 0.47739998
vn -0.7926 0.3791 0.47739998
vn -0.7919 0.2866 -0.539
vn -0.7919 0.2866 -0.539
vn 0.2355 0.876 0.4208
vn -0.7331 0.4195 -0.5352
vn -0.73469996 0.4127 -0.53819996
vn 0.23619999 0.78569996 -0.57159996
vn -0.7338 0.50909996 0.4497
vn 0.23009999 0.8793 0.4168
vn -0.73539996 0.5029 0.454
vn 0.23079999 0.7897 -0.5683
vn 0.15269999 0.7944 -0.5877
vn -0.7668 0.4306 0.47579998
vn 0.15269999 0.7944 -0.5877
vn 0.152 0.8874 0.435
vn -0.7668 0.4306 0.4759
vn 0.152 0.8875 0.4349
vn -0.7661 0.3376 -0.54679996
vn -0.7661 0.3376 -0.54679996
vn -0.6825 -0.2289 -0.694
vn -0.63119996 -0.38009998 -0.676
vn -0.6825 -0.2289 -0.694
vn -0.6311 -0.38009998 -0.676
vn -0.6321 -0.2519 0.7326
vn -0.6835 -0.099999994 0.723
vn -0.6321 -0.252 0.7326
vn -0.6835 -0.099999994 0.723
vn 0.6853 0.2164 0.6953
vn 0.6853 0.2163 0.6953
vn 0.6554 0.3277 0.68039995
vn 0.6554 0.3277 0.68039995
vn 0.65639997 0.1997 -0.7274
vn 0.65639997 0.1996 -0.7274
vn 0.6863 0.0874 -0.7219
vn 0.6863 0.0874 -0.7219
vn -0.117699996 -0.81409997 -0.5685
vn -0.1171 -0.81369996 -0.5693
vn -0.117 -0.8193 -0.5611
vn -0.116299994 -0.8189 -0.56189996
vn -0.115499996 -0.8093 -0.57589996
vn -0.1161 -0.80979997 -0.5749
vn -0.8635 0.3676 -0.3451
vn -0.8671 0.3647 -0.3392
vn -0.8635 0.36769998 -0.3451
vn -0.8671 0.3647 -0.3392
vn -0.8598 0.3707 -0.3509
vn -0.8598 0.3707 -0.3509
vn 0.8939 -0.3385 0.29369998
vn 0.89049995 -0.3418 0.29999998
vn 0.89379996 -0.3385 0.29369998
vn 0.89049995 -0.3418 0.3001
vn 0.8972 -0.3351 0.2875
vn 0.8972 -0.3351 0.2874
vn 0.15179999 0.8408 0.5194
vn 0.1525 0.83599997 0.527
vn 0.1533 0.83629996 0.5263
vn 0.1524 0.8412 0.5186
vn 0.15339999 0.8447 0.51269996
vn 0.1539 0.8452 0.5117
vn 0.7105 -0.17119999 -0.6825
vn 0.7105 -0.1709 -0.6825
vn 0.6775 -0.2798 -0.68009996
vn 0.67719996 -0.28039998 -0.68009996
vn 0.6799 -0.2807 -0.6774
vn 0.67969996 -0.2811 -0.6774
vn -0.6216 0.26819998 -0.7359
vn -0.6336 0.2479 -0.7327
vn -0.62189996 0.2676 -0.73579997
vn -0.6335 0.2483 -0.7327
vn -0.6193 0.2663 -0.7385
vn -0.6191 0.2668 -0.7385
vn 0.70949996 -0.045199998 0.7032
vn 0.7096 -0.0449 0.70309997
vn 0.6762 -0.153 0.7205
vn 0.67649996 -0.1524 0.7204
vn 0.6787 -0.1542 0.7179
vn 0.6789 -0.1537 0.71779996
vn -0.63449997 0.37629998 0.675
vn -0.6229 0.39589998 0.6746
vn -0.62259996 0.3965 0.6745
vn -0.6346 0.376 0.67509997
vn -0.6203 0.3951 0.6774
vn -0.62009996 0.3956 0.6774
vn 0.7351 0.0624 0.675
vn 0.73609996 -0.0602 -0.6741
vn -0.6443 0.35529998 0.6771
vn -0.6434 0.2272 -0.731
vn -0.6936 -0.21689999 -0.6868
vn -0.7039 -0.122899994 -0.69949996
vn -0.6936 -0.21689999 -0.6868
vn -0.7039 -0.122899994 -0.69949996
vn 0.70849997 -0.15799999 -0.6877
vn 0.70669997 -0.0244 -0.70699996
vn 0.70849997 -0.15799999 -0.6877
vn 0.70669997 -0.0244 -0.70699996
vn 0.7057 0.103599995 0.7008
vn 0.7076 -0.0312 0.70589995
vn 0.7076 -0.0312 0.70589995
vn 0.7057 0.103599995 0.7008
vn -0.6946 -0.089499995 0.7137
vn -0.6946 -0.089499995 0.7137
vn -0.7048 0.0050999997 0.70919997
vn -0.7048 0.0050999997 0.70919997
vn -0.6777 -0.18339999 0.7119
vn -0.6768 -0.3089 -0.6681
vn 0.6976 -0.28869998 -0.6556
vn 0.6967 -0.1655 0.6979
vn -0.6622 -0.3117 -0.6813
vn -0.67539996 -0.2708 -0.6859
vn -0.6622 -0.3117 -0.6813
vn -0.67539996 -0.2708 -0.6859
vn -0.6343 -0.3673 -0.68009996
vn -0.6343 -0.3674 -0.68009996
vn 0.6781 0.1371 -0.7219
vn 0.713 -0.0045 -0.701
vn 0.713 -0.0045 -0.701
vn 0.6781 0.1371 -0.7219
vn 0.6547 0.19829999 -0.72929996
vn 0.6547 0.19839999 -0.72929996
vn -0.6631 -0.1837 0.7255
vn -0.6631 -0.1837 0.7255
vn -0.6763 -0.1427 0.72249997
vn -0.6763 -0.1427 0.72249997
vn -0.63519996 -0.23869999 0.7344
vn -0.6353 -0.2386 0.7344
vn 0.71209997 0.121999994 0.6913
vn 0.71209997 0.121999994 0.6913
vn 0.67719996 0.2652 0.6863
vn 0.67719996 0.2652 0.6863
vn 0.6537 0.3268 0.6824
vn 0.6537 0.3268 0.6824
vn -0.6477 -0.35209998 -0.6756
vn -0.6487 -0.2244 0.72709996
vn 0.7324 -0.1462 -0.6649
vn 0.73149997 -0.023699999 0.6813
vn -0.92689997 -0.16579999 -0.3365
vn -0.9262 -0.1704 -0.33609998
vn -0.9223 -0.106 -0.3714
vn -0.92149997 -0.1151 -0.3707
vn -0.8434 -0.24049999 -0.48029998
vn -0.8401 -0.254 -0.4791
vn 0.92399997 0.022799999 -0.3816
vn 0.93579996 -0.093499996 -0.3398
vn 0.9246 0.0139999995 -0.38059998
vn 0.936 -0.088999994 -0.34039998
vn 0.85099995 0.119799994 -0.5112
vn 0.8537 0.1065 -0.5096
vn 0.9353 -0.030499998 0.3524
vn 0.92399997 0.082499996 0.37309998
vn 0.93549997 -0.025999999 0.3522
vn 0.9235 0.0914 0.3725
vn 0.85029995 0.2101 0.48229998
vn 0.853 0.1968 0.48319998
vn -0.9274 -0.1025 0.3597
vn -0.9228 -0.0374 0.3832
vn -0.922 -0.0464 0.38419998
vn -0.9267 -0.107 0.35999998
vn -0.8408 -0.1634 0.5159
vn -0.8441 -0.14989999 0.5147
vn -0.918 -0.16399999 0.36089998
vn 0.92469996 -0.1414 0.3532
vn -0.91749996 -0.22649999 -0.3266
vn 0.9252 -0.20269999 -0.3206
vn -0.5859 -0.4596 -0.6674
vn -0.5858 -0.4597 -0.6673
vn 0.6288 0.259 -0.7331
vn 0.62869996 0.2591 -0.7331
vn -0.5868 -0.3317 0.7385
vn -0.5868 -0.33179998 0.7385
vn 0.6278 0.38709998 0.67509997
vn 0.6278 0.3872 0.67509997
vn 0.727 0.1963 -0.65779996
vn 0.7324 0.1805 -0.65639997
vn -0.7035 -0.3712 -0.6058
vn -0.7098 -0.35549998 -0.60789996
vn -0.7107 -0.2401 0.6611
vn -0.7044 -0.2559 0.6619
vn 0.73149997 0.2961 0.61399996
vn 0.7262 0.3118 0.61259997
vn -0.6069 -0.4269 -0.6702
vn -0.607 -0.42679998 -0.6703
vn 0.65639997 0.2012 -0.727
vn 0.6563 0.2013 -0.727
vn -0.608 -0.29889998 0.73539996
vn -0.60789996 -0.299 0.73539996
vn 0.6554 0.3292 0.67969996
vn 0.65529996 0.3292 0.67969996
vn -0.69449997 -0.3161 -0.6462
vn -0.6985 -0.3227 -0.6386
vn 0.0372 0.17199999 0.98429996
vn 0.0497 0.2342 0.9709
vn 0.049999997 -0.037499998 -0.99799997
vn 0.0556 -0.042999998 -0.9975
vn 0.040799998 0.1705 0.9845
vn 0.038599998 -0.0084 -0.9992
vn 0.0422 -0.0099 -0.99899995
vn 0.20989999 0.1604 0.9644
vn 0.085499994 0.1373 0.98679996
vn 0.051099997 0.0552 -0.9971
vn 0.063999996 0.2945 0.95339996
vn 0.049799997 0.1443 0.98819995
vn 0.0554 0.1387 0.9887
vn 0.3306 0.182 0.926
vn 0.7427 0.36049998 0.56409997
vn 0.7387 0.3548 0.5729
vn 0.065299995 0.117699996 -0.99079996
vn -0.174 -0.15169999 -0.9729
vn -0.060999997 -0.1284 -0.9898
vn -0.2848 -0.1718 -0.94299996
vn 0.7352 0.3482 0.5814
vn -0.68979996 -0.3105 -0.65389997
vn -0.2509 0.96159995 -0.1107
vn -0.1926 0.973 -0.1269
vn 0.27609998 -0.955 0.10789999
vn 0.228 -0.9666 0.1162
vn 0.5485 -0.8131 -0.19469999
vn 0.5456 -0.8174 -0.1845
vn 0.9884 -0.15079999 0.0144
vn 0.9999 0.0014 4.9999997E-4
vn -0.134 0.9805 -0.1434
vn 0.29819998 0.95049995 -0.0862
vn -0.9104 0.4118 -0.038
vn 0.75159997 -0.6568 0.0591
vn 0.75159997 -0.6568 0.0598
vn 0.9518 -0.30519998 0.0284
vn 0.9518 -0.3053 0.0284
vn -0.88089997 0.4711 -0.043399997
vn -0.88089997 0.4712 -0.043399997
vn 0.17889999 -0.97609997 0.12329999
vn -0.5069 0.8515 0.1334
vn -0.5036 0.85499996 0.1236
vn 0.5523 -0.8082 -0.204
vn -0.49929997 0.8587 0.114599995
vn -0.8962 0.44169998 -0.040799998
vn -0.6458 0.7601 -0.0709
vn -0.6458 0.76019996 -0.07
vn 0.0088 -0.1122 -0.99359995
vn 0.0058 -0.106699996 -0.9942
vn 0.0156 -0.1184 -0.9928
vn 0.0301 -0.1418 -0.98939997
vn 0.0347 -0.1593 -0.9866
vn 0.018299999 -0.12719999 -0.9917
vn 0.0018999999 -0.0945 -0.99549997
vn 0.0309 -0.22399999 -0.974
vn 0.0143 0.0626 0.99789995
vn 0.0287 0.039 0.9988
vn 0.0591 -0.3478 -0.9356
vn -0.2376 0.3987 -0.8857
vn 4.9999997E-4 0.0769 0.997
vn 0.0067999996 -0.0848 0.9963
vn 0.0011 -0.0972 -0.9952
vn 0.0058999998 -0.34649998 -0.93799996
vn -0.2061 0.45949998 -0.8639
vn 0.0578 -0.1732 0.9831
vn 0.0296 -0.044499997 0.9985
vn 0.0098 -0.5527 -0.8333
vn 0.0074 0.068799995 0.99759996
vn 0.0044 0.0743 0.99719995
vn -0.2784 0.5416 0.7931
vn 0.0143 -0.4114 -0.9113
vn 0.0082 -0.26319999 -0.96459997
vn 8.0E-4 0.081599995 0.9966
vn 0.0022 -0.0995 -0.99499995
vn 0.0018999999 -0.1042 -0.9945
vn 0.016999999 0.0537 0.9984
vn -0.27719998 0.38959998 -0.8782
vn 0.0045 -0.1716 0.9851
vn -1.0E-4 0.0839 0.9964
vn 0.0334 0.0213 0.9992
vn -0.23879999 0.55189997 0.7989
vn 0.012999999 -0.2402 0.97059995
vn -0.20719999 0.6078 0.7665
vn 4.9999997E-4 0.0866 0.99619997
vn 0.008599999 -0.39319998 0.91929996
vn -0.96819997 -0.2489 0.0219
vn -0.9086 -0.4159 0.0372
vn -0.90169996 -0.4306 0.0385
vn -0.82769996 -0.5588 0.0502
vn -0.8935 -0.4472 0.04
vn -0.8574 -0.5124 0.046
vn -0.9992 0.038599998 -0.0041
vn 0.019399999 -0.9956 0.0905
vn -0.97789997 -0.20799999 0.018199999
vn 0.9504 -0.3096 0.0288
vn 0.0418 -0.99499995 0.0905
vn -0.9763 -0.2155 0.0189
vn -0.9964 -0.083299994 0.0067999996
vn -0.99499995 0.0989 -0.0095999995
vn 0.99109995 -0.13239999 0.0127
vn -0.95589995 -0.2924 0.025899999
vn -0.93619996 -0.35 0.0311
vn -0.9719 -0.2341 0.0206
vn 0.88839996 0.45709997 -0.0409
vn 0.9274 0.3724 -0.0332
vn -0.9957 -0.0918 0.0075999997
vn 0.2181 -0.97179997 0.0885
vn 0.9932 -0.1153 0.0111
vn -0.9813 0.1915 -0.018
vn -0.93939996 -0.3414 0.030399999
vn 0.9264 0.3748 -0.0334
vn 0.92719996 0.37289998 -0.0332
vn 0.9988 0.047799997 -0.0036
vn 0.99759996 -0.0683 0.0067999996
vn 0.9984 0.0559 -0.0044
vn 0.9535 0.29999998 -0.0266
vn 0.9855 0.1687 -0.014599999
vn 0.98289996 -0.1829 0.0173
vn 0.97609997 0.2162 -0.0189
vn 0.99649996 0.0821 -0.0067
vn 0.9583 0.2845 -0.0252
vn 0.4434 0.8926 -0.0808
vn -0.9131 -0.406 0.0363
vn -0.9885 -0.1503 0.0128999995
vn 0.59749997 0.7985 -0.0722
vn 0.5184 0.8516 -0.0771
vn -0.63229996 0.501 -0.5908
vn -0.6321 0.501 -0.5909
vn -0.34379998 0.53139997 -0.7741
vn -0.345 0.53069997 -0.7741
vn -0.5458 0.3735 -0.75
vn -0.5445 0.3752 -0.75
vn 0.8706 -0.4899 0.0451
vn 0.6116 -0.4077 -0.67789996
vn 0.6116 -0.27719998 0.7409
vn 0.61079997 -0.2786 0.74109995
vn 0.3502 -0.6673 -0.6573
vn -0.0011999999 -0.087 -0.99619997
vn -0.29569998 0.6987 0.6513
vn -0.4588 0.8835 -0.0933
vn 0.0455 -0.022599999 -0.99869996
vn 0.6124 -0.4066 -0.67789996
vn 0.0447 0.1585 0.9863
vn 0.399 -0.4994 0.769
vn 0.398 -0.5 0.76909995
vn 0.5561 0.2762 0.7838
vn 0.1384 0.82919997 0.5414
vn 0.34939998 -0.6677 -0.6572
vn 0.5369 -0.8391 0.086799994
vn 0.37539998 -0.9262 -0.0325
vn -0.1029 -0.81549996 -0.5694
vn -0.7761 0.6279 -0.0576
vn -0.2967 0.6981 0.6515
vn -0.54649997 0.5031 0.6694
vn -0.5455 0.5044 0.6692
vn -0.1038 -0.81589997 -0.56869996
vn 0.0718 0.1369 0.98789996
vn -0.50909996 -0.2565 -0.8215
vn 0.1375 0.8289 0.5421
vn -0.3292 0.9442 -0.0058
vn 0.6644 -0.4885 0.56549996
vn 0.66459996 -0.48839998 0.5653
# 396 vertex normals

vt 6.156911 -0.611317 0.29886
vt 6.178142 -0.604156 0.292827
vt 6.129184 -0.649455 0.265844
vt 6.165284 -0.63452 0.260963
vt 6.175409 -0.63444 0.260736
vt 6.187187 -0.604155 0.292559
vt 6.212132 -0.611317 0.297231
vt 6.215107 -0.648574 0.264094
vt 6.179387 -0.671478 0.2706
vt 6.1917458 -0.62406397 0.307078
vt 6.215776 -0.656457 0.266177
vt 6.213083 -0.616964 0.301304
vt 6.130194 -0.657421 0.267853
vt 6.158619 -0.61696297 0.302912
vt 6.183109 -0.624063 0.307333
vt 6.169533 -0.671637 0.270759
vt 6.052384 -0.675602 0.142241
vt 6.133814 -0.656788 0.141607
vt 6.12535 -0.653343 0.25957
vt 6.16343 -0.637914 0.2545
vt 6.152664 -0.656598 0.141768
vt 6.215785 -0.652404 0.2578
vt 6.173821 -0.637804 0.254333
vt 6.239031 -0.673718 0.143917
vt 6.178056 -0.675714 0.264403
vt 6.216418 -0.660271 0.259853
vt 6.159875 -0.700718 0.143683
vt 6.24014 -0.681906 0.144287
vt 6.053979 -0.683785 0.142574
vt 6.126551 -0.661206 0.261687
vt 6.167993 -0.675814 0.264641
vt 6.1412888 -0.700905 0.143502
vt 6.112265 -0.675705 0.076178
vt 6.271083 -0.654573 0.079483
vt 6.413175 -0.67361 0.093663
vt 6.298169 -0.654394 0.081337
vt 6.410104 -0.681801 0.09487
vt 6.283517 -0.702914 0.089704
vt 6.112233 -0.683883 0.077921
vt 6.256957 -0.703093 0.088371
vt 6.150368 -0.671388 0.154408
vt 6.228995 -0.677481 0.143547
vt 6.070391 -0.677482 0.146643
vt 6.164198 -0.671388 0.154138
vt 6.142904 -0.686115 0.13086
vt 6.2274218 -0.680022 0.139504
vt 6.064399 -0.680022 0.142688
vt 6.12667 -0.686115 0.131177
vt 6.301146 -0.674068 0.094807
vt 6.131647 -0.679493 0.080094
vt 6.276581 -0.683436 0.067833
vt 6.278458 -0.674068 0.094793
vt 6.450172 -0.679494 0.080293
vt 6.441772 -0.67801 0.084507
vt 6.3082848 -0.683436 0.067853
vt 6.139292 -0.67801 0.084318
vt 6.172497 -0.649819 0.275646
vt 6.217085 -0.657211 0.259797
vt 6.126596 -0.65512097 0.266656
vt 6.218127 -0.65512097 0.263952
vt 6.169878 -0.662514 0.250269
vt 6.180262 -0.649819 0.275416
vt 6.161344 -0.662514 0.250522
vt 6.124122 -0.657211 0.262544
vt 6.181758 -1.03288 0.330801
vt 6.165341 -0.792602 0.291226
vt 6.190069 -1.033283 0.327444
vt 6.176961 -0.7942 0.287182
vt 6.198655 -0.792602 0.290243
vt 6.20661 -1.03288 0.330068
vt 6.184417 -0.7942 0.286962
vt 6.196603 -1.033283 0.327251
vt 6.199312 -1.031898 0.337785
vt 6.207626 -1.032301 0.334476
vt 6.188212 -0.789158 0.298407
vt 6.199853 -0.790755 0.294442
vt 6.181049 -0.789158 0.298618
vt 6.167029 -0.790755 0.295411
vt 6.183089 -1.032301 0.3352
vt 6.192975 -1.031898 0.337972
vt 7.793876 -0.766578 0.076626
vt 7.563674 -0.785843 0.087611
vt 6.149982 -0.686328 0.071823
vt 6.302148 -0.705876 0.082946
vt 1.510689 -0.766578 0.076626
vt 1.280487 -0.785843 0.087611
vt 1.320956 -0.789767 0.090609
vt 1.553304 -0.770356 0.080439
vt 7.822872 -0.759307 0.077767
vt 6.319351 -0.656553 0.074386
vt 7.762607 -0.730839 0.093721
vt 6.148302 -0.678 0.070505
vt 1.515005 -0.734127 0.097717
vt 1.539685 -0.759307 0.077767
vt 1.5806 -0.76311 0.081703
vt 1.47942 -0.730839 0.093721
vt 1.254044 -0.756692 0.106563
vt 0.175503 -0.68402 0.090536
vt 1.264825 -0.785159 0.089834
vt 0.04283 -0.70548 0.084746
vt 1.304666 -0.789067 0.092761
vt 1.287741 -0.760084 0.109728
vt 1.460439 -0.730153 0.095627
vt 0.067508 -0.656496 0.075971
vt 0.183445 -0.676019 0.089037
vt 1.277056 -0.749417 0.107089
vt 1.495965 -0.733427 0.099543996
vt 1.310176 -0.752837 0.110361
vt 6.19166 -0.538875 0.336221
vt 6.1873 -0.537821 0.335187
vt 6.184322 -0.547022 0.331597
vt 6.190867 -0.548698 0.333088
vt 6.16228 -0.609337 0.307392
vt 6.184448 -0.615884 0.311487
vt 6.188631 -0.540834 0.325185
vt 6.186112 -0.533555 0.330481
vt 6.182977 -0.542505 0.32706
vt 6.18979 -0.532526 0.329222
vt 6.160705 -0.603656 0.303328
vt 6.179913 -0.597127 0.297835
vt 6.199705 -0.538875 0.335984
vt 6.203465 -0.537821 0.334711
vt 6.198848 -0.548698 0.332853
vt 6.204508 -0.547022 0.331002
vt 6.19297 -0.615884 0.311235
vt 6.212288 -0.609337 0.305917
vt 6.197844 -0.532526 0.328984
vt 6.203379 -0.542505 0.326458
vt 6.196776 -0.540834 0.324945
vt 6.202146 -0.533555 0.330009
vt 6.211275 -0.603656 0.301835
vt 6.188811 -0.597127 0.297572
vt 6.199998 -0.529255 0.336854
vt 6.191822 -0.529255 0.337095
vt 6.198637 -0.52519697 0.332075
vt 6.190665 -0.52519697 0.33231
vt 6.187705 -1.243034 0.319478
vt 6.184496 -1.235711 0.321041
vt 6.184718 -1.243148 0.320637
vt 6.18782 -1.235598 0.319749
vt 6.189598 -1.243741 0.326019
vt 6.189785 -1.236242 0.326459
vt 6.185992 -1.243625 0.325053
vt 6.185819 -1.236129 0.325395
vt 6.199661 -1.236129 0.324986
vt 6.199301 -1.243625 0.32466
vt 6.196286 -1.243741 0.325821
vt 6.196343 -1.236242 0.326266
vt 6.194471 -1.243034 0.319278
vt 6.198073 -1.243148 0.320243
vt 6.198522 -1.235711 0.320628
vt 6.194513 -1.235598 0.319552
vt 6.194683 -1.247595 0.319927
vt 6.187867 -1.247595 0.320128
vt 6.189116 -1.248134 0.32457
vt 6.195957 -1.248134 0.324368
vt 6.184686 -1.05619 0.207942
vt 6.184219 -1.046651 0.206943
vt 6.175345 -1.055689 0.210318
vt 6.174501 -1.04611 0.209404
vt 6.160969 -0.860333 0.190611
vt 6.173965 -0.861476 0.187603
vt 6.176698 -1.045064 0.213706
vt 6.177329 -1.054673 0.214684
vt 6.188556 -1.054167 0.216639
vt 6.188252 -1.044523 0.215706
vt 6.163667 -0.858535 0.194832
vt 6.179322 -0.857393 0.197206
vt 6.2063 -1.055689 0.20971599
vt 6.194999 -1.05619 0.20774099
vt 6.206326 -1.04611 0.208785
vt 6.194562 -1.046651 0.206742
vt 6.185388 -0.861476 0.18738
vt 6.2014008 -0.860333 0.189824
vt 6.208088 -1.054673 0.214085
vt 6.198647 -1.054167 0.216443
vt 6.207885 -1.045064 0.2131
vt 6.198176 -1.044523 0.215513
vt 6.190157 -0.857393 0.196995
vt 6.203153 -0.858535 0.194063
vt 6.1856728 -1.067379 0.210061
vt 6.195903 -1.067379 0.209862
vt 6.187489 -1.06655 0.214466
vt 6.197893 -1.06655 0.21426299
vt 6.19988 -0.979768 0.105532
vt 6.275379 -0.97945 0.102211
vt 6.19838 -0.971245 0.105994
vt 6.275458 -0.970984 0.102492
vt 6.20052 -0.874657 0.110284
vt 6.276267 -0.875156 0.105659
vt 6.200109 -0.971429 0.108196
vt 6.275942 -0.980333 0.110418
vt 6.276046 -0.971689 0.11095
vt 6.201336 -0.980013 0.107806
vt 6.202599 -0.874328 0.113085
vt 6.27695 -0.873829 0.11697
vt 0.0186 -0.980333 0.110434
vt 0.018441 -0.971689 0.110966
vt 0.093431 -0.980013 0.107916
vt 0.094615 -0.971429 0.108307
vt 0.09163 -0.874328 0.113193
vt 0.016955 -0.873829 0.116985
vt 0.095136 -0.979768 0.105644
vt 0.096583 -0.971245 0.106108
vt 0.019962 -0.970984 0.102509
vt 0.020075 -0.97945 0.102229
vt 0.018787 -0.875156 0.105676
vt 0.093987 -0.874657 0.110395
vt 0.019886 -1.0014 0.10324
vt 0.019475 -1.001813 0.105612
vt 6.275447 -1.001399 0.103223
vt 6.275585 -1.001813 0.105595
vt 6.083937 -0.708829 0.150231
vt 6.136764 -0.714086 0.14015199
vt 6.089161 -0.706345 0.154218
vt 6.156022 -0.701088 0.161232
vt 6.222082 -0.708829 0.147535
vt 6.151982 -0.714086 0.139854
vt 6.223712 -0.706345 0.151592
vt 6.169271 -0.701088 0.160973
vt 6.154941 -0.716942 0.090051
vt 6.278199 -0.713739 0.099169
vt 6.276614 -0.721474 0.075368
vt 6.148853 -0.718271 0.085997
vt 0.14876 -0.718271 0.086174
vt 0.023214 -0.721474 0.075387
vt 0.166986 -0.679494 0.080293
vt 0.025098 -0.683436 0.067853
vt 0.017633 -0.713739 0.099183
vt 0.142035 -0.716942 0.09022
vt 0.017959 -0.674068 0.094807
vt 0.158586 -0.67801 0.084507
vt 6.163915 -0.681835 0.255897
vt 6.130727 -0.677088 0.266724
vt 6.133066 -0.675017 0.270845
vt 6.17384 -0.670271 0.279016
vt 6.214115 -0.677088 0.26426
vt 6.172272 -0.681835 0.255649
vt 6.215184 -0.675017 0.268419
vt 6.181511 -0.670271 0.27879
vt 7.834283 -0.763644 0.075366996
vt 6.113126 -0.68236 0.069917
vt 6.212222 -0.544768 0.32853
vt 6.211079 -0.535711 0.332175
vt 6.148798 -0.614144 0.30124
vt 6.119557 -0.653562 0.267187
vt 6.220737 -0.60649997 0.303696
vt 6.175425 -0.544768 0.329615
vt 6.152649 -0.60649997 0.305705
vt 6.258307 -0.677618 0.144554
vt 6.226621 -0.656244 0.258758
vt 6.178491 -0.535711 0.333136
vt 6.200378 -0.509525 0.338718
vt 6.221702 -0.614144 0.29908898
vt 6.22571 -0.652423 0.26506498
vt 6.43345 -0.677515 0.096194
vt 1.285647 -0.755744 0.112271
vt 1.252692 -0.752354 0.109113
vt 6.192404 -0.509525 0.338953
vt 6.033982 -0.679886 0.142516
vt 6.1155868 -0.657398 0.260978
vt 6.078431 -0.67999 0.075894
vt 0.201238 -0.679829 0.091819
vt 1.592688 -0.76745 0.079342
vt 1.551096 -0.763644 0.075366996
vt 6.168389 -0.635946 0.253903
vt 6.142909 -0.654693 0.141595
vt 6.173234 -0.677691 0.265033
vt 6.15092 -0.70281 0.143673
vt 1.26579 -0.787278 0.088589
vt 0.030284 -0.70768 0.084194
vt 0.018961 -0.705876 0.082946
vt 6.195983 -0.539926 0.337259
vt 6.196452 -0.520383 0.339078
vt 6.285452 -0.652485 0.080049
vt 6.196916 -0.500833 0.340898
vt 6.195169 -0.516837 0.334147
vt 6.174663 -0.673488 0.27119198
vt 6.187739 -0.62543 0.308205
vt 6.195151 -0.549803 0.334079
vt 6.189013 -0.617254 0.312363
vt 6.192392 -0.539732 0.323955
vt 6.184025 -0.595761 0.296699
vt 6.269815 -0.705004 0.089385
vt 0.052955 -0.654527 0.07482
vt 0.036165 -0.656553 0.074386
vt 1.475748 -0.72872 0.094918996
vt 1.30615 -0.791187 0.091521
vt 1.511044 -0.732007 0.098902
vt 6.193505 -0.531496 0.327964
vt 6.17012 -0.632572 0.260337
vt 6.182315 -0.602784 0.291686
vt 6.126302 -0.717606 0.088352
vt 6.1769238 -0.874492 0.111943
vt 6.151054 -0.859436 0.192994
vt 6.072493 -0.707587 0.152667
vt 6.123844 -0.676053 0.269123
vt 6.158772 -0.791679 0.293581
vt 6.165324 -1.045587 0.211802
vt 6.165991 -1.055176 0.212772
vt 6.21368 -0.859436 0.191775
vt 6.237557 -0.707587 0.149447
vt 6.186609 -1.079095 0.212301
vt 6.117189 -0.656166 0.264954
vt 6.205863 -1.23592 0.32263
vt 6.205567 -1.2433879 0.322282
vt 6.172386 -0.971337 0.107376
vt 6.171967 -0.979891 0.106973
vt 6.109308 -0.678752 0.082556
vt 6.196925 -1.079095 0.2121
vt 6.217657 -1.055176 0.211767
vt 6.27546 -1.010512 0.103643
vt 0.170876 -0.717606 0.088556
vt 0.117388 -0.874492 0.112084
vt 6.243705 -0.678752 0.141422
vt 6.188253 -1.257512 0.321527
vt 6.178515 -1.2433879 0.32308
vt 6.213701 -1.032591 0.332113
vt 6.175885 -1.032591 0.333229
vt 6.178419 -1.23592 0.32344
vt 6.206737 -0.791679 0.292165
vt 6.052675 -0.678752 0.14515
vt 0.122854 -0.979891 0.10712
vt 0.122392 -0.971337 0.107522
vt 6.222879 -0.676053 0.266198
vt 6.225977 -0.656166 0.26174
vt 6.1951 -1.257512 0.321325
vt 0.188804 -0.678752 0.082783
vt 6.2174788 -1.045587 0.210787
vt 0.019824 -1.010512 0.103661
vt 0.005973 -0.875237 0.104969
vt 0.008435 -0.72179997 0.074366
vt 6.28916 -0.875237 0.104969
vt 6.291622 -0.72179997 0.074366
vt 6.179094 -0.861918 0.18645
vt 6.143373 -0.714695 0.139012
vt 6.180318 -0.794653 0.286042
vt 6.167631 -0.682342 0.254756
vt 6.133648 -0.686738 0.130033
vt 6.289256 -1.01446 0.103298
vt 6.289282 -1.005263 0.102874
vt 0.00607 -1.01446 0.103298
vt 0.006095 -1.005263 0.102874
vt 6.192423 -1.252892 0.324065
vt 6.191558 -1.262274 0.32101
vt 6.190774 -1.242918 0.318299
vt 6.190856 -1.235496 0.31858099
vt 6.165129 -0.663026 0.24937999
vt 6.193242 -1.243858 0.327005
vt 6.188905 -1.046907 0.205783
vt 6.18936 -1.056437 0.20678
vt 6.193037 -1.033425 0.326267
vt 6.16338 -0.700479 0.162088
vt 6.185252 -0.856953 0.198133
vt 6.289337 -0.970939 0.101949
vt 0.00615 -0.970939 0.101949
vt 6.191765 -1.085061 0.212198
vt 6.19269 -1.07262 0.214363
vt 0.009393 -0.6838 0.066786
vt 6.29258 -0.6838 0.066786
vt 6.191152 -1.252219 0.319602
vt 6.178058 -0.66976297 0.279917
vt 6.184968 -0.788705 0.299538
vt 0.005623 -0.971734 0.111491
vt 0.005651 -0.980389 0.110946
vt 6.28881 -0.971734 0.111491
vt 6.288838 -0.980389 0.110946
vt 6.193358 -1.236344 0.327429
vt 6.289447 -0.713413 0.100172
vt 6.288515 -0.873748 0.117658
vt 0.00626 -0.713413 0.100172
vt 0.005328 -0.873748 0.117658
vt 0.005956 -1.005703 0.105263
vt 6.289143 -1.005703 0.105263
vt 6.196421 -1.031756 0.338957
vt 6.194045 -1.053916 0.217618
vt 6.193651 -1.0442669 0.216663
vt 6.15808 -0.670765 0.155254
vt 6.190779 -1.0731469 0.209943
vt 6.289353 -0.979393 0.101682
vt 0.006166 -0.979393 0.101682
vt 0.006544 -0.673703 0.095842
vt 6.28973 -0.673703 0.095842
vt 6.176771 -0.649306 0.276544
vt 6.118363 -0.67571 0.072749
vt 6.284855 -0.654453 0.076198
vt 6.163937 -0.637326 0.258022
vt 6.126518 -0.652683 0.26306
vt 6.158914 -0.608193 0.301574
vt 6.179197 -0.601331 0.295793
vt 6.188546 -0.622028 0.310827
vt 6.183959 -0.620658 0.309952
vt 6.212893 -0.61379397 0.304124
vt 6.192521 -0.620658 0.3097
vt 6.127681 -0.660552 0.26515
vt 6.11687 -0.656741 0.264451
vt 6.17418 -0.637223 0.257814
vt 6.168825 -0.63536197 0.257404
vt 6.150851 -0.610996 0.30397
vt 6.16057 -0.61379397 0.305667
vt 6.221412 -0.610996 0.301888
vt 6.216023 -0.659613 0.26337
vt 6.178338 -0.674989 0.267901
vt 0.129989 -0.67361 0.093663
vt 0.150264 -0.677515 0.096194
vt 0.168655 -0.677508 0.093074
vt 0.148783 -0.673602 0.090404
vt 6.168401 -0.675098 0.2681
vt 6.173576 -0.676971 0.268512
vt 6.282478 -0.705144 0.085988
vt 6.269672 -0.703236 0.084849
vt 6.313471 -0.70768 0.084194
vt 6.183335 -0.599963 0.294656
vt 6.215396 -0.651756 0.261265
vt 6.211913 -0.608193 0.30001
vt 6.188156 -0.601331 0.295529
vt 6.118676 -0.683889 0.074212
vt 6.226088 -0.655591 0.262248
vt 6.083152 -0.679996 0.072312
vt 0.030817 -0.654262 0.077814996
vt 0.017163 -0.652359 0.076646
vt 0.002265 -0.652485 0.080049
vt 0.014983 -0.654394 0.081337
vt 0.001668 -0.654453 0.076198
vt 6.30035 -0.652359 0.076646
vt 6.296228 -0.703051 0.086432
vt 6.326017 -0.70548 0.084746
vt 0.126917 -0.681801 0.09487
vt 0.144168 -0.681794 0.091811
vt 0.013041 -0.703051 0.086432
vt 3.3E-4 -0.702914 0.089704
# 431 texture coords

g Object1

usemtl Wings
s 3
f 1207/928/880 1212/926/878 1211/925/877 1208/927/879
f 1253/932/884 1256/931/883 1255/930/882 1228/929/881
f 1235/933/885 1218/934/886 1217/936/888 1236/935/887
f 1224/937/889 1232/938/890 1216/939/891 1246/940/892
f 1012/942/894 1205/944/896 1206/943/895 1007/941/893
f 994/948/900 1254/946/898 1226/947/899 1014/945/897
f 1018/951/903 1237/949/901 1238/950/902 996/952/904
f 1008/953/905 1222/954/906 1244/955/907 1016/956/908
f 1201/958/910 1012/942/894 1007/941/893 1202/957/909
f 1240/959/911 994/948/900 1014/945/897 1267/960/912
f 1269/962/914 1018/951/903 996/952/904 1271/961/913
f 1260/963/915 1008/953/905 1016/956/908 1248/964/916
f 1191/968/920 1192/965/917 1106/967/919 1105/971/923 1132/972/924 1131/969/921 1091/970/922 1092/966/918
f 1197/973/925 1198/976/928 1081/980/932 1082/974/926 1166/975/927 1165/979/931 1116/977/929 1115/978/930
f 1072/983/935 1071/988/940 1145/987/939 1146/985/937 1111/982/934 1113/984/936 1200/986/938 1199/981/933
f 1057/990/942 1100/989/941 1153/991/943 1128/992/944
f 1130/995/947 1154/996/948 1098/994/946 1104/993/945
f 1103/1000/952 1097/998/950 1185/997/949 1169/999/951
f 1171/1001/953 1186/1004/956 1102/1003/955 1059/1002/954
f 980/1005/957 1259/1007/959 1250/1008/960 1021/1006/958
f 1021/1010/958 1043/1011/961 1009/1012/962 980/1009/957
f 1041/1015/965 1203/1014/964 1204/1016/966 978/1013/963
f 978/1018/963 1010/1019/968 1046/1017/967 1041/1020/965
f 1019/1023/971 1270/1024/972 1272/1022/970 1006/1021/969
f 1006/1021/969 1005/1026/974 1044/1025/973 1019/1023/971
f 1004/1030/978 1242/1029/977 1265/1028/976 1042/1027/975
f 1042/1027/975 1045/1031/979 1003/1032/980 1004/1030/978
f 992/1035/983 998/1034/982 1026/1033/981 1035/1036/984
f 1035/1036/984 1214/1038/986 1231/1037/985 992/1035/983
f 1037/1039/987 1047/1042/990 997/1040/988 991/1041/989
f 991/1041/989 1209/1043/991 1210/1044/992 1037/1039/987
f 1036/1047/995 1024/1045/993 984/1046/994 983/1048/996
f 983/1048/996 1219/1050/998 1220/1049/997 1036/1047/995
f 981/1052/1000 982/1054/1002 1048/1051/999 1039/1053/1001
f 1039/1053/1001 1257/1056/1004 1258/1055/1003 981/1052/1000
f 984/1046/994 1024/1045/993 1023/1057/1005
f 1025/1058/1006 1026/1033/981 998/1034/982
f 1048/1051/999 982/1054/1002 1031/1059/1007
f 997/1040/988 1047/1042/990 1029/1060/1008
f 1099/1062/1010 1094/1063/1011 1142/1061/1009 1141/1064/1012
f 1141/1064/1012 1153/991/943 1100/989/941 1099/1062/1010
f 1177/1066/1014 1147/1065/1013 1096/1067/1015 1101/1068/1016
f 1101/1068/1016 1102/1003/955 1186/1004/956 1177/1066/1014
f 1074/1069/1017 1073/1070/1018 1148/1071/1019 1178/1072/1020
f 1178/1072/1020 1185/997/949 1097/998/950 1074/1069/1017
f 1143/1076/1024 1144/1073/1021 1075/1074/1022 1076/1075/1023
f 1076/1075/1023 1098/994/946 1154/996/948 1143/1076/1024
f 1075/1074/1022 1144/1073/1021 1167/1077/1025
f 1142/1061/1009 1094/1063/1011 1168/1078/1026
f 1140/1079/1027 1096/1067/1015 1147/1065/1013
f 1148/1071/1019 1073/1070/1018 1138/1080/1028
f 1064/1084/1032 1063/1083/1031 1152/1081/1029 1151/1082/1030
f 1151/1082/1030 1126/1086/1034 1055/1085/1033 1064/1084/1032
f 1190/1090/1038 1189/1089/1037 1061/1088/1036 1062/1087/1035
f 1062/1087/1035 1053/1091/1039 1155/1092/1040 1190/1090/1038
f 1149/1096/1044 1150/1094/1042 1083/1093/1041 1117/1095/1043
f 1117/1095/1043 1066/1098/1046 1124/1097/1045 1149/1096/1044
f 1118/1101/1049 1084/1099/1047 1187/1100/1048 1188/1102/1050
f 1188/1102/1050 1157/1103/1051 1068/1104/1052 1118/1101/1049
f 1152/1081/1029 1063/1083/1031 1194/1105/1053
f 1083/1093/1041 1150/1094/1042 1193/1106/1054
f 1061/1088/1036 1189/1089/1037 1162/1107/1055
f 1164/1108/1056 1187/1100/1048 1084/1099/1047
f 1078/1111/1059 1077/1109/1057 1195/1110/1058 1159/1112/1060
f 1159/1112/1060 1122/1114/1062 1050/1113/1061 1078/1111/1059
f 1176/1117/1065 1175/1116/1064 1079/1118/1066 1080/1115/1063
f 1080/1115/1063 1052/1119/1067 1179/1120/1068 1176/1117/1065
f 1110/1124/1072 1109/1123/1071 1173/1121/1069 1174/1122/1070
f 1174/1122/1070 1181/1126/1074 1090/1125/1073 1110/1124/1072
f 1160/1129/1077 1196/1130/1078 1107/1127/1075 1108/1128/1076
f 1108/1128/1076 1088/1132/1080 1120/1131/1079 1160/1129/1077
f 1107/1127/1075 1196/1130/1078 1135/1133/1081
f 1183/1134/1082 1173/1121/1069 1109/1123/1071
f 1195/1110/1058 1077/1109/1057 1133/1135/1083
f 1079/1118/1066 1175/1116/1064 1184/1136/1084
f 1056/1137/1085 1055/1085/1033 1126/1086/1034 1125/1138/1086
f 1125/1138/1086 1132/972/924 1105/971/923 1056/1137/1085
f 1156/1140/1088 1155/1092/1040 1053/1091/1039 1054/1139/1087
f 1054/1139/1087 1106/967/919 1192/965/917 1156/1140/1088
f 1123/1142/1090 1124/1097/1045 1066/1098/1046 1065/1141/1089
f 1065/1141/1089 1091/970/922 1131/969/921 1123/1142/1090
f 1067/1143/1091 1068/1104/1052 1157/1103/1051 1158/1144/1092
f 1158/1144/1092 1191/968/920 1092/966/918 1067/1143/1091
f 1180/1146/1094 1179/1120/1068 1052/1119/1067 1051/1145/1093
f 1051/1145/1093 1081/980/932 1198/976/928 1180/1146/1094
f 1049/1148/1096 1050/1113/1061 1122/1114/1062 1121/1147/1095
f 1121/1147/1095 1166/975/927 1082/974/926 1049/1148/1096
f 1119/1150/1098 1120/1131/1079 1088/1132/1080 1087/1149/1097
f 1087/1149/1097 1116/1151/929 1165/1152/931 1119/1150/1098
f 1089/1154/1100 1090/1125/1073 1181/1126/1074 1182/1153/1099
f 1182/1153/1099 1197/1155/925 1115/1156/930 1089/1154/1100
f 1058/1158/1102 1057/990/942 1128/992/944 1127/1157/1101
f 1127/1157/1101 1145/987/939 1071/988/940 1058/1158/1102
f 1172/1160/1104 1171/1001/953 1059/1002/954 1060/1159/1103
f 1060/1159/1103 1072/983/935 1199/981/933 1172/1160/1104
f 1129/1162/1106 1130/995/947 1104/993/945 1112/1161/1105
f 1112/1161/1105 1111/982/934 1146/985/937 1129/1162/1106
f 1114/1163/1107 1103/1000/952 1169/999/951 1170/1164/1108
f 1170/1164/1108 1200/986/938 1113/984/936 1114/1163/1107
f 925/1165/1109 978/1013/963 1204/1016/966 1263/1166/1110
f 1263/1166/1110 1259/1007/959 980/1005/957 925/1165/1109
f 934/1168/1112 982/1054/1002 981/1052/1000 932/1167/1111
f 932/1167/1111 983/1048/996 984/1046/994 934/1168/1112
f 1223/1170/1114 1208/927/879 1211/925/877 1230/1169/1113
f 1230/1169/1113 1232/938/890 1224/937/889 1223/1170/1114
f 1234/1171/1115 1219/1050/998 983/1048/996 932/1167/1111
f 932/1167/1111 981/1052/1000 1258/1055/1003 1234/1171/1115
f 1229/1173/1117 1209/1043/991 991/1041/989 930/1172/1116
f 930/1172/1116 992/1035/983 1231/1037/985 1229/1173/1117
f 1261/1175/1119 1254/946/898 994/948/900 887/1174/1118
f 887/1174/1118 996/952/904 1238/950/902 1261/1175/1119
f 930/1172/1116 991/1041/989 997/1040/988 936/1176/1120
f 936/1176/1120 998/1034/982 992/1035/983 930/1172/1116
f 934/1168/1112 984/1046/994 1023/1057/1005 1032/1177/1121
f 1032/1177/1121 1031/1059/1007 982/1054/1002 934/1168/1112
f 1233/1178/1122 1256/931/883 1253/932/884 1262/1179/1123
f 1262/1179/1123 1236/935/887 1217/936/888 1233/1178/1122
f 887/1174/1118 994/948/900 1240/959/911 1239/1180/1124
f 1239/1180/1124 1271/961/913 996/952/904 887/1174/1118
f 928/1182/1126 1004/1030/978 1003/1032/980 895/1181/1125
f 895/1181/1125 1005/1026/974 1006/1021/969 928/1182/1126
f 1030/1183/1127 1025/1058/1006 998/1034/982 936/1176/1120
f 936/1176/1120 997/1040/988 1029/1060/1008 1030/1183/1127
f 885/1184/1128 1007/941/893 1206/943/895 1221/1185/1129
f 1221/1185/1129 1222/954/906 1008/953/905 885/1184/1128
f 885/1184/1128 1008/953/905 1260/963/915 1264/1186/1130
f 1264/1186/1130 1202/957/909 1007/941/893 885/1184/1128
f 928/1182/1126 1006/1021/969 1272/1022/970 1241/1187/1131
f 1241/1187/1131 1242/1029/977 1004/1030/978 928/1182/1126
f 925/1189/1109 980/1009/957 1009/1012/962 893/1188/1132
f 893/1188/1132 1010/1019/968 978/1018/963 925/1189/1109
f 1225/1190/1133 1205/944/896 1012/942/894 886/1191/1134
f 886/1191/1134 1014/945/897 1226/947/899 1225/1190/1133
f 888/1193/1136 1016/956/908 1244/955/907 1243/1192/1135
f 1243/1192/1135 1237/949/901 1018/951/903 888/1193/1136
f 1249/1195/1138 1270/1024/972 1019/1023/971 926/1194/1137
f 926/1194/1137 1021/1010/958 1250/1196/960 1249/1195/1138
f 999/1198/1140 1023/1057/1005 1024/1045/993 933/1197/1139
f 933/1197/1139 1026/1033/981 1025/1058/1006 999/1198/1140
f 886/1191/1134 1012/942/894 1201/958/910 1268/1199/1141
f 1268/1199/1141 1267/960/912 1014/945/897 886/1191/1134
f 937/1200/1142 1030/1183/1127 1029/1060/1008 1000/1201/1143
f 1000/1201/1143 1031/1059/1007 1032/1177/1121 937/1200/1142
f 1215/1203/1145 1218/934/886 1235/933/885 1245/1202/1144
f 1245/1202/1144 1246/940/892 1216/939/891 1215/1203/1145
f 1213/1205/1147 1214/1038/986 1035/1036/984 929/1204/1146
f 929/1204/1146 1036/1047/995 1220/1049/997 1213/1205/1147
f 931/1206/1148 1037/1039/987 1210/1044/992 1251/1207/1149
f 1251/1207/1149 1257/1056/1004 1039/1053/1001 931/1206/1148
f 1247/1208/1150 1248/964/916 1016/956/908 888/1193/1136
f 888/1193/1136 1018/951/903 1269/962/914 1247/1208/1150
f 1266/1209/1151 1203/1210/964 1041/1020/965 927/1211/1152
f 927/1211/1152 1042/1027/975 1265/1028/976 1266/1209/1151
f 896/1212/1153 1043/1011/961 1021/1010/958 926/1194/1137
f 926/1194/1137 1019/1023/971 1044/1025/973 896/1212/1153
f 894/1213/1154 1045/1031/979 1042/1027/975 927/1211/1152
f 927/1211/1152 1041/1020/965 1046/1017/967 894/1213/1154
f 935/1214/1155 1047/1042/990 1037/1039/987 931/1206/1148
f 931/1206/1148 1039/1053/1001 1048/1051/999 935/1214/1155
f 937/1200/1142 1032/1177/1121 1023/1057/1005 999/1198/1140
f 999/1198/1140 1025/1058/1006 1030/1183/1127 937/1200/1142
f 929/1204/1146 1035/1036/984 1026/1033/981 933/1197/1139
f 933/1197/1139 1024/1045/993 1036/1047/995 929/1204/1146
f 1227/1215/1156 1228/929/881 1255/930/882 1252/1216/1157
f 1252/1216/1157 1212/926/878 1207/928/880 1227/1215/1156
f 1000/1201/1143 1029/1060/1008 1047/1042/990 935/1214/1155
f 935/1214/1155 1048/1051/999 1031/1059/1007 1000/1201/1143
f 907/1218/1159 1050/1113/1061 1049/1148/1096 970/1217/1158
f 970/1217/1158 1051/1145/1093 1052/1119/1067 907/1218/1159
f 966/1220/1161 1054/1139/1087 1053/1091/1039 899/1219/1160
f 899/1219/1160 1055/1085/1033 1056/1137/1085 966/1220/1161
f 917/1222/1163 1057/990/942 1058/1158/1102 974/1221/1162
f 974/1221/1162 1060/1159/1103 1059/1002/954 917/1222/1163
f 948/1223/1164 1062/1087/1035 1061/1088/1036 952/1224/1165
f 952/1224/1165 1063/1083/1031 1064/1084/1032 948/1223/1164
f 968/1226/1167 1065/1141/1089 1066/1098/1046 897/1225/1166
f 897/1225/1166 1068/1104/1052 1067/1143/1091 968/1226/1167
f 1161/1227/1168 1194/1105/1053 1063/1083/1031 952/1224/1165
f 952/1224/1165 1061/1088/1036 1162/1107/1055 1161/1227/1168
f 899/1219/1160 1053/1091/1039 1062/1087/1035 948/1223/1164
f 948/1223/1164 1064/1084/1032 1055/1085/1033 899/1219/1160
f 974/1221/1162 1058/1158/1102 1071/988/940 913/1228/1169
f 913/1228/1169 1072/983/935 1060/1159/1103 974/1221/1162
f 944/1230/1171 1073/1070/1018 1074/1069/1017 941/1229/1170
f 941/1229/1170 1076/1075/1023 1075/1074/1022 944/1230/1171
f 961/1232/1173 1077/1109/1057 1078/1111/1059 957/1231/1172
f 957/1231/1172 1080/1115/1063 1079/1118/1066 961/1232/1173
f 907/1218/1159 1052/1119/1067 1080/1115/1063 957/1231/1172
f 957/1231/1172 1078/1111/1059 1050/1113/1061 907/1218/1159
f 911/1233/1174 1081/980/932 1051/1145/1093 970/1217/1158
f 970/1217/1158 1049/1148/1096 1082/974/926 911/1233/1174
f 954/1235/1176 1083/1093/1041 1193/1106/1054 1163/1234/1175
f 1163/1234/1175 1164/1108/1056 1084/1099/1047 954/1235/1176
f 1134/1236/1177 1133/1135/1083 1077/1109/1057 961/1232/1173
f 961/1232/1173 1079/1118/1066 1184/1136/1084 1134/1236/1177
f 972/1237/1178 1087/1149/1097 1088/1132/1080 905/1238/1179
f 905/1238/1179 1090/1125/1073 1089/1154/1100 972/1237/1178
f 901/1239/1180 1091/970/922 1065/1141/1089 968/1226/1167
f 968/1226/1167 1067/1143/1091 1092/966/918 901/1239/1180
f 1139/1240/1181 1168/1078/1026 1094/1063/1011 942/1241/1182
f 942/1241/1182 1096/1067/1015 1140/1079/1027 1139/1240/1181
f 941/1229/1170 1074/1069/1017 1097/998/950 923/1242/1183
f 923/1242/1183 1098/994/946 1076/1075/1023 941/1229/1170
f 938/1244/1185 1099/1062/1010 1100/989/941 921/1243/1184
f 921/1243/1184 1102/1003/955 1101/1068/1016 938/1244/1185
f 923/1242/1183 1097/998/950 1103/1000/952 919/1245/1186
f 919/1245/1186 1104/993/945 1098/994/946 923/1242/1183
f 966/1220/1161 1056/1137/1085 1105/971/923 903/1246/1187
f 903/1246/1187 1106/967/919 1054/1139/1087 966/1220/1161
f 959/1248/1189 1108/1128/1076 1107/1127/1075 963/1247/1188
f 963/1247/1188 1109/1123/1071 1110/1124/1072 959/1248/1189
f 915/1250/1191 1111/982/934 1112/1161/1105 976/1249/1190
f 976/1249/1190 1114/1163/1107 1113/984/936 915/1250/1191
f 942/1241/1182 1094/1063/1011 1099/1062/1010 938/1244/1185
f 938/1244/1185 1101/1068/1016 1096/1067/1015 942/1241/1182
f 1137/1251/1192 1138/1080/1028 1073/1070/1018 944/1230/1171
f 944/1230/1171 1075/1074/1022 1167/1077/1025 1137/1251/1192
f 972/1237/1178 1089/1154/1100 1115/1156/930 909/1252/1193
f 909/1252/1193 1116/1151/929 1087/1149/1097 972/1237/1178
f 917/1222/1163 1059/1002/954 1102/1003/955 921/1243/1184
f 921/1243/1184 1100/989/941 1057/990/942 917/1222/1163
f 950/1253/1194 1117/1095/1043 1083/1093/1041 954/1235/1176
f 954/1235/1176 1084/1099/1047 1118/1101/1049 950/1253/1194
f 919/1245/1186 1103/1000/952 1114/1163/1107 976/1249/1190
f 976/1249/1190 1112/1161/1105 1104/993/945 919/1245/1186
f 897/1225/1166 1066/1098/1046 1117/1095/1043 950/1253/1194
f 950/1253/1194 1118/1101/1049 1068/1104/1052 897/1225/1166
f 1136/1254/1195 1183/1134/1082 1109/1123/1071 963/1247/1188
f 963/1247/1188 1107/1127/1075 1135/1133/1081 1136/1254/1195
f 959/1248/1189 1110/1124/1072 1090/1125/1073 905/1238/1179
f 905/1238/1179 1088/1132/1080 1108/1128/1076 959/1248/1189
f 909/1252/1193 1115/1156/930 1116/1151/929
f 903/1246/1187 1105/971/923 1106/967/919
f 911/1233/1174 1082/974/926 1081/980/932
f 915/1250/1191 1113/984/936 1111/982/934
f 913/1228/1169 1071/988/940 1072/983/935
f 901/1239/1180 1092/966/918 1091/970/922
f 906/1255/1196 1120/1131/1079 1119/1150/1098 971/1256/1197
f 971/1258/1197 1121/1147/1095 1122/1114/1062 906/1257/1196
f 898/1259/1198 1124/1097/1045 1123/1142/1090 965/1260/1199
f 965/1260/1199 1125/1138/1086 1126/1086/1034 898/1259/1198
f 973/1262/1201 1127/1157/1101 1128/992/944 918/1261/1200
f 918/1261/1200 1130/995/947 1129/1162/1106 973/1262/1201
f 965/1260/1199 1123/1142/1090 1131/969/921 902/1263/1202
f 902/1263/1202 1132/972/924 1125/1138/1086 965/1260/1199
f 1085/1265/1204 1133/1135/1083 1134/1236/1177 964/1264/1203
f 964/1266/1203 1136/1254/1195 1135/1133/1081 1085/1267/1204
f 1095/1268/1205 1138/1080/1028 1137/1251/1192 946/1269/1206
f 946/1269/1206 1139/1240/1181 1140/1079/1027 1095/1268/1205
f 939/1271/1208 1141/1064/1012 1142/1061/1009 943/1270/1207
f 943/1270/1207 1144/1073/1021 1143/1076/1024 939/1271/1208
f 914/1272/1209 1145/987/939 1127/1157/1101 973/1262/1201
f 973/1262/1201 1129/1162/1106 1146/985/937 914/1272/1209
f 1095/1268/1205 1140/1079/1027 1147/1065/1013 945/1273/1210
f 945/1273/1210 1148/1071/1019 1138/1080/1028 1095/1268/1205
f 953/1275/1212 1150/1094/1042 1149/1096/1044 947/1274/1211
f 947/1274/1211 1151/1082/1030 1152/1081/1029 953/1275/1212
f 918/1261/1200 1128/992/944 1153/991/943 922/1276/1213
f 922/1276/1213 1154/996/948 1130/995/947 918/1261/1200
f 900/1278/1215 1155/1092/1040 1156/1140/1088 967/1277/1214
f 967/1277/1214 1158/1144/1092 1157/1103/1051 900/1278/1215
f 906/1257/1196 1122/1114/1062 1159/1112/1060 956/1279/1216
f 956/1280/1216 1160/1129/1077 1120/1131/1079 906/1255/1196
f 955/1281/1217 1161/1227/1168 1162/1107/1055 1070/1282/1218
f 1070/1282/1218 1164/1108/1056 1163/1234/1175 955/1281/1217
f 971/1256/1197 1119/1150/1098 1165/1152/931 910/1283/1219
f 910/1284/1219 1166/975/927 1121/1147/1095 971/1258/1197
f 947/1274/1211 1149/1096/1044 1124/1097/1045 898/1259/1198
f 898/1259/1198 1126/1086/1034 1151/1082/1030 947/1274/1211
f 946/1269/1206 1137/1251/1192 1167/1077/1025 1093/1285/1220
f 1093/1285/1220 1168/1078/1026 1139/1240/1181 946/1269/1206
f 975/1286/1221 1170/1164/1108 1169/999/951 920/1287/1222
f 920/1287/1222 1171/1001/953 1172/1160/1104 975/1286/1221
f 958/1288/1223 1174/1122/1070 1173/1121/1069 960/1289/1224
f 960/1291/1224 1175/1116/1064 1176/1117/1065 958/1290/1223
f 945/1273/1210 1147/1065/1013 1177/1066/1014 940/1292/1225
f 940/1292/1225 1178/1072/1020 1148/1071/1019 945/1273/1210
f 908/1294/1227 1179/1120/1068 1180/1146/1094 969/1293/1226
f 969/1295/1226 1182/1153/1099 1181/1126/1074 908/1296/1227
f 960/1289/1224 1173/1121/1069 1183/1134/1082 1086/1297/1228
f 1086/1298/1228 1184/1136/1084 1175/1116/1064 960/1291/1224
f 920/1287/1222 1169/999/951 1185/997/949 924/1299/1229
f 924/1299/1229 1186/1004/956 1171/1001/953 920/1287/1222
f 949/1301/1231 1188/1102/1050 1187/1100/1048 951/1300/1230
f 951/1300/1230 1189/1089/1037 1190/1090/1038 949/1301/1231
f 904/1302/1232 1191/968/920 1158/1144/1092 967/1277/1214
f 967/1277/1214 1156/1140/1088 1192/965/917 904/1302/1232
f 1069/1303/1233 1193/1106/1054 1150/1094/1042 953/1275/1212
f 953/1275/1212 1152/1081/1029 1194/1105/1053 1069/1303/1233
f 943/1270/1207 1142/1061/1009 1168/1078/1026 1093/1285/1220
f 1093/1285/1220 1167/1077/1025 1144/1073/1021 943/1270/1207
f 949/1301/1231 1190/1090/1038 1155/1092/1040 900/1278/1215
f 900/1278/1215 1157/1103/1051 1188/1102/1050 949/1301/1231
f 962/1304/1234 1195/1110/1058 1133/1135/1083 1085/1265/1204
f 1085/1267/1204 1135/1133/1081 1196/1130/1078 962/1305/1234
f 964/1264/1203 1134/1236/1177 1184/1136/1084 1086/1298/1228
f 1086/1297/1228 1183/1134/1082 1136/1254/1195 964/1266/1203
f 1070/1282/1218 1162/1107/1055 1189/1089/1037 951/1300/1230
f 951/1300/1230 1187/1100/1048 1164/1108/1056 1070/1282/1218
f 924/1299/1229 1185/997/949 1178/1072/1020 940/1292/1225
f 940/1292/1225 1177/1066/1014 1186/1004/956 924/1299/1229
f 922/1276/1213 1153/991/943 1141/1064/1012 939/1271/1208
f 939/1271/1208 1143/1076/1024 1154/996/948 922/1276/1213
f 912/1306/1235 1197/1155/925 1182/1153/1099 969/1295/1226
f 969/1293/1226 1180/1146/1094 1198/976/928 912/1307/1235
f 958/1290/1223 1176/1117/1065 1179/1120/1068 908/1294/1227
f 908/1296/1227 1181/1126/1074 1174/1122/1070 958/1288/1223
f 1069/1303/1233 1194/1105/1053 1161/1227/1168 955/1281/1217
f 955/1281/1217 1163/1234/1175 1193/1106/1054 1069/1303/1233
f 975/1286/1221 1172/1160/1104 1199/981/933 916/1308/1236
f 916/1308/1236 1200/986/938 1170/1164/1108 975/1286/1221
f 956/1279/1216 1159/1112/1060 1195/1110/1058 962/1304/1234
f 962/1305/1234 1196/1130/1078 1160/1129/1077 956/1280/1216
f 914/1272/1209 1146/985/937 1145/987/939
f 902/1263/1202 1131/969/921 1132/972/924
f 910/1284/1219 1165/979/931 1166/975/927
f 904/1302/1232 1192/965/917 1191/968/920
f 916/1308/1236 1199/981/933 1200/986/938
f 912/1307/1235 1198/976/928 1197/973/925
f 1027/1310/1238 1201/958/910 1202/957/909 977/1309/1237
f 977/1309/1237 1204/1016/966 1203/1014/964 1027/1310/1238
f 985/1312/1240 1206/943/895 1205/944/896 1011/1311/1239
f 1011/1311/1239 1207/928/880 1208/927/879 985/1312/1240
f 1038/1314/1242 1210/1044/992 1209/1043/991 986/1313/1241
f 986/1313/1241 1211/925/877 1212/926/878 1038/1314/1242
f 1034/1316/1244 1214/1038/986 1213/1205/1147 880/1315/1243
f 880/1315/1243 1215/1203/1145 1216/939/891 1034/1316/1244
f 989/1317/1245 1217/936/888 1218/934/886 1033/1318/1246
f 1033/1318/1246 1220/1049/997 1219/1050/998 989/1317/1245
f 987/1319/1247 1222/954/906 1221/1185/1129 881/1320/1248
f 881/1320/1248 1223/1170/1114 1224/937/889 987/1319/1247
f 882/1322/1250 1225/1190/1133 1226/947/899 1013/1321/1249
f 1013/1321/1249 1228/929/881 1227/1215/1156 882/1322/1250
f 986/1313/1241 1209/1043/991 1229/1173/1117 877/1323/1251
f 877/1323/1251 1230/1169/1113 1211/925/877 986/1313/1241
f 988/1324/1252 1231/1037/985 1214/1038/986 1034/1316/1244
f 1034/1316/1244 1216/939/891 1232/938/890 988/1324/1252
f 879/1325/1253 1233/1178/1122 1217/936/888 989/1317/1245
f 989/1317/1245 1219/1050/998 1234/1171/1115 879/1325/1253
f 1017/1327/1255 1235/933/885 1236/935/887 995/1326/1254
f 995/1326/1254 1238/950/902 1237/949/901 1017/1327/1255
f 891/1330/1256 1239/1329/1124 1240/1328/911 1001/1331/1257
f 1001/1331/1257 1242/1029/977 1241/1187/1131 891/1330/1256
f 985/1312/1240 1208/927/879 1223/1170/1114 881/1320/1248
f 881/1320/1248 1221/1185/1129 1206/943/895 985/1312/1240
f 884/1333/1259 1243/1192/1135 1244/955/907 1015/1332/1258
f 1015/1332/1258 1246/940/892 1245/1202/1144 884/1333/1259
f 1022/1335/1261 1248/964/916 1247/1208/1150 892/1334/1260
f 892/1334/1260 1249/1336/1138 1250/1008/960 1022/1335/1261
f 884/1333/1259 1245/1202/1144 1235/933/885 1017/1327/1255
f 1017/1327/1255 1237/949/901 1243/1192/1135 884/1333/1259
f 878/1337/1262 1251/1207/1149 1210/1044/992 1038/1314/1242
f 1038/1314/1242 1212/926/878 1252/1216/1157 878/1337/1262
f 993/1338/1263 1253/932/884 1228/929/881 1013/1321/1249
f 1013/1321/1249 1226/947/899 1254/946/898 993/1338/1263
f 1040/1340/1265 1255/930/882 1256/931/883 990/1339/1264
f 990/1339/1264 1258/1055/1003 1257/1056/1004 1040/1340/1265
f 1022/1335/1261 1250/1008/960 1259/1007/959 979/1341/1266
f 979/1341/1266 1260/963/915 1248/964/916 1022/1335/1261
f 1011/1311/1239 1205/944/896 1225/1190/1133 882/1322/1250
f 882/1322/1250 1227/1215/1156 1207/928/880 1011/1311/1239
f 993/1338/1263 1254/946/898 1261/1175/1119 883/1342/1267
f 883/1342/1267 1262/1179/1123 1253/932/884 993/1338/1263
f 979/1341/1266 1259/1007/959 1263/1166/1110 889/1343/1268
f 889/1343/1268 1264/1186/1130 1260/963/915 979/1341/1266
f 890/1345/1270 1266/1209/1151 1265/1028/976 1028/1344/1269
f 1028/1344/1269 1267/1347/912 1268/1346/1141 890/1345/1270
f 1027/1348/1238 1203/1210/964 1266/1209/1151 890/1345/1270
f 890/1349/1270 1268/1199/1141 1201/958/910 1027/1310/1238
f 1001/1331/1257 1240/1328/911 1267/1347/912 1028/1344/1269
f 1028/1344/1269 1265/1028/976 1242/1029/977 1001/1331/1257
f 1015/1332/1258 1244/955/907 1222/954/906 987/1319/1247
f 987/1319/1247 1224/937/889 1246/940/892 1015/1332/1258
f 988/1324/1252 1232/938/890 1230/1169/1113 877/1323/1251
f 877/1323/1251 1229/1173/1117 1231/1037/985 988/1324/1252
f 977/1309/1237 1202/957/909 1264/1186/1130 889/1343/1268
f 889/1343/1268 1263/1166/1110 1204/1016/966 977/1309/1237
f 878/1337/1262 1252/1216/1157 1255/930/882 1040/1340/1265
f 1040/1340/1265 1257/1056/1004 1251/1207/1149 878/1337/1262
f 879/1325/1253 1234/1171/1115 1258/1055/1003 990/1339/1264
f 990/1339/1264 1256/931/883 1233/1178/1122 879/1325/1253
f 892/1334/1260 1247/1208/1150 1269/962/914 1020/1350/1271
f 1020/1350/1271 1270/1351/972 1249/1336/1138 892/1334/1260
f 1002/1353/1272 1271/1352/913 1239/1329/1124 891/1330/1256
f 891/1330/1256 1241/1187/1131 1272/1022/970 1002/1353/1272
f 1002/1353/1272 1272/1022/970 1270/1024/972 1020/1354/1271
f 1020/1354/1271 1269/1355/914 1271/1352/913 1002/1353/1272
f 995/1326/1254 1236/935/887 1262/1179/1123 883/1342/1267
f 883/1342/1267 1261/1175/1119 1238/950/902 995/1326/1254
f 880/1315/1243 1213/1205/1147 1220/1049/997 1033/1318/1246
f 1033/1318/1246 1218/934/886 1215/1203/1145 880/1315/1243
# 391 polygons

#
# object Object
#

v 0.040864 4.222222 -2.15176
v 0.278895 3.501907 -2.416425
v -0.07929 3.412157 -2.539791
v -0.446972 4.18882 -2.284976
v 0.807634 1.936868 -2.469172
v -0.045739 3.384115 -2.149993
v 0.737055 1.879102 -2.3592489
v -0.403932 3.294368 -2.273357
v -0.762357 4.00512 -1.983754
v -0.325853 4.591586 -1.58047
v -0.27452 4.038522 -1.850539
v -0.028383 4.912129 -1.846816
v 0.641707 1.821037 -2.446208
v 0.712285 1.878803 -2.556131
v -0.68715197 5.007646 -1.895214
v -0.984621 4.6871 -1.62887
v -0.768334 5.217511 -0.811275
v -0.249027 5.021152 -0.966701
v -0.039143 5.468242 -0.961151
v 0.761321 1.814823 -2.556172
v 0.694493 1.760676 -2.45246
v -0.55845 5.66461 -0.805724
v 0.85021 1.870977 -2.474028
v 0.783381 1.81683 -2.370316
v 0.167882 5.0193458 -0.350846
v -0.246166 5.163671 -0.131765
v -0.052584 4.631769 -0.442538
v -0.466632 4.77609 -0.22345799
v 0.905373 1.565578 -2.556751
v -0.320692 4.562565 0.060882
v -0.095107 4.921355 0.194244
v 0.268025 4.802206 -0.055626
v 0.04244 4.443415 -0.188988
v -0.290748 4.507103 0.119853
v -0.06111 4.860147 0.261164
v 0.297968 4.746743 0.003343
v 0.06833 4.3937 -0.137967
v -0.567971 5.644328 -0.805976
v -0.255993 5.146396 -0.135852
v -0.539475 5.657435 -0.811404
v -0.229106 5.157724 -0.140791
v -0.449498 4.7701178 -0.232524
v -0.74954 5.210405 -0.8169
v -0.456829 4.793325 -0.219381
v -0.75857997 5.238289 -0.811017
v -0.972914 4.699715 -1.639351
v -0.963911 4.684098 -1.627348
v -0.26111498 4.046331 -1.863342
v -0.030488 3.389649 -2.16251
v -0.293939 4.037193 -1.855841
v -0.064341 3.379454 -2.1564
v 0.852231 1.635536 -2.511523
v 0.769365 1.807976 -2.3832679
v 0.878515 1.65087 -2.515952
v 0.793592 1.825103 -2.386161
v 0.02749 4.214432 -2.138987
v 0.263854 3.49645 -2.404081
v 0.021446 4.220893 -2.157063
v 0.260428 3.49728 -2.422785
v -0.742671 4.006468 -1.9783779
v -0.748832 4.012997 -1.996671
v -0.427296 4.190167 -2.279603
v -0.666673 5.004677 -1.89371
v -0.460407 4.180994 -2.272143
v -0.698906 4.99498 -1.88469
v -0.079149 4.916119 0.183264
v -0.10533 4.905096 0.1882
v -0.304726 4.557326 0.049895998
v -0.310464 4.578833 0.066929
v -0.069554 4.637684 -0.433559
v -0.267877 5.028279 -0.96106
v -0.042693 4.649156 -0.438425
v -0.239234 5.042013 -0.966442
v 0.651629 1.829158 -2.461662
v -0.388379 3.300011 -2.286122
v 0.655237 1.829277 -2.433868
v -0.384969 3.299119 -2.266826
v 0.704784 1.769014 -2.46843
v 0.707865 1.769124 -2.440102
v 0.157969 5.001921 -0.354968
v -0.048656 5.447978 -0.961403
v 0.150935 5.025253 -0.341879
v -0.058342 5.475502 -0.955405
v -0.045325 4.855162 0.24983
v -0.071524 4.8441358 0.254755
v 0.026471 4.448655 -0.178
v 0.052696 4.459728 -0.182925
v -0.048356 4.9150248 -1.848283
v -0.040362 4.899221 -1.83609
v 0.07878 4.409766 -0.131536
v 0.052539 4.398687 -0.126629
v -0.345828 4.594482 -1.581937
v -0.313957 4.604404 -1.591121
v 0.872927 1.653273 -2.544221
v 0.774694 1.823271 -2.543813
v 0.85099 1.634296 -2.54107
v 0.751355 1.806748 -2.540705
v 0.840243 1.862902 -2.45856
v 0.836078 1.862049 -2.487087
v 0.793999 1.928565 -2.481607
v 0.797626 1.928677 -2.453585
v 0.252048 4.807448 -0.044633
v 0.257776 4.785906 -0.061685
v 0.287539 4.73071 -0.003074
v 0.282181 4.751729 0.014678
v 0.702341 1.870664 -2.540643
v 0.725827 1.88705 -2.543781
v 0.723494 1.870843 -2.371618
v 0.746978 1.887224 -2.374704
v -0.280319 4.523136 0.12627
v -0.274961 4.502117 0.108517
v -0.060595 3.416842 -2.533352
v -0.094485 3.406644 -2.52732
# 113 vertices

vn 0.30339998 0.2995 -0.90449995
vn 0.1898 0.4121 -0.8911
vn 0.18949999 0.4236 -0.8857
vn 0.3087 0.2898 -0.9059
vn 0.6629 0.29639998 0.6874
vn 0.6685 0.0727 0.74
vn 0.6583 0.30519998 0.68799996
vn 0.6684 0.0713 0.7403
vn -0.6296 -0.1805 -0.75549996
vn -0.69189996 0.0416 -0.72069997
vn -0.63019997 -0.18069999 -0.755
vn -0.6897 0.0326 -0.72319996
vn 0.8164 -0.3425 0.46469998
vn 0.82159996 -0.3557 0.44529998
vn 0.7212 -0.1516 0.67579997
vn 0.71779996 -0.1346 0.68299997
vn -0.6035 -0.3979 -0.69089997
vn -0.6081 -0.39069998 -0.691
vn 0.16849999 0.6673 -0.7254
vn 0.1697 0.65709996 -0.73429996
vn 0.4475 0.2778 -0.8499
vn 0.442 0.2889 -0.8491
vn -0.8372 0.3326 -0.434
vn -0.8308 0.3227 -0.4533
vn -0.34939998 -0.9316 0.0994
vn -0.3457 -0.9324 0.104899995
vn -0.1602 -0.6494 0.74329996
vn -0.1601 -0.663 0.7312
vn -0.1802 -0.4707 0.86359996
vn -0.1802 -0.4604 0.8691
vn 0.884 -0.44099998 -0.1547
vn 0.88879997 -0.4386 -0.1325
vn -0.6416 -0.4276 -0.6367
vn -0.6416 -0.4276 -0.6367
vn 0.35259998 0.9335 -0.063599996
vn 0.34919998 0.9342 -0.072299995
vn -0.85969996 0.44439998 0.25149998
vn -0.8681 0.4428 0.2241
vn -0.26569998 -0.39429998 0.8796
vn -0.3883 -0.3868 0.83629996
vn -0.38349998 -0.39519998 0.8346
vn -0.2701 -0.3884 0.88089997
vn 0.5115 0.3425 -0.788
vn 0.5114 0.3427 -0.788
vn 0.77269995 0.19999999 0.6023
vn 0.77269995 0.1999 0.6023
vn -0.343 -0.5602 0.7539
vn -0.34309998 -0.56009996 0.7539
vn 0.47169998 0.7935 0.38419998
vn 0.47599998 0.7831 0.4001
vn 0.7883 -0.3312 -0.5183
vn 0.7838 -0.3268 -0.5279
vn -0.46899998 -0.7999 -0.3743
vn -0.4739 -0.78849995 -0.3919
vn -0.24939999 -0.6522 0.7157
vn -0.7554 0.2997 0.5825
vn -0.7489 0.29389998 0.59389997
vn 0.5324 0.30949998 -0.78779995
vn -0.67039996 -0.38599998 -0.6335
vn 0.83949995 0.0044 0.5432
vn -0.75659996 0.2613 0.59929997
vn -0.7601 0.2654 0.5931
vn 0.7726 -0.2796 -0.56979996
vn 0.7754 -0.283 -0.56439996
vn -0.5155 -0.7553 -0.40449998
vn -0.5112 -0.7642 -0.39299998
vn 0.5106 0.76479995 0.3927
vn 0.5144 0.75699997 0.4028
vn -0.75329995 0.2465 0.6096
vn -0.7524 0.2453 0.61109996
vn 0.7514 -0.24399999 -0.613
vn 0.7503 -0.24249999 -0.6148
vn 0.5311 0.7369 0.41799998
vn 0.52919996 0.74079996 0.4134
vn -0.5335 -0.732 -0.4236
vn -0.5359 -0.7269 -0.42929998
vn -0.3723 0.923 0.0964
vn -0.19409999 0.7414 0.6422
vn -0.9008 -0.3299 0.2821
vn -0.90639997 -0.3843 0.175
vn -0.89839995 -0.32189998 0.2985
vn 0.3085 -0.3524 0.8835
vn 0.23179999 -0.1901 0.9539
vn 0.2875 -0.2491 0.92469996
vn 0.5202 -0.8333 -0.1867
vn 0.9278 0.3408 -0.1514
vn 0.9325 0.28849998 -0.217
vn -0.8876 -0.43649998 0.14649999
vn -0.28419998 0.2627 -0.922
vn -0.38799998 0.5919 -0.70629996
vn -0.1748 0.7158 0.676
vn -0.9163 -0.3685 0.1563
vn 0.39049998 -0.91889995 -0.0548
vn 0.2057 -0.7478 -0.63119996
vn -0.7725 -0.6252 0.1103
vn -0.8333 -0.5395 0.119899996
vn -0.7044 -0.70519996 0.0797
vn 0.92969996 0.34199998 -0.1362
vn 0.941 0.329 -0.078499995
vn -0.1566 0.68759996 0.7089
vn 0.17469999 -0.71169996 -0.6803
vn 0.9277 0.2868 -0.23889999
vn 0.1475 -0.6702 -0.7273
vn 0.39319998 -0.5949 0.70089996
vn -0.0906 -0.0589 -0.9941
vn 0.9109 0.3867 -0.1431
vn 0.8858 0.4465 -0.12629999
vn 0.9342 0.339 -0.1104
vn 0.9252 0.3531 -0.1381
vn -0.1064 -0.0602 -0.9924
vn 0.1713 -0.049 0.98389995
vn -0.9255 -0.35279998 0.13759999
vn -0.19139999 0.074599996 -0.97859997
# 113 vertex normals

vt 0.897535 -0.229913 0.915373
vt 0.898908 -0.149508 0.721356
vt 0.849058 -0.152581 0.849712
vt 0.93264097 -0.221869 0.843417
vt 0.993478 -0.37873 0.897542
vt 0.933025 -0.221952 0.833972
vt 0.990479 -0.382875 0.852186
vt 0.892038 -0.232632 0.729231
vt 0.853564 -0.241596 0.844677
vt 0.79812 -0.170298 0.815041
vt 0.893776 -0.230933 0.91576
vt 0.845169 -0.153498 0.853471
vt 0.87804997 -0.081675 0.571055
vt 0.813009 -0.111157 0.519357
vt 0.845222 -0.166964 0.624263
vt 0.899283 -0.150154 0.711846
vt 0.977373 -0.388682 0.882981
vt 0.980913 -0.384531 0.927444
vt 0.79783 -0.07113 0.748664
vt 0.877321 -0.080095 0.578094
vt 0.992204 -0.378741 0.910544
vt 0.98329 -0.382892 0.931763
vt 0.745855 -0.101626 0.77476
vt 0.793783 -0.072099 0.755678
vt 0.696432 -0.068769 0.296273
vt 0.636334 -0.050557 0.520267
vt 0.807042 -0.112149 0.525081
vt 0.745259 -0.103188 0.767562
vt 0.797265 -0.170951 0.805961
vt 0.840002 -0.167878 0.628315
vt 0.701834 -0.067396 0.283888
vt 0.736869 -0.0268 0.197345
vt 0.986023 -0.390923 0.933446
vt 0.98303497 -0.394696 0.892352
vt 0.731722 -0.024047 0.19988
vt 0.638325 -0.005854 0.414464
vt 0.635103 -0.047768 0.52463
vt 0.636561 -0.007165 0.428596
vt 0.853016 -0.241685 0.835078
vt 0.987915 -0.384513 0.847497
vt 0.978455 -0.38867 0.869689
vt 0.887329 -0.233652 0.730097
vt 0.996423 -0.385392 0.919427
vt 0.988346 -0.38927 0.938015
vt 0.997819 -0.38530698 0.906394
vt 0.995296 -0.389087 0.864471
vt 0.992707 -0.3908 0.859501
vt 0.984147 -0.394685 0.878877
vt 0.450003 -0.055825 0.400078
vt 0.372781 -0.069072 0.215525
vt 0.371467 -0.071405 0.208168
vt 0.471354 -0.106682 0.226064
vt 0.501111 -0.094586 0.450819
vt 0.477716 -0.107829 0.237642
vt 0.997274 -0.408044 0.933645
vt 0.45425 -0.056958 0.410781
vt 0.499693 -0.092265 0.457674
vt 0.998281 -0.40627 0.95255
vt 0.996187 -0.408168 0.94763
vt 0.999788 -0.40651 0.939931
vt 0.436016 -0.113714 0.507927
vt 0.389147 -0.081088 0.510994
vt 0.38756 -0.125625 0.307727
vt 0.318247 -0.093007 0.346789
vt 0.394698 -0.126732 0.315166
vt 0.437085 -0.115865 0.499285
vt 0.384714 -0.079985 0.503797
vt 0.319699 -0.090853 0.355483
vt 0.378589 -0.087184 0.536287
vt 0.424711 -0.119284 0.524093
vt 0.30982 -0.098526 0.376154
vt 0.374308 -0.130621 0.327579
vt 0.311255 -0.096424 0.385086
vt 0.374229 -0.086081 0.529703
vt 0.425693 -0.121386 0.515108
vt 0.381317 -0.131729 0.334245
vt 0.636651 -0.005136 0.423799
vt 0.45178398 -0.05523 0.409103
vt 0.635042 -0.049846 0.529545
vt 0.50165397 -0.093988 0.460509
vt 0.743881 -0.102887 0.776551
vt 0.842381 -0.167745 0.621478
vt 0.889611 -0.233186 0.724777
vt 0.994711 -0.389914 0.85531497
vt 1.001071 -0.41504 0.963768
vt 0.934829 -0.221407 0.840151
vt 0.901438 -0.149375 0.717014
vt 0.79583 -0.171085 0.814413
vt 0.847236 -0.152715 0.85637
vt 0.79587 -0.070833 0.755866
vt 0.386851 -0.079462 0.511884
vt 0.438342 -0.115341 0.508516
vt 0.70060897 -0.069482 0.28849798
vt 0.475657 -0.108421 0.228273
vt 0.976638 -0.389494 0.874316
vt 0.851265 -0.242161 0.841964
vt 0.982337 -0.39553 0.8833
vt 0.739425 -0.024773 0.193262
vt 0.366346 -0.069663 0.208739
vt 0.376367 -0.085583 0.537632
vt 0.391398 -0.127256 0.306878
vt 0.880578 -0.080385 0.574576
vt 0.377966 -0.132227 0.326189
vt 0.80995 -0.112439 0.518493
vt 0.986629 -0.390115 0.942266
vt 0.998328 -0.3845 0.915368
vt 0.994036 -0.377911 0.906527
vt 0.315261 -0.091377 0.349709
vt 0.307088 -0.096923 0.379473
vt 0.981568 -0.383717 0.936195
vt 0.989853 -0.383687 0.843324
vt 0.427046 -0.120887 0.52424
vt 0.895672 -0.230382 0.920371
# 113 texture coords

g Object

usemtl Hairs
s 4
f 1330/1357/1274 1331/1359/1276 1384/1356/1273 1334/1358/1275
f 1373/1360/1277 1329/1361/1278 1321/1363/1280 1381/1362/1279
f 1336/1367/1284 1385/1366/1283 1347/1364/1281 1333/1365/1282
f 1365/1369/1286 1320/1370/1287 1328/1371/1288 1361/1368/1285
f 1346/1372/1289 1347/1364/1281 1385/1366/1283 1378/1373/1290
f 1360/1375/1292 1330/1357/1274 1334/1358/1275 1335/1374/1291
f 1379/1377/1294 1384/1356/1273 1331/1359/1276 1372/1376/1293
f 1337/1379/1296 1336/1367/1284 1333/1365/1282 1318/1378/1295
f 1320/1370/1287 1321/1363/1280 1329/1361/1278 1328/1371/1288
f 1315/1381/1298 1319/1383/1300 1364/1382/1299 1343/1380/1297
f 1319/1383/1300 1332/1384/1301 1322/1385/1302 1364/1382/1299
f 1345/1386/1303 1365/1369/1286 1361/1368/1285 1353/1387/1304
f 1378/1373/1290 1369/1388/1305 1350/1389/1306 1346/1372/1289
f 1355/1390/1307 1360/1375/1292 1335/1374/1291 1312/1391/1308
f 1310/1393/1310 1337/1379/1296 1318/1378/1295 1317/1392/1309
f 1380/1395/1312 1323/1397/1314 1349/1394/1311 1348/1396/1313
f 1372/1376/1293 1371/1398/1315 1367/1399/1316 1379/1377/1294
f 1332/1384/1301 1349/1394/1311 1323/1397/1314 1322/1385/1302
f 1381/1362/1279 1327/1401/1318 1370/1400/1317 1373/1360/1277
f 1348/1396/1313 1351/1403/1320 1325/1402/1319 1380/1395/1312
f 1354/1405/1322 1355/1390/1307 1312/1391/1308 1313/1404/1321
f 1344/1407/1324 1345/1386/1303 1353/1387/1304 1352/1406/1323
f 1314/1408/1325 1315/1381/1298 1343/1380/1297 1342/1409/1326
f 1324/1410/1327 1325/1402/1319 1351/1403/1320
f 1311/1411/1328 1310/1393/1310 1317/1392/1309 1316/1412/1329
f 1367/1399/1316 1371/1398/1315 1366/1413/1330
f 1368/1414/1331 1350/1389/1306 1369/1388/1305
f 1326/1415/1332 1370/1400/1317 1327/1401/1318
f 1316/1412/1329 1341/1416/1333 1339/1417/1334 1311/1411/1328
f 1352/1406/1323 1375/1419/1336 1359/1418/1335 1344/1407/1324
f 1342/1409/1326 1358/1420/1337 1340/1421/1338 1314/1408/1325
f 1313/1404/1321 1338/1422/1339 1374/1423/1340 1354/1405/1322
f 1341/1416/1333 1382/1425/1342 1357/1424/1341 1339/1417/1334
f 1375/1419/1336 1376/1426/1343 1362/1427/1344 1359/1418/1335
f 1338/1422/1339 1356/1429/1346 1377/1428/1345 1374/1423/1340
f 1358/1420/1337 1363/1431/1348 1383/1430/1347 1340/1421/1338
s off
f 1294/1432/1349 1310/1393/1310 1311/1411/1328 1298/1433/1350
f 1298/1433/1350 1313/1404/1321 1312/1391/1308 1294/1432/1349
f 1289/1434/1351 1315/1381/1298 1314/1408/1325 1300/1435/1352
f 1300/1435/1352 1316/1412/1329 1317/1392/1309 1289/1434/1351
f 1289/1434/1351 1317/1392/1309 1318/1378/1295 1288/1436/1353
f 1288/1436/1353 1319/1383/1300 1315/1381/1298 1289/1434/1351
f 1278/1438/1355 1321/1363/1280 1320/1370/1287 1283/1437/1354
f 1283/1437/1354 1322/1385/1302 1323/1397/1314 1278/1438/1355
f 1296/1439/1356 1325/1402/1319 1324/1410/1327 1301/1440/1357
f 1301/1440/1357 1326/1415/1332 1327/1401/1318 1296/1439/1356
f 1273/1442/1359 1328/1371/1288 1329/1361/1278 1274/1441/1358
f 1274/1441/1358 1331/1359/1276 1330/1357/1274 1273/1442/1359
f 1281/1443/1360 1332/1384/1301 1319/1383/1300 1288/1436/1353
f 1288/1436/1353 1318/1378/1295 1333/1365/1282 1281/1443/1360
f 1287/1445/1362 1335/1374/1291 1334/1358/1275 1276/1444/1361
f 1276/1444/1361 1336/1367/1284 1337/1379/1296 1287/1445/1362
f 1303/1446/1363 1338/1422/1339 1313/1404/1321 1298/1433/1350
f 1298/1433/1350 1311/1411/1328 1339/1417/1334 1303/1446/1363
f 1300/1435/1352 1314/1408/1325 1340/1421/1338 1302/1447/1364
f 1302/1447/1364 1341/1416/1333 1316/1412/1329 1300/1435/1352
f 1287/1445/1362 1337/1379/1296 1310/1393/1310 1294/1432/1349
f 1294/1432/1349 1312/1391/1308 1335/1374/1291 1287/1445/1362
f 1299/1449/1366 1342/1409/1326 1343/1380/1297 1290/1448/1365
f 1290/1448/1365 1345/1386/1303 1344/1407/1324 1299/1449/1366
f 1280/1451/1368 1347/1364/1281 1346/1372/1289 1285/1450/1367
f 1285/1450/1367 1348/1396/1313 1349/1394/1311 1280/1451/1368
f 1285/1450/1367 1346/1372/1289 1350/1389/1306 1293/1452/1369
f 1293/1452/1369 1351/1403/1320 1348/1396/1313 1285/1450/1367
f 1297/1454/1371 1352/1406/1323 1353/1387/1304 1291/1453/1370
f 1291/1453/1370 1355/1390/1307 1354/1405/1322 1297/1454/1371
f 1307/1455/1372 1356/1429/1346 1338/1422/1339 1303/1446/1363
f 1303/1446/1363 1339/1417/1334 1357/1424/1341 1307/1455/1372
f 1305/1456/1373 1358/1420/1337 1342/1409/1326 1299/1449/1366
f 1299/1449/1366 1344/1407/1324 1359/1418/1335 1305/1456/1373
f 1284/1457/1374 1360/1375/1292 1355/1390/1307 1291/1453/1370
f 1291/1453/1370 1353/1387/1304 1361/1368/1285 1284/1457/1374
f 1305/1456/1373 1359/1418/1335 1362/1427/1344 1309/1458/1375
f 1309/1458/1375 1363/1431/1348 1358/1420/1337 1305/1456/1373
f 1290/1448/1365 1343/1380/1297 1364/1382/1299 1282/1459/1376
f 1282/1459/1376 1365/1369/1286 1345/1386/1303 1290/1448/1365
f 1292/1460/1377 1367/1399/1316 1366/1413/1330 1301/1440/1357
f 1301/1440/1357 1368/1414/1331 1369/1388/1305 1292/1460/1377
f 1295/1461/1378 1370/1400/1317 1326/1415/1332 1301/1440/1357
f 1301/1440/1357 1366/1413/1330 1371/1398/1315 1295/1461/1378
f 1277/1462/1379 1372/1376/1293 1331/1359/1276 1274/1441/1358
f 1274/1441/1358 1329/1361/1278 1373/1360/1277 1277/1462/1379
f 1297/1454/1371 1354/1405/1322 1374/1423/1340 1304/1463/1380
f 1304/1463/1380 1375/1419/1336 1352/1406/1323 1297/1454/1371
f 1308/1464/1381 1376/1426/1343 1375/1419/1336 1304/1463/1380
f 1304/1463/1380 1374/1423/1340 1377/1428/1345 1308/1464/1381
f 1292/1460/1377 1369/1388/1305 1378/1373/1290 1286/1465/1382
f 1286/1465/1382 1379/1377/1294 1367/1399/1316 1292/1460/1377
f 1279/1466/1383 1380/1395/1312 1325/1402/1319 1296/1439/1356
f 1296/1439/1356 1327/1401/1318 1381/1362/1279 1279/1466/1383
f 1301/1440/1357 1324/1410/1327 1351/1403/1320 1293/1452/1369
f 1293/1452/1369 1350/1389/1306 1368/1414/1331 1301/1440/1357
f 1306/1467/1384 1382/1425/1342 1341/1416/1333 1302/1447/1364
f 1302/1447/1364 1340/1421/1338 1383/1430/1347 1306/1467/1384
f 1282/1459/1376 1364/1382/1299 1322/1385/1302 1283/1437/1354
f 1283/1437/1354 1320/1370/1287 1365/1369/1286 1282/1459/1376
f 1275/1468/1385 1384/1356/1273 1379/1377/1294 1286/1465/1382
f 1286/1465/1382 1378/1373/1290 1385/1366/1283 1275/1468/1385
f 1295/1461/1378 1371/1398/1315 1372/1376/1293 1277/1462/1379
f 1277/1462/1379 1373/1360/1277 1370/1400/1317 1295/1461/1378
f 1275/1468/1385 1385/1366/1283 1336/1367/1284 1276/1444/1361
f 1276/1444/1361 1334/1358/1275 1384/1356/1273 1275/1468/1385
f 1279/1466/1383 1381/1362/1279 1321/1363/1280 1278/1438/1355
f 1278/1438/1355 1323/1397/1314 1380/1395/1312 1279/1466/1383
f 1273/1442/1359 1330/1357/1274 1360/1375/1292 1284/1457/1374
f 1284/1457/1374 1361/1368/1285 1328/1371/1288 1273/1442/1359
f 1281/1443/1360 1333/1365/1282 1347/1364/1281 1280/1451/1368
f 1280/1451/1368 1349/1394/1311 1332/1384/1301 1281/1443/1360
# 108 polygons

#
# object Object
#

v 0.528921 4.912129 -1.781164
v 0.677557 4.222222 -2.05629
v 0.243453 4.18882 -2.315682
v -0.092618 5.007646 -2.004785
v 0.170826 4.591586 -1.604538
v 0.292835 4.038522 -1.850884
v -0.261379 5.66461 -0.920777
v -0.450711 4.6871 -1.82816
v -0.46205398 5.217511 -0.982516
v 0.079917 5.021151 -0.992697
v 0.280592 5.468242 -0.930958
v 0.977947 3.501907 -2.247267
v 0.666079 3.412158 -2.462336
v -0.141268 4.00512 -2.110275
v 0.281788 3.294368 -2.292926
v 0.593663 3.384115 -2.077856
v 1.33542 1.821037 -2.178472
v 1.432937 1.878803 -2.265389
v 1.501415 1.936868 -2.156008
v 1.403898 1.879102 -2.069092
v 1.387944 1.760677 -2.170311
v 1.451493 1.81683 -2.067304
v 1.54373 1.870977 -2.149246
v 1.480181 1.814822 -2.252253
v 1.619092 1.5655789 -2.214106
v -0.241753 5.657499 -0.921145
v -0.27032 5.644691 -0.923527
v 0.510077 4.9150248 -1.787944
v 0.660278 4.220893 -2.066614
v 0.514501 4.899221 -1.774051
v 0.661243 4.214432 -2.04758
v -0.073296 5.004677 -1.997833
v -0.106768 4.99498 -1.997806
v 0.08928 5.042013 -0.989816
v 0.185147 4.604404 -1.611602
v 0.060244 5.028279 -0.992327
v 0.15198 4.594482 -1.611319
v 0.260961 4.190167 -2.30522
v 0.227063 4.180994 -2.306932
v 1.466426 1.806748 -2.240033
v 1.562495 1.634296 -2.213613
v 1.489742 1.823271 -2.236756
v 1.584472 1.653273 -2.210755
v 0.260651 5.475467 -0.930584
v 0.271725 5.4484878 -0.933686
v 1.402148 1.769015 -2.182929
v 1.555752 1.635536 -2.18482
v 1.397504 1.769124 -2.154815
v 1.487587 1.928677 -2.143684
v 1.529974 1.862902 -2.1370249
v 1.491623 1.928565 -2.17165
v 1.533627 1.862049 -2.165623
v -0.442679 5.210492 -0.98288
v -0.452886 5.237937 -0.979696
v 0.682356 3.416842 -2.451111
v 0.648092 3.406644 -2.454407
v -0.12375 4.006468 -2.099808
v -0.431172 4.684098 -1.82113
v -0.124771 4.012997 -2.119083
v -0.436619 4.699715 -1.835111
v 1.5822589 1.65087 -2.182024
v 1.465585 1.825103 -2.079823
v 1.441473 1.807976 -2.083546
v 1.442663 1.88705 -2.249854
v 1.419197 1.870664 -2.2531419
v 1.394158 1.870843 -2.084649
v 1.417608 1.887224 -2.081312
v 0.961868 3.49728 -2.258355
v 0.960142 3.496449 -2.239417
v 0.309188 4.046331 -1.859614
v 0.27555498 4.037193 -1.861209
v 0.577466 3.379454 -2.089026
v 0.611716 3.389649 -2.085815
v 0.29829898 3.299119 -2.28154
v 0.300199 3.300011 -2.301042
v 1.345137 1.829277 -2.16295
v 1.349129 1.829158 -2.190691
v -0.116872996 5.193347 -0.122472
v 0.271905 5.052484 -0.129776
v -0.132061 5.19885 -0.122186996
v 0.287336 5.046893 -0.13006599
v 0.280475 5.031605 -0.132177
v -0.138979 5.183435 -0.124316
v -0.280256 4.8686748 -0.167781
v -0.28735 4.852868 -0.169964
v -0.272358 4.847436 -0.170245
v 0.116823 4.706433 -0.177556
v 0.132046 4.700917 -0.177842
v 0.139292 4.717061 -0.175613
v -0.091443 4.877101 0.17198999
v 0.212743 4.789056 0.166155
v -0.103326 4.880541 0.172218
v 0.224816 4.785561 0.165923
v -0.108738996 4.870906 0.170517
v 0.219448 4.776006 0.164237
v 0.108984 4.579403 0.129538
v -0.219277 4.674167 0.135795
v -0.224827 4.664288 0.134051
v -0.213097 4.660893 0.133826
v 0.091404 4.572759 0.127986
v 0.103315 4.569312 0.127758
v -0.091443 4.877101 0.22199
v 0.212743 4.789056 0.216155
v -0.103326 4.880541 0.222218
v 0.224816 4.785561 0.215923
v -0.108738996 4.870906 0.220517
v 0.219448 4.776006 0.214237
v 0.108984 4.579403 0.179538
v -0.219277 4.674167 0.185794
v -0.224827 4.664288 0.18405099
v -0.213097 4.660893 0.183826
v 0.091404 4.572759 0.177986
v 0.103315 4.569312 0.177758
# 113 vertices

vn 0.4222 0.4121 -0.8073
vn 0.3572 0.6673 -0.6534
vn 0.3608 0.65709996 -0.6617
vn 0.42049998 0.4236 -0.80219996
vn 0.6717 -0.3557 0.6497
vn 0.5079 -0.1346 0.8508
vn 0.66139996 -0.3426 0.667
vn 0.51309997 -0.1516 0.8447
vn -0.67829996 0.32279998 -0.6599
vn -0.6896 0.3328 -0.64309996
vn -0.8894 0.45589998 -0.030399999
vn -0.88839996 0.4588 -0.009
vn 0.88079995 -0.45229998 0.13949999
vn 0.8796 -0.4491 0.1564
vn 0.54069996 0.2898 -0.78959996
vn 0.53529996 0.2995 -0.7897
vn -0.4728 0.0416 -0.88009995
vn -0.47 0.0326 -0.88199997
vn -0.4034 -0.1805 -0.8969
vn -0.4041 -0.18069999 -0.89659995
vn 0.44489998 0.0713 0.8926
vn 0.44509998 0.0727 0.8925
vn 0.34039998 0.94009995 -0.0117999995
vn 0.34039998 0.94009995 -0.011899999
vn -0.3956 -0.3979 -0.8276
vn -0.39999998 -0.39069998 -0.8289
vn 0.6595 0.2778 -0.69839996
vn 0.65389997 0.2889 -0.69909996
vn -0.40559998 -0.4707 0.7834
vn -0.4071 -0.4604 0.7887
vn -0.49229997 -0.39429998 0.7759
vn -0.49679998 -0.3884 0.77599996
vn -0.5936 -0.39519998 0.70089996
vn -0.5987 -0.3868 0.70129997
vn -0.354 -0.6494 0.67289996
vn -0.3507 -0.663 0.6613
vn -0.3432 -0.9339 0.0994
vn -0.34379998 -0.93329996 0.1034
vn 0.44919997 0.30519998 0.83959997
vn 0.4538 0.29639998 0.84029996
vn -0.5331 -0.56009996 0.634
vn -0.5329 -0.5602 0.634
vn 0.7043 0.3427 -0.6216
vn 0.7044 0.3425 -0.62149996
vn -0.44689998 -0.4276 -0.78569996
vn -0.44689998 -0.4276 -0.78569996
vn 0.5825 0.19999999 0.78779995
vn 0.5825 0.1999 0.78779995
vn -0.4755 -0.38599998 -0.79039997
vn -0.43249997 -0.6522 0.6224
vn 0.6626 0.0044 0.7488
vn 0.7245 0.30949998 -0.6157
vn 0.9565 0.28849998 0.0414
vn 0.9578 0.2866 0.0191
vn -0.37989998 0.92429996 -0.034199998
vn -0.1838 0.592 -0.78459996
vn 0.373 -0.9145 0.1564
vn 0.19039999 -0.5949 0.7808
vn -0.026099999 0.2627 -0.96449995
vn 0.5512 -0.8333 -0.0401
vn 0.1797 -0.0589 -0.9819
vn -0.6999 -0.70519996 -0.112399995
vn 0.9289 0.3513 0.11669999
vn 0.9159 0.3867 0.1068
vn 0.8871 0.4465 0.1162
vn 0.078499995 0.074599996 -0.9941
vn -0.8943 -0.43649998 -0.0973
vn -0.9457 -0.3217 0.0459
vn -0.9361 -0.3434 0.0755
vn 0.0285 -0.2491 0.968
vn 0.16409999 -0.0602 -0.9845
vn -0.099199995 -0.049 0.9938
vn 0.93439996 0.3408 0.1034
vn 0.059699997 -0.3524 0.9339
vn -0.033 -0.1901 0.98109996
vn -0.83489996 -0.5395 -0.1083
vn -0.77379996 -0.6252 -0.1012
vn 0.2787 0.7696 0.5744
vn 0.28039998 0.7755 0.56549996
vn -0.3667 0.69879997 0.6141
vn 0.91349995 0.2916 0.2836
vn 0.89959997 -0.3971 -0.1812
vn -0.85429996 0.3446 0.38889998
vn -0.8584 0.3486 0.3762
vn -0.91529995 -0.40219998 -0.019199999
vn -0.3084 -0.8685 -0.38779998
vn -0.3101 -0.8745 -0.3728
vn 0.39319998 -0.852 -0.3455
vn 0.9015 -0.4007 -0.16309999
vn 0.278 0.88439995 0.37469998
vn 0.2792 0.8882 0.3647
vn -0.40019998 0.8304 0.3874
vn 0.92969996 0.30789998 0.20179999
vn -0.8757 0.4281 0.22299999
vn 0.88689995 -0.45499998 -0.078499995
vn 0.88689995 -0.4578 -0.060099997
vn -0.87759995 0.431 0.2096
vn -0.92219996 -0.3858 -0.025999999
vn -0.2909 -0.9287 -0.2295
vn -0.2918 -0.93219995 -0.2136
vn 0.3946 -0.9037 -0.16579999
vn 0.278 0.9605 0.0
vn 0.278 0.9605 0.0
vn -0.3788 0.92539996 0.0
vn 0.92539996 0.3788 0.0
vn -0.8718 0.48979998 0.0
vn 0.8718 -0.48979998 0.0
vn 0.8718 -0.48979998 0.0
vn -0.8718 0.48979998 0.0
vn -0.92539996 -0.3788 0.0
vn -0.278 -0.9605 0.0
vn -0.278 -0.9605 0.0
vn 0.3788 -0.92539996 0.0
# 113 vertex normals

vt 0.990717 -0.149508 0.690885
vt 0.880225 -0.07113 0.653974
vt 0.978185 -0.080095 0.536036
vt 0.932528 -0.152581 0.784168
vt 0.913159 -0.111157 0.437186
vt 0.991626 -0.150154 0.681809
vt 0.979566 -0.081675 0.529693
vt 0.940143 -0.166964 0.559713
vt 0.875335 -0.072099 0.658761
vt 0.819197 -0.101626 0.655781
vt 0.684097 -0.007128 0.291174
vt 0.683718 -0.047804 0.387438
vt 0.801675 -0.067396 0.154835
vt 0.925521 -0.026749 0.092982
vt 1.019179 -0.221869 0.83441
vt 0.981034 -0.229913 0.881214
vt 0.877938 -0.170298 0.719888
vt 0.928215 -0.153498 0.785431
vt 0.937539 -0.241596 0.782063
vt 0.977154 -0.230933 0.87903
vt 0.983224 -0.232632 0.693899
vt 1.019933 -0.221952 0.82536
vt 0.686384 -0.005848 0.277103
vt 0.91331 -0.024051 0.091861
vt 1.061614 -0.388682 0.904246
vt 1.063622 -0.384531 0.95060897
vt 1.074987 -0.378741 0.941445
vt 1.065786 -0.382892 0.956484
vt 0.877306 -0.170951 0.71043
vt 0.934134 -0.167878 0.560337
vt 0.937325 -0.241685 0.772223
vt 0.978305 -0.233652 0.69153
vt 1.063107 -0.38867 0.891842
vt 1.072955 -0.384513 0.876261
vt 0.905644 -0.112149 0.439198
vt 0.81870997 -0.103188 0.64839
vt 0.68531 -0.050548 0.383024
vt 0.788865 -0.06877 0.165281
vt 1.075238 -0.382875 0.88259697
vt 1.076607 -0.37873 0.929426
vt 1.068272 -0.394685 0.90475
vt 1.077112 -0.3908 0.891303
vt 1.070469 -0.38927 0.966063
vt 1.078753 -0.385392 0.953028
vt 1.068369 -0.390923 0.959986
vt 1.066761 -0.394696 0.917326
vt 1.080476 -0.38530698 0.94105
vt 1.07941 -0.389087 0.897925
vt 1.077715 -0.408168 0.980797
vt 1.079151 -0.408044 0.967665
vt 1.081373 -0.40651 0.975545
vt 1.079581 -0.40627 0.987052
vt 0.993544 -0.149375 0.688367
vt 0.981899 -0.080385 0.534843
vt 0.684122 -0.005136 0.28646
vt 0.877696 -0.070833 0.660054
vt 0.798193 -0.069482 0.158934
vt 0.90970397 -0.112439 0.434507
vt 0.930328 -0.152715 0.7896
vt 1.081941 -0.41504 0.999999
vt 1.068695 -0.390115 0.969123
vt 1.066386 -0.39553 0.907908
vt 0.935061 -0.024773 0.0915
vt 1.080691 -0.3845 0.950266
vt 1.076862 -0.377911 0.938684
vt 0.978953 -0.230382 0.884884
vt 0.875387 -0.171085 0.71805
vt 0.816824 -0.102887 0.656819
vt 0.683704 -0.049846 0.392272
vt 1.079163 -0.389914 0.88849
vt 1.063993 -0.383717 0.95971197
vt 1.074953 -0.383687 0.873428
vt 1.021487 -0.221407 0.832708
vt 0.937239 -0.167745 0.555162
vt 0.980955 -0.233186 0.687862
vt 0.935185 -0.242161 0.77791
vt 1.061197 -0.389494 0.895186
vt 0.423783 -0.052263 0.374103
vt 0.314447 -0.066349 0.312312
vt 0.427132 -0.051712 0.378376
vt 0.309505 -0.066908 0.312154
vt 1.556209 -0.066908 0.312154
vt 1.558408 -0.068437 0.311071
vt 0.428964 -0.053254 0.379412
vt 0.463901 -0.08473 0.407199
vt 0.46552 -0.086311 0.408902
vt 0.462916 -0.086854 0.403547
vt 0.367009 -0.100953996 0.299783
vt 0.362117 -0.101506 0.297623
vt 0.359574 -0.099891 0.297816
vt 0.311703 -0.068437 0.311071
vt 0.387815 -0.083887 0.500787
vt 0.326346 -0.092692 0.462691
vt 0.389988 -0.083543 0.503165
vt 0.323745 -0.093041 0.46216398
vt 0.39111 -0.084507 0.503431
vt 0.324928 -0.093997 0.461489
vt 0.349928 -0.113657 0.451333
vt 0.413669 -0.104181 0.512334
vt 0.414779 -0.105169 0.512953
vt 0.412804 -0.105508 0.509944
vt 0.353808 -0.114321 0.45235
vt 0.351237 -0.114666 0.45101
vt 0.384244 -0.083887 0.524238
vt 0.325589 -0.092692 0.487824
vt 0.386336 -0.083543 0.526516
vt 0.323121 -0.093041 0.487319
vt 0.38740999 -0.084507 0.52673
vt 0.324242 -0.093997 0.486635
vt 0.347915 -0.113657 0.47608998
vt 0.409069 -0.104181 0.534421
vt 0.410137 -0.105169 0.534972
vt 0.408219 -0.105508 0.532083
vt 0.351599 -0.114321 0.477012
vt 0.349155 -0.114666 0.475736
# 115 texture coords

g Object

usemtl Hairs
s 5
f 1413/1471/1388 1414/1469/1386 1423/1472/1389 1417/1470/1387
f 1420/1473/1390 1455/1476/1393 1416/1474/1391 1415/1475/1392
f 1412/1479/1396 1418/1477/1394 1445/1478/1395 1439/1480/1397
f 1419/1481/1398 1420/1473/1390 1415/1475/1392 1430/1482/1399
f 1414/1469/1386 1453/1483/1400 1440/1484/1401 1423/1472/1389
f 1418/1477/1394 1424/1486/1403 1444/1485/1402 1445/1478/1395
f 1424/1486/1403 1441/1488/1405 1460/1487/1404 1444/1485/1402
f 1455/1476/1393 1458/1489/1406 1454/1490/1407 1416/1474/1391
f 1429/1492/1409 1413/1471/1388 1417/1470/1387 1411/1491/1408
f 1462/1493/1410 1460/1487/1404 1441/1488/1405 1450/1494/1411
f 1449/1496/1413 1440/1484/1401 1453/1483/1400 1436/1495/1412
f 1442/1497/1414 1459/1499/1416 1457/1500/1417 1456/1498/1415
f 1451/1502/1419 1457/1500/1417 1459/1499/1416 1461/1501/1418
f 1443/1504/1421 1442/1497/1414 1456/1498/1415 1422/1503/1420
f 1438/1505/1422 1443/1504/1421 1422/1503/1420 1421/1506/1423
f 1434/1508/1425 1454/1490/1407 1458/1489/1406 1452/1507/1424
f 1461/1501/1418 1433/1509/1426 1448/1510/1427 1451/1502/1419
f 1436/1495/1412 1437/1512/1429 1427/1511/1428 1449/1496/1413
f 1450/1494/1411 1425/1513/1430 1431/1514/1431 1462/1493/1410
f 1452/1507/1424 1447/1516/1433 1435/1515/1432 1434/1508/1425
f 1426/1517/1434 1431/1514/1431 1425/1513/1430
f 1432/1518/1435 1448/1510/1427 1433/1509/1426
f 1446/1519/1436 1435/1515/1432 1447/1516/1433
f 1427/1511/1428 1437/1512/1429 1428/1520/1437
f 1387/1521/1438 1414/1469/1386 1413/1471/1388 1386/1522/1439
f 1386/1522/1439 1415/1475/1392 1416/1474/1391 1387/1521/1438
f 1392/1523/1440 1411/1491/1408 1417/1470/1387 1389/1524/1441
f 1389/1524/1441 1418/1477/1394 1412/1479/1396 1392/1523/1440
f 1390/1526/1443 1420/1473/1390 1419/1481/1398 1395/1525/1442
f 1395/1525/1442 1421/1506/1423 1422/1503/1420 1390/1526/1443
f 1389/1524/1441 1417/1470/1387 1423/1472/1389 1388/1527/1444
f 1388/1527/1444 1424/1486/1403 1418/1477/1394 1389/1524/1441
f 1410/1528/1445 1426/1517/1434 1425/1513/1430 1409/1529/1446
f 1409/1529/1446 1427/1511/1428 1428/1520/1437 1410/1528/1445
f 1406/1530/1447 1431/1514/1431 1426/1517/1434 1410/1528/1445
f 1410/1528/1445 1432/1518/1435 1433/1509/1426 1406/1530/1447
f 1386/1522/1439 1413/1471/1388 1429/1492/1409 1396/1531/1448
f 1396/1531/1448 1430/1482/1399 1415/1475/1392 1386/1522/1439
f 1404/1533/1450 1434/1508/1425 1435/1515/1432 1408/1532/1449
f 1408/1532/1449 1437/1512/1429 1436/1495/1412 1404/1533/1450
f 1388/1527/1444 1423/1472/1389 1440/1484/1401 1398/1534/1451
f 1398/1534/1451 1441/1488/1405 1424/1486/1403 1388/1527/1444
f 1399/1535/1452 1442/1497/1414 1443/1504/1421 1393/1536/1453
f 1393/1536/1453 1445/1478/1395 1444/1485/1402 1399/1535/1452
f 1394/1537/1454 1439/1480/1397 1445/1478/1395 1393/1536/1453
f 1393/1536/1453 1443/1504/1421 1438/1505/1422 1394/1537/1454
f 1410/1528/1445 1446/1519/1436 1447/1516/1433 1407/1538/1455
f 1407/1538/1455 1448/1510/1427 1432/1518/1435 1410/1528/1445
f 1403/1539/1456 1449/1496/1413 1427/1511/1428 1409/1529/1446
f 1409/1529/1446 1425/1513/1430 1450/1494/1411 1403/1539/1456
f 1405/1540/1457 1451/1502/1419 1448/1510/1427 1407/1538/1455
f 1407/1538/1455 1447/1516/1433 1452/1507/1424 1405/1540/1457
f 1403/1539/1456 1450/1494/1411 1441/1488/1405 1398/1534/1451
f 1398/1534/1451 1440/1484/1401 1449/1496/1413 1403/1539/1456
f 1404/1533/1450 1436/1495/1412 1453/1483/1400 1397/1541/1458
f 1397/1541/1458 1454/1490/1407 1434/1508/1425 1404/1533/1450
f 1391/1542/1459 1455/1476/1393 1420/1473/1390 1390/1526/1443
f 1390/1526/1443 1422/1503/1420 1456/1498/1415 1391/1542/1459
f 1391/1542/1459 1456/1498/1415 1457/1500/1417 1401/1543/1460
f 1401/1543/1460 1458/1489/1406 1455/1476/1393 1391/1542/1459
f 1401/1543/1460 1457/1500/1417 1451/1502/1419 1405/1540/1457
f 1405/1540/1457 1452/1507/1424 1458/1489/1406 1401/1543/1460
f 1400/1544/1461 1459/1499/1416 1442/1497/1414 1399/1535/1452
f 1399/1535/1452 1444/1485/1402 1460/1487/1404 1400/1544/1461
f 1406/1530/1447 1433/1509/1426 1461/1501/1418 1402/1545/1462
f 1402/1545/1462 1462/1493/1410 1431/1514/1431 1406/1530/1447
f 1397/1541/1458 1453/1483/1400 1414/1469/1386 1387/1521/1438
f 1387/1521/1438 1416/1474/1391 1454/1490/1407 1397/1541/1458
f 1408/1532/1449 1435/1515/1432 1446/1519/1436 1410/1528/1445
f 1410/1528/1445 1428/1520/1437 1437/1512/1429 1408/1532/1449
f 1402/1545/1462 1461/1501/1418 1459/1499/1416 1400/1544/1461
f 1400/1544/1461 1460/1487/1404 1462/1493/1410 1402/1545/1462
f 1411/1491/1408 1463/1546/1463 1464/1547/1464 1429/1492/1409
f 1392/1523/1440 1465/1548/1465 1463/1546/1463 1411/1491/1408
f 1429/1492/1409 1464/1547/1464 1466/1549/1466 1396/1531/1448
f 1396/1531/1448 1466/1550/1466 1467/1551/1467 1430/1482/1399
f 1412/1479/1396 1468/1552/1468 1465/1548/1465 1392/1523/1440
f 1439/1480/1397 1469/1553/1469 1468/1552/1468 1412/1479/1396
f 1394/1537/1454 1470/1554/1470 1469/1553/1469 1439/1480/1397
f 1438/1505/1422 1471/1555/1471 1470/1554/1470 1394/1537/1454
f 1421/1506/1423 1472/1556/1472 1471/1555/1471 1438/1505/1422
f 1395/1525/1442 1473/1557/1473 1472/1556/1472 1421/1506/1423
f 1419/1481/1398 1474/1558/1474 1473/1557/1473 1395/1525/1442
f 1430/1482/1399 1467/1559/1467 1474/1558/1474 1419/1481/1398
f 1463/1546/1463 1475/1560/1475 1476/1561/1476 1464/1547/1464
f 1465/1548/1465 1477/1562/1477 1475/1560/1475 1463/1546/1463
f 1464/1547/1464 1476/1561/1476 1478/1563/1478 1466/1549/1466
f 1468/1552/1468 1479/1564/1479 1477/1562/1477 1465/1548/1465
f 1466/1549/1466 1478/1563/1478 1480/1565/1480 1467/1559/1467
f 1467/1559/1467 1480/1565/1480 1481/1566/1481 1474/1558/1474
f 1469/1553/1469 1482/1567/1482 1479/1564/1479 1468/1552/1468
f 1470/1554/1470 1483/1568/1483 1482/1567/1482 1469/1553/1469
f 1471/1555/1471 1484/1569/1484 1483/1568/1483 1470/1554/1470
f 1472/1556/1472 1485/1570/1485 1484/1569/1484 1471/1555/1471
f 1473/1557/1473 1486/1571/1486 1485/1570/1485 1472/1556/1472
f 1474/1558/1474 1481/1566/1481 1486/1571/1486 1473/1557/1473
f 1475/1560/1475 1487/1572/1487 1488/1573/1488 1476/1561/1476
f 1477/1562/1477 1489/1574/1489 1487/1572/1487 1475/1560/1475
f 1476/1561/1476 1488/1573/1488 1490/1575/1490 1478/1563/1478
f 1479/1564/1479 1491/1576/1491 1489/1574/1489 1477/1562/1477
f 1478/1563/1478 1490/1575/1490 1492/1577/1492 1480/1565/1480
f 1480/1565/1480 1492/1577/1492 1493/1578/1493 1481/1566/1481
f 1482/1567/1482 1494/1579/1494 1491/1576/1491 1479/1564/1479
f 1483/1568/1483 1495/1580/1495 1494/1579/1494 1482/1567/1482
f 1484/1569/1484 1496/1581/1496 1495/1580/1495 1483/1568/1483
f 1485/1570/1485 1497/1582/1497 1496/1581/1496 1484/1569/1484
f 1486/1571/1486 1498/1583/1498 1497/1582/1497 1485/1570/1485
f 1481/1566/1481 1493/1578/1493 1498/1583/1498 1486/1571/1486
# 108 polygons

#
# object Object
#

v 1.17579 4.547183 -1.407046
v 1.248321 3.946051 -1.749313
v 1.0772899 3.977628 -2.019229
v 0.937873 4.656647 -1.73282
v 1.357263 2.547917 -2.165168
v 0.719095 3.947093 -2.032687
v 1.4671069 2.583861 -2.187966
v 0.706976 5.325002 -1.418744
v 0.557424 4.569514 -1.734533
v 0.335509 5.129393 -1.464464
v 1.489428 2.597711 -2.074249
v 0.890133 3.915512 -1.7627699
v 1.379583 2.561767 -2.051452
v 1.076077 5.07819 -1.093395
v 0.704609 4.882583 -1.139114
v 0.795341 4.46005 -1.40876
v 1.50857 2.535832 -2.071598
v 1.488023 2.52143 -2.178743
v 0.4953 5.148113 -0.618085
v 0.68912 5.442716 -0.414125
v 1.38429 2.487855 -2.157268
v 1.4048359 2.502257 -2.050123
v 0.314968 5.715979 -0.521107
v 0.121148 5.421371 -0.72507
v 1.540587 2.290262 -2.165614
v 0.437671 5.000693 -0.037846
v 0.087217 5.202989 -0.067523
v -0.060379 4.963191 -0.3167
v 0.290074 4.760896 -0.287023
v 0.18350899 4.559832 -0.115116
v -0.154639 4.725278 -0.104652
v -0.031043 4.936616 0.168003
v 0.307105 4.771169 0.157538
v -0.17514999 4.669577 -0.065352
v -0.054051 4.874751 0.212995
v 0.286594 4.715468 0.196838
v 0.165495 4.510294 -0.081508
v 0.304308 5.699775 -0.53232497
v 0.079246 5.190038 -0.08098
v 0.331544 5.703873 -0.516367
v 0.104672 5.192914 -0.066045
v 1.062509 5.087263 -1.105354
v 0.672349 5.454965 -0.41892
v 1.05794 5.0686398 -1.095627
v 0.678469 5.426527 -0.425333
v -0.060709998 4.863469 0.19769
v -0.037834 4.925004 0.153022
v -0.035895 4.866261 0.212134
v -0.013026 4.9278 0.167445
v 1.470699 2.591583 -2.070362
v 1.489812 2.529761 -2.067714
v 1.485498 2.595273 -2.094271
v 1.504609 2.533056 -2.092251
v 0.478833 5.160139 -0.622794
v 0.691039 4.891657 -1.151075
v 0.506265 5.16478 -0.606546
v 0.722621 4.892067 -1.136897
v 0.300297 4.759529 0.14252
v 0.429629 4.987626 -0.051424
v 0.289066 4.779995 0.158096
v 0.420339 5.010698 -0.039313998
v 1.400908 2.499504 -2.070607
v 1.484574 2.368431 -2.142905
v 1.424052 2.508477 -2.054101
v 1.509915 2.375223 -2.126865
v 0.272716 4.770917 -0.288493
v 0.165479 4.568653 -0.114559
v 0.298099 4.773934 -0.273475
v 0.190323 4.571482 -0.100085996
v 0.689179 5.31563 -1.420935
v 0.720888 5.315699 -1.406481
v 1.057121 3.975909 -2.019987
v 1.448414 2.577744 -2.184086
v 1.088066 3.975639 -2.002222
v 1.470977 2.586262 -2.168249
v 1.156203 4.542697 -1.4071339
v 1.164337 4.552453 -1.422729
v 0.918288 4.652162 -1.732908
v 0.949305 4.651387 -1.717166
v 0.81489 4.464527 -1.408672
v 0.910421 3.917242 -1.762007
v 0.783865 4.46533 -1.424474
v 0.87918 3.917535 -1.780055
v 1.502146 2.370554 -2.166628
v 1.469267 2.515359 -2.17486
v 1.524066 2.382011 -2.151151
v 1.491771 2.524057 -2.159198
v 1.228331 3.944347 -1.750064
v 1.237433 3.948061 -1.766494
v 0.147331 4.518787 -0.080647
v 0.172176 4.521615 -0.06615
v 1.376056 2.554066 -2.169069
v 1.403658 2.494124 -2.161278
v 1.361115 2.550307 -2.145541
v 1.388038 2.490482 -2.1377249
v 0.577056 4.574011 -1.734445
v 0.353234 5.1387258 -1.462282
v 0.568861 4.564252 -1.718873
v 0.349578 5.119986 -1.452062
v -0.052427 4.97611 -0.303276
v 0.132069 5.437971 -0.713577
v -0.042845 4.953069 -0.315216
v 0.137566 5.40938 -0.720376
v 1.3983229 2.567899 -2.055341
v 1.375693 2.5593529 -2.071268
v 0.279926 4.7041698 0.181511
v 0.268434 4.723959 0.197699
v -0.136612 4.716458 -0.10521
v -0.147844 4.736896 -0.089662
v 0.739744 3.948854 -2.031912
v 0.729985 3.945082 -2.015501
v -0.156991 4.661086 -0.066213
v -0.168482 4.680875 -0.050025
# 113 vertices

vn 0.8411 0.32349998 -0.4333
vn 0.84419996 0.3139 -0.43429998
vn 0.7866 0.40179998 -0.4687
vn 0.78499997 0.413 -0.46159998
vn -0.0512 0.24769999 -0.96739995
vn -0.051599998 0.2463 -0.96779996
vn -0.0984 -0.057099998 -0.9935
vn -0.100499995 -0.0481 -0.99369997
vn -0.2943 0.6167 -0.72999996
vn -0.2792 0.6074 -0.7436
vn -0.0674 0.3951 -0.91609997
vn -0.069299996 0.40579998 -0.9113
vn 0.0705 -0.363 0.9291
vn 0.1269 -0.0587 0.99009997
vn 0.12459999 -0.0486 0.991
vn 0.0705 -0.3604 0.93009996
vn 0.7069 0.65029997 -0.27789998
vn 0.71169996 0.6412 -0.28669998
vn 0.25759998 -0.6228 0.7387
vn 0.100099996 -0.5139 0.8519
vn 0.0959 -0.49679998 0.86249995
vn 0.2713 -0.63479996 0.7234
vn 0.908 0.283 -0.3087
vn 0.9108 0.2729 -0.30949998
vn 0.946 0.2429 -0.21419999
vn 0.946 0.24319999 -0.21419999
vn 0.6732 -0.6773 0.29639998
vn 0.6832 -0.6759 0.27609998
vn -0.86899996 -0.3929 0.3004
vn -0.87189996 -0.38549998 0.3015
vn -0.83709997 -0.49749997 0.2272
vn -0.8369 -0.49769998 0.2272
vn -0.71489996 0.6659 -0.2128
vn -0.7256 0.66209996 -0.1867
vn 0.23539999 -0.1096 0.96559995
vn 0.23539999 -0.109699994 0.96559995
vn -0.7757 -0.44669998 0.4457
vn -0.81509995 -0.408 0.41099998
vn -0.7739 -0.4567 0.4385
vn -0.8124 -0.41399997 0.4105
vn -0.70879996 -0.63769996 0.3012
vn -0.7035 -0.6493 0.28849998
vn -0.49359998 -0.7827 -0.37899998
vn -0.4944 -0.7851 -0.37289998
vn 0.47669998 0.78249997 0.40039998
vn 0.4736 0.78 0.40879998
vn -0.156 -0.1427 -0.9773
vn -0.156 -0.1428 -0.9773
vn 0.2877 -0.3094 0.90629995
vn 0.2536 0.56659997 0.78389996
vn 0.24499999 0.55399996 0.7956
vn -0.24949999 -0.5606 -0.7895
vn -0.259 -0.5744 -0.77639997
vn 0.8616 -0.50659996 -0.029
vn 0.86499995 -0.5002 -0.0378
vn 0.9557 0.20529999 -0.21079999
vn -0.8864 0.45189998 0.0999
vn -0.8831 0.4605 0.088999994
vn -0.1722 -0.094799995 -0.98039997
vn -0.759 -0.61 0.22749999
vn -0.2672 -0.51489997 -0.8145
vn -0.2728 -0.5257 -0.8057
vn 0.27269998 0.52639997 0.8052
vn 0.2677 0.51699996 0.81299996
vn 0.8918 -0.4479 -0.0635
vn 0.88979995 -0.4524 -0.0587
vn -0.9016 0.42279997 0.0906
vn -0.89959997 0.4283 0.0849
vn -0.909 0.405 0.0975
vn -0.90849996 0.40649998 0.096099995
vn 0.91029996 -0.40129998 -0.1008
vn 0.9097 -0.4032 -0.0991
vn 0.2674 0.49109998 0.829
vn 0.2695 0.4958 0.8254
vn -0.262 -0.479 -0.83769995
vn -0.2647 -0.4851 -0.8333
vn -0.4195 0.6979 0.5804
vn -0.1749 0.9787 0.1074
vn 0.8473 0.0488 0.5287
vn 0.9009 0.0072 0.43379998
vn -0.443 0.6289 0.6387
vn -0.43089998 0.6644 0.6105
vn 0.82909995 0.1618 0.53499997
vn 0.84559995 0.0975 0.5247
vn 0.1627 -0.98459995 -0.0634
vn -0.25599998 -0.7535 0.6055
vn 0.83379996 0.042099997 0.55039996
vn 0.8168 0.0275 0.5761
vn -0.41489998 -0.41579998 0.8092
vn 0.3592 -0.9309 -0.0661
vn 0.43429998 -0.66029996 -0.61259997
vn 0.42 -0.7089 -0.5665
vn 0.2626 0.7496 -0.6074
vn 0.5233 0.1554 -0.83769995
vn 0.4651 0.3364 -0.8188
vn 0.9079 -0.0962 0.4078
vn 0.41059998 0.46159998 -0.7863
vn -0.4371 -0.4513 0.7779
vn -0.3861 -0.5507 0.7399
vn 0.5513 0.070199996 -0.83129996
vn 0.88019997 -0.0405 0.4728
vn 0.45099998 -0.60789996 -0.6534
vn -0.7075 -0.45639998 -0.5394
vn -0.7611 -0.3575 -0.541
vn -0.923 -0.0554 -0.3807
vn -0.8703 -0.050699998 -0.48979998
vn -0.8619 -0.099599995 -0.4971
vn -0.91569996 -0.0605 -0.39699998
vn -0.4831 -0.275 0.8312
vn 0.84709996 0.060799997 0.5277
vn -0.85469997 -0.079799995 -0.5129
vn -0.83419997 -0.1689 -0.5247
vn -0.8469 -0.0603 -0.5282
# 113 vertex normals

vt 1.04863 -0.174034 0.751192
vt 1.084815 -0.176791 0.703788
vt 1.117522 -0.116352 0.559949
vt 1.055007 -0.106459 0.592857
vt 1.003247 -0.176712 0.686542
vt 1.0438809 -0.174007 0.750483
vt 1.065432 -0.316191 0.903742
vt 1.070594 -0.31382298 0.932328
vt 0.955185 -0.057725 0.361141
vt 1.043491 -0.040034 0.396171
vt 1.049171 -0.106381 0.590752
vt 0.99304 -0.114196 0.518445
vt 1.045439 -0.179873 0.601007
vt 1.080538 -0.312439 0.896093
vt 1.075491 -0.314807 0.866333
vt 1.085481 -0.177163 0.694617
vt 1.052174 -0.040027 0.398637
vt 1.161943 -0.062871 0.432998
vt 1.163566 -0.064733 0.428886
vt 1.070172 -0.125145 0.427686
vt 1.118876 -0.117328 0.551938
vt 1.103899 -0.082391 0.296266
vt 1.073539 -0.312971 0.933419
vt 1.079988 -0.31207 0.910041
vt 1.081689 -0.318292 0.915744
vt 1.075861 -0.319192 0.936724
vt 1.38232 -0.028945 0.258633
vt 1.35867 -0.055119 0.134621
vt 1.065718 -0.316567 0.889755
vt 1.072307 -0.315662 0.865127
vt 1.068632 -0.322549 0.895041
vt 1.074579 -0.321647 0.873035
vt 1.536761 -0.00162 0.110056
vt 1.823082 -0.0278 0.076985
vt 1.08231 -0.318621 0.901585
vt 1.077819 -0.32075 0.87435
vt 1.062145 -0.125064 0.424375
vt 1.039435 -0.179844 0.600689
vt 0.992381 -0.115172 0.509743
vt 1.002707 -0.177089 0.6771
vt 1.093017 -0.082432 0.289442
vt 0.954455 -0.059599 0.355832
vt 0.11276 -0.055583 0.118561
vt 0.583613 -0.030659 0.073537
vt 1.515644 -0.00121 0.120224
vt 1.385741 -0.026101 0.258321
vt 1.072945 -0.320061 0.935422
vt 1.06836 -0.322185 0.90923
vt 1.079605 -0.334075 0.930489
vt 0.361661 -0.052306 0.355626
vt 0.273111 -0.070528 0.364741
vt 0.268939 -0.00121 0.120224
vt 0.139037 -0.026101 0.258321
vt 0.315053 -0.094506 0.232325
vt 0.43870398 -0.07629 0.272855
vt 0.135615 -0.028945 0.258633
vt 0.111965 -0.055119 0.134621
vt 0.269926 -0.072835 0.359703
vt 0.304367 -0.094204 0.240022
vt 1.07901 -0.333396 0.944374
vt 0.438901 -0.073986 0.280566
vt 0.290056 -0.00162 0.110056
vt 0.369721 -0.052594 0.351821
vt 0.576378 -0.0278 0.076985
vt 1.076182 -0.334542 0.942973
vt 1.076417 -0.334754 0.928136
vt 0.347258 -0.114732 0.325165
vt 0.425703 -0.099952 0.38679498
vt 0.373165 -0.078817 0.485189
vt 0.309816 -0.093598 0.457385
vt 0.339075 -0.114449 0.33039
vt 0.307286 -0.095645 0.449625
vt 0.42595 -0.097908 0.396449
vt 0.378977 -0.079097 0.482286
vt 0.424928 -0.10351 0.418874
vt 0.380299 -0.08525 0.507362
vt 0.342891 -0.119436 0.348654
vt 0.311811 -0.10118 0.469166
vt 0.314216 -0.099201 0.477363
vt 0.374763 -0.084971 0.51017
vt 0.350694 -0.119719 0.343665
vt 0.424702 -0.105489 0.40888
vt 0.366497 -0.051298 0.357204
vt 0.281995 0.0 0.116357
vt 1.383057 -0.027326 0.266364
vt 1.165723 -0.063778 0.436804
vt 0.378069 -0.084122 0.513514
vt 0.376644 -0.077936 0.488301
vt 1.08179 -0.311826 0.903884
vt 1.083541 -0.318014 0.909435
vt 1.355607 -0.056786 0.126856
vt 1.359465 -0.055583 0.118561
vt 1.099234 -0.083339 0.290257
vt 0.30587 -0.09448 0.457279
vt 0.268557 -0.071528 0.36725
vt 1.076454 -0.321372 0.86648
vt 1.079299 -0.342571 0.955353
vt 0.341802 -0.115614 0.32339
vt 0.307594 -0.095508 0.233081
vt 1.047577 -0.039097 0.399975
vt 1.528699 0.0 0.116357
vt 1.071875 -0.313211 0.939811
vt 1.046211 -0.173835 0.75551
vt 1.12099 -0.116879 0.559836
vt 1.051936 -0.105933 0.596143
vt 1.042481 -0.18004599 0.595999
vt 1.066556 -0.125592 0.421587
vt 1.074209 -0.31945398 0.942998
vt 0.136353 -0.027326 0.266364
vt 1.087624 -0.176992 0.701311
vt 0.345527 -0.120568 0.341567
vt 1.066955 -0.322812 0.901595
vt 1.064039 -0.316806 0.896421
vt 0.950245 -0.058658 0.36144
vt 0.98939 -0.114646 0.515724
vt 0.444089 -0.075278 0.277636
vt 0.593296 -0.02946 0.081272
vt 1.074128 -0.315421 0.858723
vt 0.108902 -0.056786 0.126856
vt 0.310411 -0.100051 0.4769
vt 0.429486 -0.09907 0.392041
vt 1.000365 -0.176888 0.683474
vt 0.428282 -0.10464 0.414249
# 123 texture coords

g Object

usemtl Hairs
s 6
f 1575/1586/1501 1587/1585/1500 1572/1584/1499 1577/1587/1502
f 1590/1590/1505 1608/1588/1503 1570/1589/1504 1571/1591/1506
f 1568/1593/1508 1576/1594/1509 1594/1595/1510 1595/1592/1507
f 1548/1597/1512 1586/1599/1514 1579/1596/1511 1602/1598/1513
f 1540/1601/1516 1575/1586/1501 1577/1587/1502 1569/1600/1515
f 1555/1605/1520 1578/1603/1518 1574/1604/1519 1542/1602/1517
f 1573/1606/1521 1572/1584/1499 1587/1585/1500 1550/1607/1522
f 1576/1594/1509 1570/1589/1504 1608/1588/1503 1594/1595/1510
f 1578/1603/1518 1579/1596/1511 1586/1599/1514 1574/1604/1519
f 1550/1607/1522 1551/1608/1523 1585/1609/1524 1573/1606/1521
f 1554/1611/1526 1555/1605/1520 1542/1602/1517 1543/1610/1525
f 1592/1612/1527 1593/1614/1529 1560/1615/1530 1603/1613/1528
f 1536/1616/1531 1568/1593/1508 1595/1592/1507 1599/1617/1532
f 1602/1598/1513 1562/1619/1534 1549/1618/1533 1548/1597/1512
f 1596/1622/1537 1609/1623/1538 1581/1621/1536 1580/1620/1535
f 1597/1625/1540 1596/1622/1537 1580/1620/1535 1553/1624/1539
f 1601/1627/1542 1597/1625/1540 1553/1624/1539 1552/1626/1541
f 1541/1629/1544 1540/1601/1516 1569/1600/1515 1538/1628/1543
f 1571/1591/1506 1583/1630/1545 1591/1631/1546 1590/1590/1505
f 1603/1613/1528 1581/1621/1536 1609/1623/1538 1592/1612/1527
f 1563/1632/1547 1549/1618/1533 1562/1619/1534
f 1559/1634/1549 1541/1636/1544 1538/1635/1543 1539/1633/1548
f 1600/1638/1551 1601/1627/1542 1552/1626/1541 1564/1637/1550
f 1566/1642/1553 1554/1640/1526 1543/1639/1525 1557/1641/1552
f 1585/1609/1524 1551/1608/1523 1584/1643/1554
f 1537/1646/1556 1536/1645/1531 1599/1647/1532 1598/1644/1555
f 1582/1648/1557 1591/1631/1546 1583/1630/1545
f 1561/1649/1558 1560/1615/1530 1593/1614/1529
f 1564/1637/1550 1565/1650/1559 1606/1651/1560 1600/1638/1551
f 1539/1633/1548 1547/1652/1561 1558/1653/1562 1559/1634/1549
f 1557/1641/1552 1556/1655/1564 1567/1654/1563 1566/1642/1553
f 1598/1644/1555 1607/1656/1565 1545/1657/1566 1537/1646/1556
f 1607/1656/1565 1611/1658/1567 1544/1659/1568 1545/1657/1566
f 1556/1655/1564 1604/1661/1570 1589/1660/1569 1567/1654/1563
f 1547/1652/1561 1546/1663/1572 1605/1662/1571 1558/1653/1562
f 1565/1650/1559 1588/1664/1573 1610/1665/1574 1606/1651/1560
s off
f 1521/1667/1576 1536/1645/1531 1537/1646/1556 1525/1666/1575
f 1525/1666/1575 1539/1633/1548 1538/1635/1543 1521/1667/1576
f 1512/1669/1578 1540/1601/1516 1541/1629/1544 1518/1668/1577
f 1518/1668/1577 1543/1610/1525 1542/1602/1517 1512/1669/1578
f 1530/1671/1580 1545/1657/1566 1544/1659/1568 1533/1670/1579
f 1533/1670/1579 1546/1663/1572 1547/1652/1561 1530/1671/1580
f 1509/1672/1581 1548/1597/1512 1549/1618/1533 1515/1673/1582
f 1515/1673/1582 1551/1608/1523 1550/1607/1522 1509/1672/1581
f 1525/1666/1575 1537/1646/1556 1545/1657/1566 1530/1671/1580
f 1530/1671/1580 1547/1652/1561 1539/1633/1548 1525/1666/1575
f 1517/1674/1583 1552/1675/1541 1553/1624/1539 1513/1676/1584
f 1513/1676/1584 1555/1605/1520 1554/1611/1526 1517/1674/1583
f 1531/1677/1585 1556/1655/1564 1557/1641/1552 1524/1678/1586
f 1524/1678/1586 1559/1634/1549 1558/1653/1562 1531/1677/1585
f 1520/1679/1587 1560/1615/1530 1561/1649/1558 1523/1680/1588
f 1523/1680/1588 1563/1632/1547 1562/1619/1534 1520/1679/1587
f 1528/1681/1589 1565/1650/1559 1564/1637/1550 1527/1682/1590
f 1527/1682/1590 1566/1642/1553 1567/1654/1563 1528/1681/1589
f 1506/1683/1591 1568/1593/1508 1536/1616/1531 1521/1684/1576
f 1521/1684/1576 1538/1628/1543 1569/1600/1515 1506/1683/1591
f 1505/1685/1592 1571/1591/1506 1570/1589/1504 1501/1686/1593
f 1501/1686/1593 1572/1584/1499 1573/1606/1521 1505/1685/1592
f 1512/1669/1578 1542/1602/1517 1574/1604/1519 1499/1687/1594
f 1499/1687/1594 1575/1586/1501 1540/1601/1516 1512/1669/1578
f 1502/1688/1595 1576/1594/1509 1568/1593/1508 1506/1683/1591
f 1506/1683/1591 1569/1600/1515 1577/1587/1502 1502/1688/1595
f 1510/1689/1596 1579/1596/1511 1578/1603/1518 1514/1690/1597
f 1514/1690/1597 1580/1620/1535 1581/1621/1536 1510/1689/1596
f 1513/1676/1584 1553/1624/1539 1580/1620/1535 1514/1690/1597
f 1514/1690/1597 1578/1603/1518 1555/1605/1520 1513/1676/1584
f 1523/1680/1588 1582/1648/1557 1583/1630/1545 1516/1691/1598
f 1516/1691/1598 1585/1609/1524 1584/1643/1554 1523/1680/1588
f 1524/1678/1586 1557/1641/1552 1543/1639/1525 1518/1692/1577
f 1518/1692/1577 1541/1636/1544 1559/1634/1549 1524/1678/1586
f 1499/1687/1594 1574/1604/1519 1586/1599/1514 1500/1693/1599
f 1500/1693/1599 1587/1585/1500 1575/1586/1501 1499/1687/1594
f 1535/1694/1600 1588/1664/1573 1565/1650/1559 1528/1681/1589
f 1528/1681/1589 1567/1654/1563 1589/1660/1569 1535/1694/1600
f 1503/1696/1602 1590/1590/1505 1591/1631/1546 1519/1695/1601
f 1519/1695/1601 1593/1614/1529 1592/1612/1527 1503/1696/1602
f 1508/1697/1603 1595/1592/1507 1594/1595/1510 1507/1698/1604
f 1507/1698/1604 1596/1622/1537 1597/1625/1540 1508/1697/1603
f 1526/1699/1605 1598/1644/1555 1599/1647/1532 1522/1700/1606
f 1522/1700/1606 1601/1627/1542 1600/1638/1551 1526/1699/1605
f 1515/1673/1582 1549/1618/1533 1563/1632/1547 1523/1680/1588
f 1523/1680/1588 1584/1643/1554 1551/1608/1523 1515/1673/1582
f 1522/1700/1606 1599/1647/1532 1595/1592/1507 1508/1697/1603
f 1508/1697/1603 1597/1625/1540 1601/1627/1542 1522/1700/1606
f 1523/1680/1588 1561/1649/1558 1593/1614/1529 1519/1695/1601
f 1519/1695/1601 1591/1631/1546 1582/1648/1557 1523/1680/1588
f 1502/1688/1595 1577/1587/1502 1572/1584/1499 1501/1686/1593
f 1501/1686/1593 1570/1589/1504 1576/1594/1509 1502/1688/1595
f 1511/1701/1607 1602/1598/1513 1579/1596/1511 1510/1689/1596
f 1510/1689/1596 1581/1621/1536 1603/1613/1528 1511/1701/1607
f 1517/1702/1583 1554/1640/1526 1566/1642/1553 1527/1682/1590
f 1527/1682/1590 1564/1637/1550 1552/1626/1541 1517/1702/1583
f 1534/1703/1608 1604/1661/1570 1556/1655/1564 1531/1677/1585
f 1531/1677/1585 1558/1653/1562 1605/1662/1571 1534/1703/1608
f 1516/1691/1598 1583/1630/1545 1571/1591/1506 1505/1685/1592
f 1505/1685/1592 1573/1606/1521 1585/1609/1524 1516/1691/1598
f 1509/1672/1581 1550/1607/1522 1587/1585/1500 1500/1693/1599
f 1500/1693/1599 1586/1599/1514 1548/1597/1512 1509/1672/1581
f 1526/1699/1605 1600/1638/1551 1606/1651/1560 1529/1704/1609
f 1529/1704/1609 1607/1656/1565 1598/1644/1555 1526/1699/1605
f 1504/1705/1610 1608/1588/1503 1590/1590/1505 1503/1696/1602
f 1503/1696/1602 1592/1612/1527 1609/1623/1538 1504/1705/1610
f 1520/1679/1587 1562/1619/1534 1602/1598/1513 1511/1701/1607
f 1511/1701/1607 1603/1613/1528 1560/1615/1530 1520/1679/1587
f 1529/1704/1609 1606/1651/1560 1610/1665/1574 1532/1706/1611
f 1532/1706/1611 1611/1658/1567 1607/1656/1565 1529/1704/1609
f 1504/1705/1610 1609/1623/1538 1596/1622/1537 1507/1698/1604
f 1507/1698/1604 1594/1595/1510 1608/1588/1503 1504/1705/1610
# 108 polygons

#
# object Object
#

v -0.442678 4.621606 0.607145
v -0.455232 3.913191 0.600464
v -0.528864 3.907563 0.56656
v -0.563075 4.6294518 0.551046
v -0.386925 4.596264 0.487642
v -0.421135 3.91921 0.526542
v -0.370978 3.521036 0.495144
v -0.362662 3.529839 0.475892
v -0.426095 5.023734 0.425204
v -0.507323 4.60411 0.431543
v -0.410781 4.892457 0.331745
v -0.336935 4.926371 0.518192
v -0.381791 3.524856 0.466788
v -0.494767 3.913581 0.492638
v -0.390107 3.516053 0.48604
v -0.32162 4.795091 0.424733
v -0.369184 3.508561 0.493704
v -0.387823 3.503577 0.484812
v -0.090316 4.773662 0.221598
v -0.047433 4.867325 0.275028
v -0.024455 4.916292 0.172354
v -0.067342 4.822625 0.118913
v -0.361111 3.517405 0.474948
v -0.37975 3.51242 0.466056
v 0.001095 4.838379 0.277127
v -0.049644 4.749406 0.223356
v 0.031929 4.882656 0.174793
v -0.350312 3.429384 0.473568
v -0.018814 4.793677 0.121013
v -0.554576 4.625589 0.532828
v -0.520353 3.909065 0.548109
v -0.544828 4.628263 0.559548
v -0.510591 3.90896 0.574974
v -0.439336 3.917819 0.518162
v -0.405109 4.597449 0.47917
v -0.429576 3.91772 0.544842
v -0.395369 4.600102 0.505741
v -0.473431 3.9118 0.592084
v -0.46088699 4.622793 0.598661
v -0.446717 3.914694 0.582003
v -0.434197 4.617751 0.588967
v -0.413749 5.010252 0.438079
v -0.028786 4.907064 0.191704
v -0.423829 5.004311 0.411377
v -0.031897 4.900038 0.163081
v -0.04284 4.877112 0.254507
v -0.349042 4.939591 0.505565
v -0.054887 4.851044 0.265741
v -0.334647 4.90676 0.50423
v -0.082885 4.789892 0.230856
v -0.040852 4.764821 0.232673
v -0.085542 4.783836 0.200261
v -0.044303 4.757076 0.205626
v -0.059915 4.838845 0.128167
v -0.413 4.911481 0.345288
v -0.071713 4.813309 0.138452
v -0.398382 4.878917 0.344676
v -0.333792 4.808383 0.412039
v -0.32385 4.814204 0.438339
v -0.515791 4.607959 0.449694
v -0.489094 4.602922 0.440037
v -0.503207 3.912092 0.510936
v -0.476486 3.914979 0.501056
v -0.024155 4.786007 0.138743
v -0.010023 4.809092 0.13033
v 0.023138 4.867241 0.165476
v 0.026587 4.874985 0.192523
v -0.007695 4.8229628 0.26781
v 0.006437 4.84605 0.259397
v -0.372226 3.527347 0.47134
v -0.36682 3.5254369 0.485518
v -0.385949 3.520455 0.476414
v -0.380542 3.518544 0.490592
v -0.378502 3.506069 0.489259
v -0.370438 3.514911 0.470498
v -0.38384 3.50794 0.475557
v -0.365204 3.512921 0.484457
# 77 vertices

vn -0.401 -0.1584 0.9022
vn -0.40089998 -0.1592 0.90209997
vn -0.4168 0.19739999 0.8872
vn -0.4148 0.2016 0.8872
vn 0.8993 -0.0991 0.4258
vn 0.90529996 0.0299 0.4235
vn 0.90529996 0.0296 0.4235
vn 0.9009 -0.0951 0.4233
vn 0.9018 0.0802 0.4244
vn -0.672 0.3796 -0.6358
vn -0.9047 0.058799997 -0.4218
vn -0.66539997 0.3839 -0.6401
vn -0.90599996 0.054899998 -0.41959998
vn 0.050499998 0.6823 0.7292
vn 0.055099998 0.6792 0.73179996
vn -0.881 -0.18169999 -0.4367
vn -0.8943 -0.1379 -0.42549998
vn -0.89409995 -0.139 -0.42549998
vn -0.3784 -0.2525 0.89049995
vn 0.72459996 -0.3626 0.58599997
vn 0.7373 -0.35459998 0.5748
vn 0.41169998 0.0521 -0.9098
vn 0.41169998 0.051999997 -0.9098
vn 0.3989 0.1533 -0.904
vn 0.40989998 -0.23969999 -0.88
vn 0.4075 -0.2444 -0.87979996
vn 0.12719999 -0.49069998 0.8619
vn 0.14109999 -0.491 0.8596
vn -0.0409 0.4888 -0.8714
vn -0.0459 0.4892 -0.8709
vn -0.4382 -0.7768 -0.4522
vn -0.031 -0.685 -0.7277
vn -0.4425 -0.7752 -0.4506
vn -0.033 -0.6816 -0.7308
vn 0.4587 0.77099997 0.44149998
vn 0.46469998 0.76879996 0.4391
vn 0.4184 -0.6325 0.65169996
vn 0.4184 -0.6325 0.65169996
vn 0.917 0.1818 0.3549
vn 0.917 0.1818 0.3549
vn 0.7953 -0.091299996 -0.5992
vn 0.7953 -0.091299996 -0.5992
vn 0.2967 -0.9058 -0.3024
vn 0.2967 -0.9058 -0.3024
vn -0.9292 0.1849 0.3196
vn -0.9195 -0.20889999 0.3328
vn 0.9374 0.0579 -0.3432
vn 0.9205 -0.23009999 -0.31559998
vn 0.3612 -0.0897 0.9281
vn 0.3509 0.0654 0.9341
vn -0.8515 -0.2261 -0.473
vn -0.801 -0.3292 -0.49989998
vn -0.8515 -0.2261 -0.473
vn -0.3667 -0.2346 0.90019995
vn -0.34149998 -0.30719998 0.8882
vn -0.3667 -0.2346 0.90019995
vn 0.31 0.9084 -0.28039998
vn -0.5171 0.85529995 0.029099999
vn 0.4145 0.2233 0.8821
vn 0.5204 0.1555 0.83959997
vn -0.2395 -0.9378 0.2512
vn 0.0884 -0.9605 0.26369998
vn 0.39839998 0.1477 -0.9052
vn 0.9016 0.0802 0.42479998
vn -0.8515 -0.2262 -0.473
vn 0.4084 0.092199996 -0.908
vn 0.4084 0.092199996 -0.908
vn 0.41529998 0.0651 -0.9073
vn -0.46409997 -0.1752 -0.8682
vn -0.34469998 -0.2235 -0.9116
vn 0.8982 0.0916 0.4298
vn 0.8982 0.0916 0.4298
vn 0.895 0.103 0.43379998
vn 0.4085 0.092199996 -0.908
vn 0.5926 -0.8017 -0.0771
vn -0.8818 -0.1698 -0.43989998
vn -0.3786 -0.23629999 0.89479995
vn -0.36049998 -0.13669999 -0.9226
vn -0.3391 -0.060999997 -0.93869996
vn 0.8982 0.091699995 0.4298
vn -0.3667 -0.2347 0.90019995
vn 0.9016 0.0802 0.42479998
vn -0.37829998 -0.2376 0.8946
vn 0.39609998 -0.5186 -0.7576
vn 0.3985 0.1472 -0.9052
vn -0.8813 -0.1716 -0.44009998
vn 0.9026 0.36929998 -0.2208
vn 0.5948 -0.072399996 0.8005
# 88 vertex normals

vt 0.418522 -0.180701 0.777491
vt 0.413277 -0.180417 0.775561
vt 0.411451 -0.109318 0.775385
vt 0.423306 -0.108771 0.779893
vt 0.409003 -0.109822 0.76467997
vt 0.410877 -0.180128 0.764591
vt 0.411249 -0.179825 0.744015
vt 0.409693 -0.111587 0.718468
vt 0.40748098 -0.219054 0.702716
vt 0.42373 -0.080449 0.653117
vt 0.426223 -0.109038 0.771206
vt 0.419898 -0.071166 0.684301
vt 0.427997 -0.110802 0.725458
vt 0.416657 -0.070571996 0.693263
vt 0.40394 -0.077638 0.707616
vt 0.410491 -0.219552 0.703209
vt 0.421406 -0.180691 0.768472
vt 0.422065 -0.180388 0.747995
vt 0.408864 -0.219743 0.708209
vt 0.402197 -0.080921 0.703789
vt 0.405076 -0.090177 0.671651
vt 0.414161 -0.179816 0.734671
vt 0.419693 -0.1801 0.736708
vt 0.409111 -0.218863 0.697676
vt 0.41268 -0.111852996 0.709085
vt 0.425631 -0.111305 0.714011
vt 0.375001 -0.086493 0.538825
vt 0.382125 -0.092608 0.526898
vt 0.377136 -0.081594 0.486092
vt 0.38511 -0.087713 0.474402
vt 0.386622 -0.090267 0.481399
vt 0.421878 -0.083706 0.648941
vt 0.384684 -0.093214 0.512949
vt 0.408215 -0.090759 0.662193
vt 0.37469 -0.080891 0.499269
vt 0.373512 -0.083886 0.531559
vt 0.374434 -0.095115 0.520784
vt 0.366467 -0.089301 0.532846
vt 0.364321 -0.086992 0.526855
vt 0.363933 -0.084099 0.491669
vt 0.374977 -0.090688 0.466932
vt 0.366098 -0.084873 0.478989
vt 0.377255 -0.092997 0.47322398
vt 0.376734 -0.09589 0.508404
vt 0.42586198 -0.108652 0.781238
vt 0.421091 -0.180841 0.778639
vt 0.411441 -0.179676 0.733883
vt 0.409855 -0.111971 0.708419
vt 0.410699 -0.180278 0.774814
vt 0.408864 -0.109437 0.77477497
vt 0.410286 -0.220803 0.702322
vt 0.406173 -0.228659 0.693533
vt 0.410157 -0.22124 0.707379
vt 0.408698 -0.22099 0.707132
vt 0.375084 -0.079968 0.489324
vt 0.41914 -0.069224 0.690856
vt 0.373158 -0.084865 0.542114
vt 0.40162 -0.07896 0.710617
vt 0.384069 -0.094231 0.52385
vt 0.37660798 -0.096657 0.517731
vt 0.407594 -0.218614 0.697446
vt 0.41042 -0.220355 0.69713
vt 0.408941 -0.220106 0.696877
vt 0.424561 -0.082352 0.646758
vt 0.387289 -0.089335 0.471436
vt 0.407459 -0.21985699 0.696661
vt 0.407347 -0.220305 0.701864
vt 0.405705 -0.092088 0.665033
vt 0.410358 -0.219992 0.708472
vt 0.428415 -0.111186 0.715479
vt 0.422404 -0.180239 0.737919
vt 0.407239 -0.220741 0.706923
vt 0.40737 -0.219494 0.707985
vt 0.377406 -0.09223 0.463898
vt 0.410627 -0.219112 0.697946
vt 0.363821 -0.083332 0.482341
vt 0.364416 -0.08776 0.536184
# 77 texture coords

g Object

usemtl Hairs
s 7
f 1643/1710/1615 1644/1707/1612 1649/1708/1613 1650/1709/1614
f 1652/1711/1616 1651/1712/1617 1647/1713/1618 1648/1714/1619
s 8
f 1682/1715/1620 1647/1713/1618 1651/1712/1617
s 7
f 1666/1716/1621 1671/1719/1624 1641/1717/1622 1655/1718/1623
f 1653/1720/1625 1643/1710/1615 1650/1709/1614 1658/1721/1626
s 9
f 1642/1723/1628 1673/1724/1629 1683/1722/1627
s 10
f 1649/1708/1613 1644/1707/1612 1684/1725/1630
s 7
f 1660/1726/1631 1652/1711/1616 1648/1714/1619 1670/1727/1632
f 1671/1719/1624 1673/1724/1629 1642/1723/1628 1641/1717/1622
s 11
f 1674/1729/1634 1645/1728/1633 1681/1730/1635
s 7
f 1646/1731/1636 1645/1728/1633 1674/1729/1634 1672/1732/1637
f 1659/1733/1638 1660/1726/1631 1670/1727/1632 1661/1734/1639
f 1665/1736/1641 1666/1716/1621 1655/1718/1623 1656/1735/1640
f 1663/1739/1644 1669/1740/1645 1668/1738/1643 1667/1737/1642
f 1654/1741/1646 1653/1720/1625 1658/1721/1626 1657/1742/1647
f 1669/1740/1645 1646/1731/1636 1672/1732/1637 1668/1738/1643
f 1661/1734/1639 1662/1743/1648 1679/1744/1649 1659/1733/1638
f 1657/1742/1647 1680/1745/1650 1678/1746/1651 1654/1741/1646
f 1656/1735/1640 1677/1748/1653 1676/1747/1652 1665/1736/1641
f 1667/1737/1642 1675/1749/1654 1664/1750/1655 1663/1739/1644
f 1677/1748/1653 1678/1746/1651 1680/1745/1650 1679/1744/1649 1662/1743/1648 1664/1750/1655 1675/1749/1654 1676/1747/1652
s off
f 1615/1751/1656 1641/1717/1622 1642/1723/1628 1614/1752/1657
f 1614/1752/1657 1644/1707/1612 1643/1710/1615 1615/1751/1656
f 1617/1753/1658 1645/1728/1633 1646/1731/1636 1616/1754/1659
f 1616/1754/1659 1648/1714/1619 1647/1713/1618 1617/1753/1658
f 1612/1756/1661 1650/1709/1614 1649/1708/1613 1613/1755/1660
f 1613/1755/1660 1651/1712/1617 1652/1711/1616 1612/1756/1661
s 12
f 1629/1759/1664 1687/1757/1662 1639/1758/1663
s 13
f 1639/1758/1666 1685/1760/1665 1629/1759/1667
s off
f 1620/1762/1669 1653/1720/1625 1654/1741/1646 1632/1761/1668
f 1632/1761/1668 1656/1735/1640 1655/1718/1623 1620/1762/1669
f 1631/1763/1670 1657/1742/1647 1658/1721/1626 1623/1764/1671
f 1623/1764/1671 1660/1726/1631 1659/1733/1638 1631/1763/1670
f 1637/1766/1673 1662/1743/1648 1661/1734/1639 1630/1765/1672
f 1630/1765/1672 1663/1739/1644 1664/1750/1655 1637/1766/1673
f 1612/1756/1661 1652/1711/1616 1660/1726/1631 1623/1764/1671
f 1623/1764/1671 1658/1721/1626 1650/1709/1614 1612/1756/1661
s 14
f 1619/1767/1674 1681/1730/1635 1645/1728/1633 1617/1753/1658
s 15
f 1617/1753/1658 1647/1713/1618 1682/1715/1620 1619/1767/1675
s off
f 1620/1762/1669 1655/1718/1623 1641/1717/1622 1615/1751/1656
f 1615/1751/1656 1643/1710/1615 1653/1720/1625 1620/1762/1669
s 12
f 1639/1758/1663 1687/1757/1662 1635/1768/1676
s 16
f 1635/1768/1678 1686/1769/1677 1639/1758/1679
s off
f 1622/1770/1680 1666/1716/1621 1665/1736/1641 1633/1771/1681
f 1633/1771/1681 1667/1737/1642 1668/1738/1643 1622/1770/1680
s 17
f 1634/1772/1682 1688/1773/1683 1639/1758/1684
s 16
f 1639/1758/1679 1686/1769/1677 1634/1772/1685
s 17
f 1619/1767/1675 1682/1715/1620 1688/1773/1683 1634/1772/1682
s 16
f 1634/1772/1685 1686/1769/1677 1681/1730/1635 1619/1767/1674
s off
f 1616/1754/1659 1646/1731/1636 1669/1740/1645 1627/1774/1686
f 1627/1774/1686 1670/1727/1632 1648/1714/1619 1616/1754/1659
s 9
f 1614/1752/1657 1642/1723/1628 1683/1722/1627 1626/1775/1687
s 18
f 1626/1775/1688 1684/1725/1630 1644/1707/1612 1614/1752/1657
s off
f 1621/1776/1689 1671/1719/1624 1666/1716/1621 1622/1770/1680
f 1622/1770/1680 1668/1738/1643 1672/1732/1637 1621/1776/1689
f 1625/1777/1690 1673/1724/1629 1671/1719/1624 1621/1776/1689
f 1621/1776/1689 1672/1732/1637 1674/1729/1634 1625/1777/1690
f 1630/1765/1672 1661/1734/1639 1670/1727/1632 1627/1774/1686
f 1627/1774/1686 1669/1740/1645 1663/1739/1644 1630/1765/1672
s 19
f 1639/1758/1684 1688/1773/1683 1628/1778/1691
s 10
f 1628/1778/1692 1685/1760/1665 1639/1758/1666
s 20
f 1618/1779/1693 1682/1715/1620 1651/1712/1617 1613/1755/1660
s 10
f 1613/1755/1660 1649/1708/1613 1684/1725/1630 1618/1779/1694
s off
f 1640/1780/1695 1675/1749/1654 1667/1737/1642 1633/1771/1681
f 1633/1771/1681 1665/1736/1641 1676/1747/1652 1640/1780/1695
s 13
f 1629/1759/1667 1685/1760/1665 1684/1725/1630 1626/1775/1688
s 9
f 1626/1775/1687 1683/1722/1627 1687/1757/1662 1629/1759/1664
s 11
f 1625/1777/1690 1674/1729/1634 1681/1730/1635 1624/1781/1696
s 21
f 1624/1781/1697 1683/1722/1627 1673/1724/1629 1625/1777/1690
s 12
f 1635/1768/1676 1687/1757/1662 1683/1722/1627 1624/1781/1697
s 11
f 1624/1781/1696 1681/1730/1635 1686/1769/1677 1635/1768/1678
s 10
f 1618/1779/1694 1684/1725/1630 1685/1760/1665 1628/1778/1692
s 20
f 1628/1778/1691 1688/1773/1683 1682/1715/1620 1618/1779/1693
s off
f 1638/1782/1698 1677/1748/1653 1656/1735/1640 1632/1761/1668
f 1632/1761/1668 1654/1741/1646 1678/1746/1651 1638/1782/1698
f 1631/1763/1670 1659/1733/1638 1679/1744/1649 1636/1783/1699
f 1636/1783/1699 1680/1745/1650 1657/1742/1647 1631/1763/1670
f 1676/1747/1652 1675/1749/1654 1640/1780/1695
f 1664/1750/1655 1662/1743/1648 1637/1766/1673
f 1679/1744/1649 1680/1745/1650 1636/1783/1699
f 1678/1746/1651 1677/1748/1653 1638/1782/1698
# 81 polygons

#
# object Object2
#

v 0.442678 4.621606 0.607145
v 0.455232 3.913191 0.600464
v 0.528864 3.907563 0.56656
v 0.563075 4.6294518 0.551046
v 0.386925 4.596264 0.487642
v 0.421135 3.91921 0.526542
v 0.370978 3.521036 0.495144
v 0.362662 3.529839 0.475892
v 0.426095 5.023734 0.425204
v 0.507323 4.60411 0.431543
v 0.410781 4.892457 0.331745
v 0.336935 4.926371 0.518192
v 0.381791 3.524856 0.466788
v 0.494767 3.913581 0.492638
v 0.390107 3.516053 0.48604
v 0.32162 4.795091 0.424733
v 0.369184 3.508561 0.493704
v 0.387823 3.503577 0.484812
v 0.090316 4.773662 0.221598
v 0.047433 4.867325 0.275028
v 0.024455 4.916292 0.172354
v 0.067342 4.822625 0.118913
v 0.361111 3.517405 0.474948
v 0.37975 3.51242 0.466056
v -0.001095 4.838379 0.277127
v 0.049644 4.749406 0.223356
v -0.031929 4.882656 0.174793
v 0.350312 3.429384 0.473568
v 0.018814 4.793677 0.121013
v 0.446717 3.914694 0.582003
v 0.434197 4.617751 0.588967
v 0.473431 3.9118 0.592084
v 0.46088699 4.622793 0.598661
v 0.554576 4.625589 0.532828
v 0.520353 3.909065 0.548109
v 0.544828 4.628263 0.559548
v 0.510591 3.90896 0.574974
v -0.023138 4.867241 0.165476
v 0.031897 4.900038 0.163081
v -0.026587 4.874985 0.192523
v 0.028786 4.907064 0.191704
v 0.413749 5.010252 0.438079
v 0.423829 5.004311 0.411377
v 0.054887 4.851044 0.265741
v 0.334647 4.90676 0.50423
v 0.04284 4.877112 0.254507
v 0.349042 4.939591 0.505565
v 0.429576 3.91772 0.544842
v 0.439336 3.917819 0.518162
v 0.395369 4.600102 0.505741
v 0.405109 4.597449 0.47917
v 0.007695 4.8229628 0.26781
v -0.006437 4.84605 0.259397
v 0.32385 4.814204 0.438339
v 0.333792 4.808383 0.412039
v 0.515791 4.607959 0.449694
v 0.503207 3.912092 0.510936
v 0.489094 4.602922 0.440037
v 0.476486 3.914979 0.501056
v 0.398382 4.878917 0.344676
v 0.413 4.911481 0.345288
v 0.082885 4.789892 0.230856
v 0.085542 4.783836 0.200261
v 0.044303 4.757076 0.205626
v 0.040852 4.764821 0.232673
v 0.059915 4.838845 0.128167
v 0.071713 4.813309 0.138452
v 0.024155 4.786007 0.138743
v 0.010023 4.809092 0.13033
v 0.380542 3.518544 0.490592
v 0.36682 3.5254369 0.485518
v 0.372226 3.527347 0.47134
v 0.385949 3.520455 0.476414
v 0.378502 3.506069 0.489259
v 0.370438 3.514911 0.470498
v 0.38384 3.50794 0.475557
v 0.365204 3.512921 0.484457
# 77 vertices

vn 0.401 -0.1584 0.9022
vn 0.40089998 -0.1592 0.90209997
vn 0.4148 0.2016 0.8872
vn 0.4168 0.19739999 0.8872
vn -0.90529996 0.0299 0.4235
vn -0.90529996 0.0296 0.4235
vn -0.8993 -0.0991 0.4258
vn -0.9009 -0.0951 0.4233
vn -0.9018 0.0802 0.4244
vn 0.66539997 0.3839 -0.6401
vn 0.672 0.3796 -0.6358
vn 0.90599996 0.054899998 -0.41959998
vn 0.9047 0.058799997 -0.4218
vn -0.050499998 0.6823 0.7292
vn -0.055099998 0.6792 0.73179996
vn 0.881 -0.18169999 -0.4367
vn 0.89409995 -0.139 -0.42549998
vn 0.8943 -0.1379 -0.42549998
vn 0.3784 -0.2525 0.89049995
vn -0.7373 -0.35459998 0.5748
vn -0.72459996 -0.3626 0.58599997
vn -0.41169998 0.0521 -0.9098
vn -0.41169998 0.051999997 -0.9098
vn -0.3989 0.1533 -0.904
vn -0.40989998 -0.23969999 -0.88
vn -0.4075 -0.2444 -0.87979996
vn -0.14109999 -0.491 0.8596
vn -0.12719999 -0.49069998 0.8619
vn 0.0459 0.4892 -0.8709
vn 0.0409 0.4888 -0.8714
vn 0.033 -0.6816 -0.7308
vn 0.4382 -0.7768 -0.4522
vn 0.031 -0.685 -0.7277
vn 0.4425 -0.7752 -0.4506
vn -0.4587 0.77099997 0.44149998
vn -0.46469998 0.76879996 0.4391
vn -0.4184 -0.6325 0.65169996
vn -0.4184 -0.6325 0.65169996
vn -0.917 0.1818 0.3549
vn -0.917 0.1818 0.3549
vn -0.7953 -0.091299996 -0.5992
vn -0.7953 -0.091299996 -0.5992
vn -0.2967 -0.9058 -0.3024
vn -0.2967 -0.9058 -0.3024
vn -0.3612 -0.0897 0.9281
vn -0.3509 0.0654 0.9341
vn 0.9195 -0.20889999 0.3328
vn 0.9292 0.1849 0.3196
vn -0.9026 0.36929998 -0.2208
vn -0.31 0.9084 -0.28039998
vn 0.5171 0.85529995 0.029099999
vn 0.3667 -0.2346 0.90019995
vn 0.37829998 -0.2376 0.8946
vn 0.3667 -0.2347 0.90019995
vn -0.8982 0.0916 0.4298
vn -0.9016 0.0802 0.42479998
vn -0.8982 0.091699995 0.4298
vn -0.4145 0.2233 0.8821
vn -0.5204 0.1555 0.83959997
vn -0.9374 0.0579 -0.3432
vn -0.9016 0.0802 0.42479998
vn -0.39839998 0.1477 -0.9052
vn -0.9205 -0.23009999 -0.31559998
vn -0.5948 -0.072399996 0.8005
vn -0.5926 -0.8017 -0.0771
vn 0.36049998 -0.13669999 -0.9226
vn 0.3391 -0.060999997 -0.93869996
vn -0.4084 0.092199996 -0.908
vn -0.41529998 0.0651 -0.9073
vn -0.4084 0.092199996 -0.908
vn 0.8515 -0.2262 -0.473
vn 0.801 -0.3292 -0.49989998
vn 0.8515 -0.2261 -0.473
vn 0.46409997 -0.1752 -0.8682
vn -0.4085 0.092199996 -0.908
vn -0.8982 0.0916 0.4298
vn -0.895 0.103 0.43379998
vn 0.2395 -0.9378 0.2512
vn 0.3667 -0.2346 0.90019995
vn 0.34149998 -0.30719998 0.8882
vn 0.8515 -0.2261 -0.473
vn -0.0884 -0.9605 0.26369998
vn -0.3985 0.1472 -0.9052
vn 0.8813 -0.1716 -0.44009998
vn 0.34469998 -0.2235 -0.9116
vn 0.3786 -0.23629999 0.89479995
vn 0.8818 -0.1698 -0.43989998
vn -0.39609998 -0.5186 -0.7576
# 88 vertex normals

vt 0.277553 -0.180701 0.677458
vt 0.283342 -0.180417 0.68304
vt 0.272148 -0.108771 0.673
vt 0.28529 -0.109318 0.685454
vt 0.287041 -0.180128 0.676212
vt 0.288931 -0.179825 0.656587
vt 0.288998 -0.109822 0.678946
vt 0.293577 -0.111587 0.635213
vt 0.297839 -0.219054 0.623897
vt 0.287309 -0.071166 0.589453
vt 0.287786 -0.080449 0.55573
vt 0.273239 -0.110802 0.615844
vt 0.269902 -0.109038 0.660815
vt 0.289514 -0.070571996 0.602224
vt 0.300859 -0.077638 0.633425
vt 0.294659 -0.219552 0.620071
vt 0.276982 -0.180388 0.645025
vt 0.275415 -0.180691 0.664999
vt 0.295712 -0.219743 0.626965
vt 0.304447 -0.090177 0.599
vt 0.30312 -0.080921 0.632399
vt 0.286951 -0.179816 0.643824
vt 0.280838 -0.1801 0.6379
vt 0.296804 -0.218863 0.616967
vt 0.291629 -0.111852996 0.622354
vt 0.277239 -0.111305 0.608602
vt 0.351159 -0.092608 0.50398
vt 0.35508 -0.086493 0.524106
vt 0.360551 -0.087713 0.456047
vt 0.364466 -0.081594 0.476647
vt 0.302588 -0.090759 0.585962
vt 0.357516 -0.090267 0.459677
vt 0.29038998 -0.083706 0.554586
vt 0.351863 -0.093214 0.488603
vt 0.363544 -0.080891 0.490983
vt 0.35781 -0.083886 0.519946
vt 0.363677 -0.089301 0.530783
vt 0.359178 -0.095115 0.509481
vt 0.366672 -0.086992 0.528594
vt 0.37422 -0.084099 0.499317
vt 0.375271 -0.084873 0.485825
vt 0.370873 -0.090688 0.463863
vt 0.359795 -0.09589 0.495828
vt 0.367442 -0.092997 0.465892
vt 0.286142 -0.180278 0.685983
vt 0.288075 -0.109437 0.688543
vt 0.274672 -0.180841 0.674927
vt 0.26923 -0.108652 0.670693
vt 0.376371 -0.083332 0.491685
vt 0.365449 -0.079968 0.482149
vt 0.287216 -0.069224 0.596509
vt 0.296019 -0.22099 0.626214
vt 0.297286 -0.219494 0.628885
vt 0.297554 -0.220741 0.628096
vt 0.298085 -0.220305 0.623307
vt 0.356073 -0.084865 0.529497
vt 0.302857 -0.07896 0.639479
vt 0.28990299 -0.179676 0.646946
vt 0.29839998 -0.218614 0.618914
vt 0.294657 -0.111971 0.625751
vt 0.36481 -0.08776 0.536475
vt 0.30474 -0.092088 0.592107
vt 0.274034 -0.111186 0.606051
vt 0.277789 -0.180239 0.63521
vt 0.295519 -0.220355 0.614608
vt 0.300371 -0.228659 0.617359
vt 0.297083 -0.220106 0.616477
vt 0.294986 -0.220803 0.61955
vt 0.287892 -0.082352 0.548819
vt 0.29864 -0.21985699 0.618387
vt 0.350065 -0.094231 0.498673
vt 0.294475 -0.22124 0.624369
vt 0.357921 -0.096657 0.503879
vt 0.295198 -0.219112 0.61506
vt 0.359453 -0.089335 0.450618
vt 0.294128 -0.219992 0.625086
vt 0.369636 -0.09223 0.458081
# 77 texture coords

g Object2

usemtl Hairs
s 22
f 1721/1787/1703 1720/1785/1701 1725/1784/1700 1724/1786/1702
f 1738/1791/1707 1736/1789/1705 1718/1788/1704 1719/1790/1706
s 23
f 1718/1788/1704 1736/1789/1705 1759/1792/1708
s 22
f 1731/1793/1709 1722/1796/1712 1744/1795/1711 1749/1794/1710
f 1735/1798/1714 1721/1787/1703 1724/1786/1702 1730/1797/1713
s 24
f 1745/1800/1716 1723/1801/1717 1761/1799/1715
s 25
f 1758/1802/1718 1725/1784/1700 1720/1785/1701
s 22
f 1742/1803/1719 1738/1791/1707 1719/1790/1706 1733/1804/1720
f 1722/1796/1712 1723/1801/1717 1745/1800/1716 1744/1795/1711
s 26
f 1760/1807/1723 1737/1805/1721 1747/1806/1722
s 22
f 1746/1809/1725 1747/1806/1722 1737/1805/1721 1739/1808/1724
f 1750/1810/1726 1742/1803/1719 1733/1804/1720 1732/1811/1727
f 1727/1813/1729 1731/1793/1709 1749/1794/1710 1754/1812/1728
f 1755/1815/1731 1748/1816/1732 1743/1814/1730 1751/1817/1733
f 1734/1819/1735 1735/1798/1714 1730/1797/1713 1729/1818/1734
f 1748/1816/1732 1746/1809/1725 1739/1808/1724 1743/1814/1730
f 1732/1811/1727 1740/1820/1736 1753/1821/1737 1750/1810/1726
f 1729/1818/1734 1728/1823/1739 1741/1822/1738 1734/1819/1735
f 1754/1812/1728 1757/1825/1741 1726/1824/1740 1727/1813/1729
f 1751/1817/1733 1752/1826/1742 1756/1827/1743 1755/1815/1731
f 1757/1825/1741 1756/1827/1743 1752/1826/1742 1753/1821/1737 1740/1820/1736 1741/1822/1738 1728/1823/1739 1726/1824/1740
s off
f 1689/1829/1745 1719/1790/1706 1718/1788/1704 1690/1828/1744
f 1690/1828/1744 1720/1785/1701 1721/1787/1703 1689/1829/1745
f 1691/1830/1746 1723/1801/1717 1722/1796/1712 1692/1831/1747
f 1692/1831/1747 1724/1786/1702 1725/1784/1700 1691/1830/1746
f 1709/1833/1749 1727/1813/1729 1726/1824/1740 1715/1832/1748
f 1715/1832/1748 1728/1823/1739 1729/1818/1734 1709/1833/1749
f 1709/1833/1749 1729/1818/1734 1730/1797/1713 1697/1834/1750
f 1697/1834/1750 1731/1793/1709 1727/1813/1729 1709/1833/1749
s 27
f 1705/1837/1753 1762/1835/1751 1758/1802/1718 1695/1836/1752
s 28
f 1695/1836/1755 1759/1792/1708 1765/1838/1754 1705/1837/1756
s off
f 1708/1839/1757 1732/1811/1727 1733/1804/1720 1700/1840/1758
f 1700/1840/1758 1735/1798/1714 1734/1819/1735 1708/1839/1757
s 29
f 1696/1842/1760 1759/1792/1708 1736/1789/1705 1694/1841/1759
s 30
f 1694/1841/1759 1737/1805/1721 1760/1807/1723 1696/1842/1761
s off
f 1694/1841/1759 1736/1789/1705 1738/1791/1707 1693/1843/1762
f 1693/1843/1762 1739/1808/1724 1737/1805/1721 1694/1841/1759
f 1713/1844/1763 1740/1820/1736 1732/1811/1727 1708/1839/1757
f 1708/1839/1757 1734/1819/1735 1741/1822/1738 1713/1844/1763
f 1693/1843/1762 1738/1791/1707 1742/1803/1719 1704/1845/1764
f 1704/1845/1764 1743/1814/1730 1739/1808/1724 1693/1843/1762
f 1698/1846/1765 1744/1795/1711 1745/1800/1716 1702/1847/1766
f 1702/1847/1766 1747/1806/1722 1746/1809/1725 1698/1846/1765
f 1700/1840/1758 1733/1804/1720 1719/1790/1706 1689/1829/1745
f 1689/1829/1745 1721/1787/1703 1735/1798/1714 1700/1840/1758
f 1697/1834/1750 1730/1797/1713 1724/1786/1702 1692/1831/1747
f 1692/1831/1747 1722/1796/1712 1731/1793/1709 1697/1834/1750
s 31
f 1716/1849/1768 1763/1850/1769 1712/1848/1767
s 32
f 1712/1848/1770 1764/1851/1772 1716/1849/1771
s off
f 1698/1846/1765 1746/1809/1725 1748/1816/1732 1699/1852/1773
f 1699/1852/1773 1749/1794/1710 1744/1795/1711 1698/1846/1765
s 31
f 1711/1853/1774 1763/1850/1769 1716/1849/1768
s 33
f 1716/1849/1776 1765/1838/1754 1711/1853/1775
s off
f 1704/1845/1764 1742/1803/1719 1750/1810/1726 1707/1854/1777
f 1707/1854/1777 1751/1817/1733 1743/1814/1730 1704/1845/1764
s 34
f 1690/1828/1744 1718/1788/1704 1759/1792/1708 1695/1836/1755
s 25
f 1695/1836/1752 1758/1802/1718 1720/1785/1701 1690/1828/1744
s 31
f 1696/1842/1761 1760/1807/1723 1763/1850/1769 1711/1853/1774
s 29
f 1711/1853/1775 1765/1838/1754 1759/1792/1708 1696/1842/1760
s 27
f 1706/1855/1778 1762/1835/1751 1716/1849/1779
s 35
f 1716/1849/1771 1764/1851/1772 1706/1855/1780
s off
f 1714/1856/1781 1752/1826/1742 1751/1817/1733 1707/1854/1777
f 1707/1854/1777 1750/1810/1726 1753/1821/1737 1714/1856/1781
s 26
f 1701/1857/1782 1760/1807/1723 1747/1806/1722 1702/1847/1766
s 36
f 1702/1847/1766 1745/1800/1716 1761/1799/1715 1701/1857/1783
s off
f 1710/1858/1784 1754/1812/1728 1749/1794/1710 1699/1852/1773
f 1699/1852/1773 1748/1816/1732 1755/1815/1731 1710/1858/1784
s 27
f 1703/1859/1785 1758/1802/1718 1762/1835/1751 1706/1855/1778
s 37
f 1706/1855/1780 1764/1851/1772 1761/1799/1715 1703/1859/1786
f 1703/1859/1786 1761/1799/1715 1723/1801/1717 1691/1830/1746
s 27
f 1691/1830/1746 1725/1784/1700 1758/1802/1718 1703/1859/1785
s 38
f 1701/1857/1783 1761/1799/1715 1764/1851/1772 1712/1848/1770
s 26
f 1712/1848/1767 1763/1850/1769 1760/1807/1723 1701/1857/1782
s 27
f 1716/1849/1779 1762/1835/1751 1705/1837/1753
s 28
f 1705/1837/1756 1765/1838/1754 1716/1849/1776
s off
f 1710/1858/1784 1755/1815/1731 1756/1827/1743 1717/1860/1787
f 1717/1860/1787 1757/1825/1741 1754/1812/1728 1710/1858/1784
f 1714/1856/1781 1753/1821/1737 1752/1826/1742
f 1713/1844/1763 1741/1822/1738 1740/1820/1736
f 1717/1860/1787 1756/1827/1743 1757/1825/1741
f 1715/1832/1748 1726/1824/1740 1728/1823/1739
# 81 polygons

#
# object Object
#

v -2.863623 0.751032 -0.378379
v -2.857405 0.733967 -0.44505998
v -2.818704 0.733691 -0.452605
v -2.787661 0.750489 -0.393187
v -2.843823 0.715048 -0.477737
v -2.864867 0.752968 -0.374138
v -2.784888 0.752397 -0.38973
v -2.86463 0.673679 -0.380708
v -2.857918 0.694558 -0.446247
v -2.788667 0.673136 -0.395517
v -2.785948 0.670953 -0.392182
v -2.819216 0.694281 -0.453792
v -2.865927 0.671525 -0.37659
v -2.878193 0.651156 -0.337658
v -2.876631 0.771271 -0.334041
v -2.758675 0.770428 -0.357036
v -2.760238 0.650313 -0.360653
v -2.750429 0.646521 -0.323493
v -2.748801 0.771721 -0.319723
v -2.871749 0.772599 -0.295754
v -2.873377 0.6474 -0.299524
v -2.749941 0.646333 -0.321644
v -2.74831 0.771784 -0.317867
v -2.871506 0.772665 -0.29385
v -2.873138 0.647213 -0.297628
v -2.71577 0.775615 -0.255253
v -2.876228 0.776762 -0.223972
v -2.717895 0.61222 -0.260173
v -2.8783529 0.613368 -0.228892
v -2.878919 0.611606 -0.223363
v -2.715318 0.610436 -0.255257
v -2.876752 0.778201 -0.218346
v -2.713151 0.777032 -0.25024
v -3.313995 0.266366 -0.264105
v -3.303278 0.284163 -0.298121
v -3.302352 0.35532 -0.295978
v -3.31263 0.371311 -0.260945
v -3.742256 -0.035394 -0.188191
v -3.734705 -0.047142 -0.213928
v -3.683368 -0.047509 -0.223936
v -3.666542 -0.035936 -0.202951
v -3.667545 -0.113035 -0.205273
v -3.661248 -0.115469 -0.18142
v -3.660204 -0.035105 -0.179
v -3.308365 0.372471 -0.227493
v -3.309787 0.263084 -0.230787
v -3.739122 -0.034541 -0.163615
v -3.740168 -0.114905 -0.166035
v -3.74326 -0.112494 -0.190512
v -3.209571 0.370574 -0.281036
v -3.200944 0.371704 -0.248435
v -3.685147 -0.048733 -0.226156
v -3.685792 -0.098384 -0.227651
v -3.684047 -0.099786 -0.22551
v -3.735385 -0.099419 -0.215502
v -3.233399 0.283663 -0.311743
v -3.235775 0.285571 -0.314657
v -3.302145 0.28604499 -0.301718
v -3.2023659 0.262317 -0.251729
v -3.210936 0.26563 -0.284196
v -3.232473 0.354821 -0.3096
v -3.733906 -0.048385 -0.21665
v -3.301265 0.353629 -0.299683
v -3.234896 0.353155 -0.312622
v -3.734554 -0.098036 -0.218146
v -3.7050729 -0.059516 -0.264295
v -3.705403 -0.084813 -0.265057
v -3.262018 0.338477 -0.364535
v -3.262467 0.304044 -0.365572
v -3.308152 0.372529 -0.225829
v -3.309579 0.262921 -0.22913
v -3.730244 -0.084635 -0.260214
v -3.729915 -0.059338 -0.259453
v -3.740014 -0.115025 -0.164817
v -3.660935 -0.11559 -0.180233
v -3.738967 -0.034499 -0.162392
v -3.200514 0.37176 -0.246813
v -3.20194 0.262152 -0.250114
v -3.29628 0.304286 -0.35898
v -3.295832 0.338719 -0.357944
v -3.659888 -0.035064 -0.177809
v -3.283965 0.322189 -0.386493
v -3.173941 0.232347 -0.196406
v -3.172085 0.375107 -0.192107
v -3.743362 -0.13675 -0.120697
v -3.640365 -0.137486 -0.140776
v -3.721197 -0.071482 -0.280427
v -3.312278 0.376109 -0.164776
v -3.314135 0.23335 -0.169075
v -3.741997 -0.031869 -0.117538996
v -3.639001 -0.032605 -0.137617
v -3.742334 -0.030945 -0.113928
v -3.743724 -0.13788 -0.117148
v -3.314629 0.231811 -0.164245
v -3.171689 0.230789 -0.19211
v -3.169796 0.376345 -0.187727
v -3.312736 0.377367 -0.159861
v -3.638711 -0.138631 -0.13762
v -3.637321 -0.031696 -0.1344
# 99 vertices

vn 0.68829995 -0.6319 0.3559
vn 0.67469996 -0.6081 0.4182
vn -0.47649997 -0.5999 0.6426
vn -0.5129 -0.6234 0.5901
vn 0.191 -0.031999998 0.98099995
vn 0.66249996 -0.5886 0.463
vn -0.4481 -0.5807 0.6796
vn 0.7043 0.5913 0.3927
vn 0.6899 0.56409997 0.4535
vn -0.4969 0.5998 0.627
vn -0.43339998 0.5502 0.7136
vn -0.4612 0.57229996 0.67789996
vn 0.67719996 0.5423 0.4971
vn 0.7237 0.6392 0.2598
vn 0.7066 -0.6723 0.22029999
vn -0.58129996 -0.6631 0.4714
vn -0.5643 0.6484 0.51089996
vn -0.6823 -0.7017 0.2047
vn -0.664 0.70559996 0.2473
vn 0.6996 -0.7115 -0.0646
vn 0.7179 0.6957 -0.0221
vn -0.6516 -0.70269996 0.2853
vn -0.60749996 0.66099995 0.4402
vn 0.70199996 -0.71199995 0.0123
vn 0.7388 0.6523 0.169
vn -0.5962 -0.68009996 0.42639998
vn 0.7048 -0.69 0.1643
vn -0.5441 0.61869997 0.5665
vn 0.72779995 0.6112 0.3109
vn -0.5568 0.6433 0.5254
vn 0.7222 0.6342 0.276
vn 0.70519996 -0.66819996 0.2367
vn -0.5737 -0.6591 0.4861
vn 0.67719996 0.5423 0.4971
vn 0.66249996 -0.5886 0.463
vn 0.7066 -0.6723 0.22029999
vn 0.7237 0.6392 0.2598
vn -0.58129996 -0.6631 0.4714
vn 0.66249996 -0.5887 0.463
vn 0.7066 -0.6723 0.22029999
vn -0.4481 -0.5807 0.6795
vn -0.664 0.7055 0.2474
vn -0.5643 0.6484 0.51089996
vn -0.6823 -0.7017 0.205
vn 0.7179 0.6957 -0.0221
vn 0.6996 -0.7115 -0.0645
vn 0.7237 0.6392 0.2598
vn 0.7179 0.6957 -0.0219
vn 0.6996 -0.7115 -0.0643
vn -0.58129996 -0.6631 0.4714
vn -0.6823 -0.7017 0.205
vn -0.4969 0.5998 0.627
vn -0.5129 -0.6234 0.5901
vn -0.43339998 0.5502 0.7136
vn 0.6773 0.5423 0.4971
vn -0.4969 0.5998 0.627
vn 0.7043 0.5913 0.3928
vn -0.43339998 0.5502 0.7136
vn -0.664 0.7055 0.2473
vn -0.5643 0.6484 0.51089996
vn -0.4481 -0.5807 0.6796
vn 0.6884 -0.63199997 0.3558
vn 0.68829995 -0.6319 0.3559
vn -0.5128 -0.6234 0.5901
vn 0.7043 0.5913 0.3927
vn -0.47649997 -0.5999 0.6426
vn -0.4612 0.57229996 0.67789996
vn -0.4612 0.57229996 0.67789996
vn -0.47649997 -0.5999 0.6426
vn 0.7388 0.6523 0.169
vn 0.70199996 -0.71199995 0.012499999
vn 0.6899 0.56409997 0.4535
vn 0.67469996 -0.6081 0.4182
vn -0.6074 0.66099995 0.4403
vn 0.7388 0.6522 0.1692
vn 0.70199996 -0.71199995 0.0127
vn -0.6516 -0.70269996 0.2855
vn -0.60749996 0.66099995 0.4402
vn 0.6899 0.56409997 0.4535
vn 0.67469996 -0.6081 0.4182
vn -0.6515 -0.70269996 0.2856
vn 0.191 -0.031999998 0.98099995
vn -0.5441 0.61869997 0.5665
vn -0.5962 -0.68009996 0.42639998
vn 0.72779995 0.6112 0.3109
vn -0.5441 0.61869997 0.5665
vn 0.191 -0.031999998 0.98099995
vn 0.7048 -0.69 0.1642
vn 0.72779995 0.6112 0.3108
vn 0.7048 -0.69 0.1643
vn -0.5962 -0.68009996 0.42639998
vn 0.7222 0.6342 0.276
vn 0.70519996 -0.66819996 0.2367
vn 0.7222 0.6342 0.2759
vn -0.5568 0.6433 0.52529997
vn 0.70519996 -0.66819996 0.2366
vn -0.5737 -0.6591 0.4861
vn -0.5568 0.6433 0.52529997
vn -0.57379997 -0.6591 0.486
# 99 vertex normals

vt 2.338202 -0.498709 0.765587
vt 2.329456 -0.500416 0.76499
vt 2.328094 -0.500443 0.754844
vt 2.335731 -0.498764 0.745559
vt 2.325052 -0.502308 0.762049
vt 2.338763 -0.498516 0.76586497
vt 2.336174 -0.498573 0.744771
vt 2.337905 -0.506445 0.765885
vt 2.329306 -0.504357 0.765149
vt 2.335426 -0.506499 0.745861
vt 2.335853 -0.506717 0.745088
vt 2.327943 -0.504384 0.755003
vt 2.33845 -0.50666 0.766178
vt 2.343582 -0.508697 0.769028
vt 2.3440459 -0.496685 0.76858
vt 2.340413 -0.49677 0.737373
vt 2.339932 -0.508781 0.737831
vt 2.345433 -0.49664 0.734391
vt 2.3449259 -0.50916 0.734854
vt 2.349014 -0.496553 0.767016
vt 2.348527 -0.509073 0.76747
vt 2.345683 -0.496634 0.734246
vt 2.345176 -0.509179 0.73471
vt 2.349262 -0.496546 0.766942
vt 2.348774 -0.509091 0.767396
vt 2.354189 -0.496251 0.725292
vt 2.35837 -0.496136 0.768085
vt 2.353512 -0.512591 0.725867
vt 2.357729 -0.512476 0.768646
vt 2.354188 -0.512769 0.725172
vt 2.358447 -0.512652 0.768804
vt 0.001579 -0.512476 0.768646
vt 0.002952 -0.495992 0.768236
vt 0.00222 -0.496136 0.768085
vt 0.002297 -0.512652 0.768804
vt 2.354879 -0.496109 0.724588
vt 2.359102 -0.495992 0.768236
vt 2.349677 -0.545396 0.882086
vt 2.349918 -0.538281 0.881829
vt 2.353898 -0.536681 0.884464
vt 2.353542 -0.547176 0.884834
vt 0.00389 -0.577406 0.978879
vt 0.002718 -0.578527 0.99703
vt 0.005288 -0.577352 0.999116
vt 0.001738 -0.578564 0.983324
vt 0.006098 -0.58536 0.977544
vt 0.003651 -0.58511597 0.97914
vt 0.006347 -0.577323 0.977276
vt 2.357308 -0.547504 0.883694
vt 2.357682 -0.536565 0.883318
vt 0.005054 -0.585062 0.999376
vt 0.00751 -0.585303 0.998661
vt 0.007754 -0.577267 0.998395
vt 2.351482 -0.536755 0.857032
vt 2.355283 -0.536642 0.854667
vt 0.001359 -0.583651 0.983966
vt 0.001511 -0.578686 0.983796
vt 0.001577 -0.583791 0.983503
vt 0.002559 -0.583755 0.997208
vt 2.347629 -0.545255 0.864176
vt 2.349267 -0.545208 0.881801
vt 2.34796 -0.545446 0.863525
vt 2.354898 -0.547581 0.855049
vt 2.351115 -0.54725 0.857407
vt 2.348206 -0.538331 0.863266
vt 0.002445 -0.578651 0.996812
vt 2.349496 -0.53845 0.881556
vt 2.347862 -0.538497 0.86393
vt 0.002295 -0.583616 0.996982
vt 2.357509 -0.583651 0.983966
vt 2.353798 -0.579764 0.989121
vt 2.357661 -0.578686 0.983796
vt 2.353721 -0.582294 0.98921
vt 2.341859 -0.543408 0.871704
vt 2.341976 -0.539965 0.871574
vt 0.001346 -0.54752 0.88364
vt 0.00172 -0.53656 0.883263
vt 0.001158 -0.547504 0.883694
vt 0.001532 -0.536565 0.883318
vt 2.358595 -0.578651 0.996812
vt 2.354223 -0.582276 0.995827
vt 2.354299 -0.579747 0.99573797
vt 2.358445 -0.583616 0.996982
vt 0.00622 -0.585372 0.977466
vt 0.007632 -0.585315 0.998626
vt 0.007877 -0.577263 0.99836
vt 2.35787 -0.53656 0.883263
vt 2.355473 -0.536637 0.854551
vt 2.355087 -0.547597 0.854934
vt 2.342753 -0.543384 0.88065
vt 2.342869 -0.539941 0.880521
vt 0.006469 -0.577319 0.977197
vt 2.357496 -0.54752 0.88364
vt 2.33957 -0.54159397 0.877662
vt 2.361415 -0.550578 0.847547
vt 2.361925 -0.536302 0.847069
vt 0.012037 -0.587488 0.99982697
vt 0.010313 -0.587561 0.972213
vt 2.352184 -0.580961 0.993457
vt 2.364771 -0.536202 0.884588
vt 2.36428 -0.550478 0.885057
vt 0.012357 -0.577 0.999491
vt 0.010641 -0.577073 0.971873
vt 0.00813 -0.550478 0.885057
vt 0.0086199995 -0.536202 0.884588
vt 0.01239 -0.587601 0.999955
vt 0.012717 -0.576907 0.999613
vt 0.008674 -0.550631 0.885218
vt 0.005265 -0.550578 0.847547
vt 0.005776 -0.550734 0.846964
vt 0.009175 -0.536076 0.884741
vt 0.005775 -0.536302 0.847069
vt 0.0062969998 -0.536178 0.846478
vt 0.010642 -0.587676 0.971796
vt 0.010977 -0.576982 0.97145
# 115 texture coords

g Object

usemtl Horns
s 39
f 1766/1861/1788 1767/1862/1789 1768/1863/1790 1769/1864/1791
f 1767/1862/1789 1770/1865/1792 1768/1863/1790
f 1771/1866/1793 1766/1861/1788 1769/1864/1791 1772/1867/1794
f 1773/1868/1795 1774/1869/1796 1767/1862/1789 1766/1861/1788
f 1772/1867/1794 1769/1864/1791 1775/1870/1797 1776/1871/1798
f 1768/1863/1790 1770/1865/1792 1777/1872/1799
f 1778/1873/1800 1773/1868/1795 1766/1861/1788 1771/1866/1793
f 1774/1869/1796 1770/1865/1792 1767/1862/1789
f 1769/1864/1791 1768/1863/1790 1777/1872/1799 1775/1870/1797
f 1779/1874/1801 1778/1873/1800 1771/1866/1793 1780/1875/1802
f 1780/1875/1802 1771/1866/1793 1772/1867/1794 1781/1876/1803
f 1777/1872/1799 1770/1865/1792 1774/1869/1796
f 1775/1870/1797 1777/1872/1799 1774/1869/1796 1773/1868/1795
f 1782/1877/1804 1776/1871/1798 1778/1873/1800 1779/1874/1801
f 1776/1871/1798 1775/1870/1797 1773/1868/1795 1778/1873/1800
f 1781/1876/1803 1772/1867/1794 1776/1871/1798 1782/1877/1804
f 1782/1877/1804 1783/1879/1806 1784/1878/1805 1781/1876/1803
f 1781/1876/1803 1784/1878/1805 1785/1880/1807 1780/1875/1802
f 1779/1874/1801 1786/1881/1808 1783/1879/1806 1782/1877/1804
f 1780/1875/1802 1785/1880/1807 1786/1881/1808 1779/1874/1801
f 1783/1879/1806 1787/1883/1810 1788/1882/1809 1784/1878/1805
f 1785/1880/1807 1789/1884/1811 1790/1885/1812 1786/1881/1808
f 1784/1878/1805 1788/1882/1809 1789/1884/1811 1785/1880/1807
f 1786/1881/1808 1790/1885/1812 1787/1883/1810 1783/1879/1806
f 1788/1882/1809 1791/1886/1813 1792/1887/1814 1789/1884/1811
f 1787/1883/1810 1793/1888/1815 1791/1886/1813 1788/1882/1809
f 1789/1884/1811 1792/1887/1814 1794/1889/1816 1790/1885/1812
f 1790/1885/1812 1794/1889/1816 1793/1888/1815 1787/1883/1810
f 1794/1889/1816 1795/1891/1818 1796/1890/1817 1793/1888/1815
f 1792/1894/1814 1797/1893/1819 1795/1895/1818 1794/1892/1816
f 1791/1886/1813 1798/1896/1820 1797/1897/1819 1792/1887/1814
f 1793/1888/1815 1796/1890/1817 1798/1896/1820 1791/1886/1813
f 1799/1901/1824 1800/1898/1821 1801/1899/1822 1802/1900/1823
f 1803/1904/1827 1804/1903/1826 1805/1905/1828 1806/1902/1825
f 1807/1907/1830 1808/1906/1829 1809/1908/1831 1806/1902/1825
f 1802/1900/1823 1810/1910/1833 1811/1909/1832 1799/1901/1824
f 1803/1904/1827 1812/1913/1836 1813/1912/1835 1814/1911/1834
f 1815/1914/1837 1816/1915/1838 1810/1910/1833 1802/1900/1823
f 1806/1902/1825 1809/1908/1831 1812/1913/1836 1803/1904/1827
f 1805/1905/1828 1817/1917/1840 1818/1916/1839 1819/1918/1841
f 1814/1911/1834 1820/1919/1842 1804/1903/1826 1803/1904/1827
f 1821/1922/1845 1822/1920/1843 1823/1921/1844 1800/1898/1821
f 1799/1901/1824 1811/1909/1832 1824/1923/1846 1825/1924/1847
f 1802/1900/1823 1801/1899/1822 1826/1925/1848 1815/1914/1837
f 1804/1903/1826 1827/1926/1849 1817/1917/1840 1805/1905/1828
f 1800/1898/1821 1823/1921/1844 1828/1927/1850 1801/1899/1822
f 1825/1924/1847 1821/1922/1845 1800/1898/1821 1799/1901/1824
f 1801/1899/1822 1828/1927/1850 1829/1928/1851 1826/1925/1848
f 1806/1902/1825 1805/1905/1828 1819/1918/1841 1807/1907/1830
f 1820/1919/1842 1830/1929/1852 1827/1926/1849 1804/1903/1826
f 1817/1932/1840 1831/1931/1853 1832/1933/1854 1818/1930/1839
f 1829/1928/1851 1833/1935/1856 1834/1934/1855 1822/1920/1843
f 1810/1939/1833 1835/1937/1858 1836/1936/1857 1811/1938/1832
f 1830/1943/1852 1837/1941/1859 1838/1942/1860 1827/1940/1849
f 1813/1912/1835 1839/1945/1862 1840/1944/1861 1808/1906/1829
f 1812/1913/1836 1841/1946/1863 1839/1945/1862 1813/1912/1835
f 1816/1915/1838 1842/1948/1864 1835/1947/1858 1810/1910/1833
f 1826/1925/1848 1829/1928/1851 1822/1920/1843 1821/1922/1845
f 1824/1923/1846 1843/1949/1865 1842/1948/1864 1816/1915/1838
f 1815/1914/1837 1826/1925/1848 1821/1922/1845 1825/1924/1847
f 1807/1907/1830 1819/1918/1841 1820/1919/1842 1814/1911/1834
f 1822/1920/1843 1834/1934/1855 1844/1950/1866 1823/1921/1844
f 1825/1924/1847 1824/1923/1846 1816/1915/1838 1815/1914/1837
f 1828/1927/1850 1845/1951/1867 1833/1935/1856 1829/1928/1851
f 1814/1911/1834 1813/1912/1835 1808/1906/1829 1807/1907/1830
f 1818/1930/1839 1832/1933/1854 1837/1941/1859 1830/1943/1852
f 1823/1921/1844 1844/1950/1866 1845/1951/1867 1828/1927/1850
f 1819/1918/1841 1818/1916/1839 1830/1929/1852 1820/1919/1842
f 1809/1908/1831 1846/1952/1868 1841/1946/1863 1812/1913/1836
f 1811/1909/1832 1836/1953/1857 1843/1949/1865 1824/1923/1846
f 1827/1940/1849 1838/1942/1860 1831/1931/1853 1817/1932/1840
f 1808/1906/1829 1840/1944/1861 1846/1952/1868 1809/1908/1831
f 1834/1934/1855 1847/1954/1869 1844/1950/1866
f 1843/1949/1865 1848/1955/1870 1849/1956/1871 1842/1948/1864
f 1839/1945/1862 1850/1957/1872 1851/1958/1873 1840/1944/1861
f 1837/1941/1859 1852/1959/1874 1838/1942/1860
f 1842/1948/1864 1849/1956/1871 1853/1960/1875 1835/1947/1858
f 1836/1953/1857 1854/1961/1876 1848/1955/1870 1843/1949/1865
f 1844/1950/1866 1847/1954/1869 1845/1951/1867
f 1831/1931/1853 1852/1959/1874 1832/1933/1854
f 1838/1942/1860 1852/1959/1874 1831/1931/1853
f 1841/1946/1863 1855/1962/1877 1850/1957/1872 1839/1945/1862
f 1833/1935/1856 1847/1954/1869 1834/1934/1855
f 1846/1952/1868 1856/1963/1878 1855/1962/1877 1841/1946/1863
f 1840/1944/1861 1851/1958/1873 1856/1963/1878 1846/1952/1868
f 1845/1951/1867 1847/1954/1869 1833/1935/1856
f 1832/1933/1854 1852/1959/1874 1837/1941/1859
f 1835/1937/1858 1853/1965/1875 1854/1964/1876 1836/1936/1857
f 1855/1962/1877 1857/1967/1880 1858/1966/1879 1850/1957/1872
f 1854/1964/1876 1859/1968/1881 1860/1970/1882 1848/1969/1870
f 1849/1972/1871 1861/1973/1884 1862/1971/1883 1853/1965/1875
f 1850/1957/1872 1858/1966/1879 1863/1974/1885 1851/1958/1873
f 1856/1963/1878 1864/1975/1886 1857/1967/1880 1855/1962/1877
f 1851/1958/1873 1863/1974/1885 1864/1975/1886 1856/1963/1878
f 1853/1965/1875 1862/1971/1883 1859/1968/1881 1854/1964/1876
f 1848/1969/1870 1860/1970/1882 1861/1973/1884 1849/1972/1871
# 96 polygons

#
# object Object
#

v 2.766822 0.770428 -0.357036
v 2.793035 0.752397 -0.389729
v 2.873014 0.752968 -0.374138
v 2.884778 0.771271 -0.334041
v 3.217718 0.370575 -0.281036
v 3.24062 0.354821 -0.3096
v 3.310499 0.35532 -0.295978
v 3.320777 0.371311 -0.260945
v 3.675691 -0.113035 -0.205273
v 3.692195 -0.099786 -0.22551
v 3.691514 -0.047509 -0.223936
v 3.674688 -0.035935 -0.202951
v 2.87177 0.751032 -0.378378
v 2.872776 0.673679 -0.380708
v 2.874074 0.671525 -0.37659
v 3.69394 -0.098385 -0.227651
v 3.693294 -0.048733 -0.226156
v 2.768385 0.650313 -0.360653
v 2.794094 0.670953 -0.392182
v 3.241546 0.283663 -0.311743
v 3.243922 0.28557 -0.314657
v 3.243043 0.353155 -0.312621
v 3.309412 0.353629 -0.299683
v 3.310291 0.28604499 -0.301718
v 3.311424 0.284163 -0.29812
v 2.88634 0.651156 -0.337658
v 2.881524 0.6474 -0.299524
v 2.879896 0.772599 -0.295754
v 3.750403 -0.035394 -0.188191
v 3.747269 -0.034541 -0.163614
v 3.66835 -0.035105 -0.179
v 2.756947 0.77172 -0.319722
v 2.758576 0.646521 -0.323492
v 3.20909 0.371704 -0.24843399
v 3.2105129 0.262317 -0.251728
v 3.219083 0.265629 -0.284196
v 2.795807 0.75049 -0.393187
v 3.322142 0.266366 -0.264105
v 3.751406 -0.112494 -0.190512
v 3.743532 -0.099419 -0.215502
v 2.796814 0.673137 -0.395516
v 3.669395 -0.115469 -0.18142
v 3.742852 -0.047142 -0.213928
v 3.742699 -0.098036 -0.218145
v 3.316511 0.372472 -0.227493
v 3.317934 0.263084 -0.230787
v 3.748314 -0.114905 -0.166034
v 3.742053 -0.048385 -0.21665
v 3.270613 0.304045 -0.365572
v 3.270165 0.338477 -0.364535
v 3.74816 -0.115025 -0.164817
v 3.747113 -0.034499 -0.162392
v 3.738062 -0.059338998 -0.259452
v 3.738391 -0.084635 -0.260214
v 2.827363 0.694281 -0.453792
v 2.82685 0.733691 -0.452605
v 3.668035 -0.035064 -0.177808
v 3.669082 -0.11559 -0.180233
v 3.71322 -0.059516 -0.264295
v 3.304427 0.304286 -0.35898
v 3.316299 0.372529 -0.225829
v 3.208661 0.37176 -0.246813
v 2.865552 0.733967 -0.44505998
v 2.866064 0.694558 -0.446247
v 2.756456 0.771785 -0.317867
v 2.758088 0.646333 -0.321644
v 3.303978 0.338719 -0.357943
v 3.713549 -0.084813 -0.265057
v 2.881285 0.647213 -0.297627
v 3.210087 0.262152 -0.250114
v 2.879653 0.772665 -0.29385
v 3.317725 0.262921 -0.22913
v 3.2921119 0.322189 -0.386493
v 2.8865 0.613368 -0.228892
v 2.884374 0.776762 -0.223972
v 3.729344 -0.071482 -0.280427
v 3.180231 0.375107 -0.192107
v 3.182088 0.232347 -0.196406
v 3.322281 0.23335 -0.169075
v 3.648512 -0.137486 -0.140776
v 3.751508 -0.13675 -0.120697
v 3.647148 -0.032606 -0.137617
v 3.750144 -0.031869 -0.117538
v 2.726042 0.61222 -0.260173
v 3.320424 0.376109 -0.164776
v 2.85197 0.715048 -0.477736
v 2.723916 0.775615 -0.255253
v 2.887066 0.611606 -0.223363
v 2.884899 0.778202 -0.218346
v 2.723465 0.610436 -0.255257
v 3.322776 0.231811 -0.164244
v 3.320882 0.377367 -0.159861
v 3.750481 -0.030945 -0.113928
v 3.645467 -0.031696 -0.1344
v 2.721298 0.777032 -0.25024
v 3.646858 -0.138631 -0.13762
v 3.177943 0.376345 -0.187727
v 3.179836 0.230789 -0.19211
v 3.751871 -0.13788 -0.117148
# 99 vertices

vn 0.58129996 -0.6631 0.4714
vn -0.7066 -0.6723 0.22029999
vn -0.66249996 -0.5886 0.463
vn 0.4481 -0.5807 0.6796
vn -0.7066 -0.6723 0.22029999
vn 0.4481 -0.5807 0.6796
vn 0.58129996 -0.6631 0.4714
vn -0.66249996 -0.5886 0.463
vn 0.4481 -0.5807 0.6796
vn 0.43339998 0.5502 0.7136
vn 0.58129996 -0.6631 0.4714
vn 0.5643 0.6484 0.51089996
vn -0.7043 0.5913 0.3928
vn -0.67719996 0.5423 0.4971
vn -0.68829995 -0.6319 0.3559
vn 0.5129 -0.6234 0.5901
vn 0.49699998 0.5998 0.62689996
vn 0.43339998 0.5502 0.7136
vn 0.5643 0.6484 0.51089996
vn 0.4969 0.5998 0.627
vn 0.5128 -0.6234 0.5901
vn 0.43339998 0.5502 0.7136
vn -0.67719996 0.5423 0.4971
vn -0.68829995 -0.6319 0.3559
vn -0.7043 0.5913 0.3928
vn -0.7179 0.6957 -0.0221
vn -0.7237 0.6392 0.2598
vn -0.6996 -0.7115 -0.0645
vn 0.6823 -0.7017 0.2049
vn -0.6996 -0.7115 -0.0645
vn -0.7066 -0.6723 0.22029999
vn 0.664 0.70559996 0.2472
vn 0.6823 -0.7017 0.2048
vn 0.5643 0.6484 0.51089996
vn 0.664 0.70559996 0.2472
vn 0.6823 -0.7017 0.2049
vn 0.5129 -0.6234 0.5901
vn -0.7237 0.6392 0.2598
vn -0.7237 0.6392 0.2598
vn -0.67719996 0.5423 0.4971
vn 0.4969 0.5998 0.627
vn 0.664 0.70559996 0.2472
vn -0.66249996 -0.5886 0.463
vn -0.7043 0.5913 0.3928
vn -0.6996 -0.7115 -0.0645
vn -0.7179 0.6957 -0.0221
vn -0.7179 0.6957 -0.0221
vn -0.68829995 -0.6319 0.3559
vn 0.4612 0.57229996 0.67789996
vn 0.47649997 -0.5999 0.6426
vn -0.7388 0.6523 0.169
vn -0.70199996 -0.71199995 0.012499999
vn -0.67469996 -0.6081 0.4182
vn -0.6899 0.56409997 0.4535
vn 0.4612 0.57229996 0.67789996
vn 0.47649997 -0.5999 0.6426
vn 0.60749996 0.6611 0.4402
vn 0.6516 -0.70269996 0.2854
vn 0.47649997 -0.5999 0.6426
vn -0.6899 0.56409997 0.4535
vn 0.6516 -0.70269996 0.2855
vn -0.70199996 -0.71199995 0.012499999
vn -0.6899 0.56409997 0.4535
vn -0.67469996 -0.6081 0.4182
vn 0.60749996 0.6611 0.44009998
vn 0.6516 -0.70269996 0.2854
vn -0.67469996 -0.6081 0.4182
vn 0.4612 0.57229996 0.67789996
vn -0.7388 0.6523 0.169
vn 0.60749996 0.6611 0.4402
vn -0.70199996 -0.71199995 0.012499999
vn -0.7388 0.6523 0.169
vn -0.191 -0.031999998 0.98099995
vn -0.7048 -0.69 0.1643
vn -0.72779995 0.6112 0.3109
vn -0.191 -0.031999998 0.98099995
vn 0.5441 0.61869997 0.5665
vn 0.5962 -0.68009996 0.42639998
vn -0.72779995 0.6112 0.3109
vn -0.72779995 0.6112 0.3109
vn 0.5441 0.61869997 0.5665
vn 0.5962 -0.68009996 0.42639998
vn -0.7048 -0.69 0.1643
vn 0.5441 0.61869997 0.5665
vn -0.7048 -0.69 0.1643
vn -0.191 -0.031999998 0.98099995
vn 0.5962 -0.68009996 0.42639998
vn -0.7222 0.6342 0.276
vn -0.70519996 -0.66819996 0.2367
vn 0.5568 0.6433 0.52529997
vn -0.70519996 -0.66819996 0.2368
vn -0.7222 0.6342 0.276
vn -0.70519996 -0.66819996 0.2367
vn 0.57379997 -0.6591 0.4861
vn 0.57379997 -0.6591 0.4861
vn 0.5568 0.6433 0.52529997
vn 0.5568 0.6433 0.52529997
vn 0.57379997 -0.6591 0.4861
vn -0.7222 0.6342 0.2759
# 99 vertex normals

vt 1.1938109 -0.49677 0.737418
vt 1.190178 -0.496685 0.768625
vt 1.19546 -0.498516 0.76590997
vt 1.198049 -0.498573 0.744815
vt 1.180326 -0.536681 0.884509
vt 1.186018 -0.538331 0.863311
vt 1.182742 -0.536755 0.857076
vt 1.184306 -0.538281 0.881874
vt 1.176336 -0.578564 0.983369
vt 1.176497 -0.583791 0.983548
vt 1.174185 -0.577406 0.978924
vt 1.174423 -0.58511597 0.979185
vt 1.196318 -0.506445 0.76593
vt 1.195773 -0.50666 0.766223
vt 1.196021 -0.498709 0.765632
vt 1.176563 -0.578686 0.983841
vt 1.176715 -0.583651 0.984011
vt 1.19837 -0.506717 0.745133
vt 1.194291 -0.508781 0.737875
vt 1.186595 -0.545255 0.864221
vt 1.186361 -0.538497 0.863974
vt 1.186264 -0.545446 0.86357
vt 1.184547 -0.545396 0.88213
vt 1.184728 -0.53845 0.881601
vt 1.184957 -0.545208 0.881845
vt 1.185696 -0.509073 0.767515
vt 1.190641 -0.508697 0.769073
vt 1.185209 -0.496553 0.767061
vt 1.171727 -0.577323 0.97732097
vt 1.17032 -0.577267 0.99844
vt 1.172786 -0.577352 0.999161
vt 1.189297 -0.50916 0.734899
vt 1.188791 -0.49664 0.734435
vt 1.183109 -0.54725 0.857451
vt 1.1793259 -0.547581 0.855093
vt 1.178941 -0.536642 0.854711
vt 1.198492 -0.498764 0.745603
vt 1.180682 -0.547176 0.884878
vt 1.17302 -0.585062 0.99942
vt 1.175515 -0.583755 0.997253
vt 1.198796 -0.506499 0.745905
vt 1.171976 -0.58536 0.977589
vt 1.175356 -0.578527 0.997074
vt 1.175779 -0.583616 0.997026
vt 1.176542 -0.536565 0.883363
vt 1.176915 -0.547504 0.883739
vt 1.170565 -0.585303 0.99870497
vt 1.175629 -0.578651 0.996857
vt 1.192364 -0.543408 0.871748
vt 1.192248 -0.539965 0.871619
vt 1.1704429 -0.585315 0.998671
vt 1.170198 -0.577263 0.998405
vt 1.179925 -0.579747 0.995783
vt 1.180001 -0.582276 0.995872
vt 1.20628 -0.504384 0.755048
vt 1.206128 -0.500443 0.754888
vt 1.171855 -0.585372 0.977511
vt 1.171605 -0.577319 0.977242
vt 1.180427 -0.579764 0.989166
vt 1.19147 -0.543384 0.880695
vt 1.178751 -0.536637 0.854596
vt 1.176354 -0.53656 0.883308
vt 1.204916 -0.504357 0.765193
vt 1.204766 -0.500416 0.765035
vt 1.189048 -0.509179 0.734754
vt 1.18854 -0.496634 0.734291
vt 1.191354 -0.539941 0.880565
vt 1.180503 -0.582294 0.989255
vt 1.18545 -0.509091 0.767441
vt 1.179137 -0.547597 0.854978
vt 1.184962 -0.496546 0.766987
vt 1.176728 -0.54752 0.883685
vt 1.194653 -0.54159397 0.877706
vt 1.175854 -0.496136 0.76813
vt 1.176495 -0.512476 0.76869
vt 1.18204 -0.580961 0.993502
vt 1.17281 -0.550578 0.847592
vt 1.172299 -0.536302 0.847114
vt 1.169944 -0.550478 0.885102
vt 1.166038 -0.587488 0.99987197
vt 1.167762 -0.587561 0.972258
vt 1.167433 -0.577073 0.971918
vt 1.165718 -0.577 0.999536
vt 1.180712 -0.512591 0.725912
vt 1.169454 -0.536202 0.884633
vt 1.20917 -0.502308 0.762094
vt 1.180035 -0.496251 0.72533697
vt 1.175777 -0.512652 0.768849
vt 1.175122 -0.495992 0.76827997
vt 1.180036 -0.512769 0.725217
vt 1.1689 -0.536076 0.884786
vt 1.1694 -0.550631 0.885263
vt 1.165358 -0.576907 0.999657
vt 1.167097 -0.576982 0.971495
vt 1.179346 -0.496109 0.724633
vt 1.167433 -0.587676 0.971841
vt 1.172299 -0.550734 0.847009
vt 1.171778 -0.536178 0.846522
vt 1.165684 -0.587601 0.999999
# 99 texture coords

g Object

usemtl Horns
s 40
f 1865/1976/1887 1866/1979/1890 1867/1978/1889 1868/1977/1888
f 1869/1982/1893 1870/1981/1892 1871/1983/1894 1872/1980/1891
f 1873/1987/1898 1874/1985/1896 1875/1984/1895 1876/1986/1897
f 1867/1978/1889 1877/1990/1901 1878/1988/1899 1879/1989/1900
f 1874/1985/1896 1880/1992/1903 1881/1991/1902 1875/1984/1895
f 1882/1994/1905 1883/1993/1904 1866/1979/1890 1865/1976/1887
f 1884/1997/1908 1885/1995/1906 1886/1996/1907 1870/1981/1892
f 1871/1983/1894 1887/1999/1910 1888/2000/1911 1889/1998/1909
f 1890/2002/1913 1891/2001/1912 1892/2003/1914 1868/1977/1888
f 1870/1981/1892 1886/1996/1907 1887/1999/1910 1871/1983/1894
f 1893/2006/1917 1894/2005/1916 1895/2004/1915 1876/1986/1897
f 1865/1976/1887 1896/2008/1919 1897/2007/1918 1882/1994/1905
f 1869/1982/1893 1898/2011/1922 1899/2010/1921 1900/2009/1920
f 1866/1979/1890 1901/2012/1923 1877/1990/1901 1867/1978/1889
f 1868/1977/1888 1892/2003/1914 1896/2008/1919 1865/1976/1887
f 1872/1980/1891 1871/1983/1894 1889/1998/1909 1902/2013/1924
f 1903/2014/1925 1904/2015/1926 1874/1985/1896 1873/1987/1898
f 1883/1993/1904 1905/2016/1927 1901/2012/1923 1866/1979/1890
f 1876/1986/1897 1895/2004/1915 1906/2017/1928 1873/1987/1898
f 1876/1986/1897 1875/1984/1895 1907/2018/1929 1893/2006/1917
f 1904/2015/1926 1908/2019/1930 1880/1992/1903 1874/1985/1896
f 1868/1977/1888 1867/1978/1889 1879/1989/1900 1890/2002/1913
f 1872/1980/1891 1909/2020/1931 1898/2011/1922 1869/1982/1893
f 1902/2013/1924 1910/2021/1932 1909/2020/1931 1872/1980/1891
f 1873/1987/1898 1906/2017/1928 1911/2022/1933 1903/2014/1925
f 1900/2009/1920 1884/1997/1908 1870/1981/1892 1869/1982/1893
f 1875/1984/1895 1881/1991/1902 1912/2023/1934 1907/2018/1929
f 1890/2002/1913 1879/1989/1900 1883/1993/1904 1882/1994/1905
f 1885/1995/1906 1913/2024/1935 1914/2025/1936 1886/1996/1907
f 1911/2022/1933 1915/2026/1937 1916/2027/1938 1894/2005/1916
f 1912/2023/1934 1917/2028/1939 1918/2029/1940 1908/2019/1930
f 1905/2016/1927 1919/2030/1941 1920/2031/1942 1901/2012/1923
f 1895/2004/1915 1921/2033/1944 1922/2032/1943 1906/2017/1928
f 1903/2014/1925 1911/2022/1933 1894/2005/1916 1893/2006/1917
f 1907/2018/1929 1912/2023/1934 1908/2019/1930 1904/2015/1926
f 1900/2009/1920 1899/2010/1921 1910/2021/1932 1902/2013/1924
f 1881/1991/1902 1923/2034/1945 1917/2028/1939 1912/2023/1934
f 1888/2000/1911 1924/2035/1946 1913/2024/1935 1885/1995/1906
f 1909/2020/1931 1925/2037/1948 1926/2036/1947 1898/2011/1922
f 1893/2006/1917 1907/2018/1929 1904/2015/1926 1903/2014/1925
f 1877/1990/1901 1927/2039/1950 1928/2038/1949 1878/1988/1899
f 1896/2008/1919 1929/2041/1952 1930/2040/1951 1897/2007/1918
f 1886/1996/1907 1914/2025/1936 1931/2042/1953 1887/1999/1910
f 1908/2019/1930 1918/2029/1940 1932/2043/1954 1880/1992/1903
f 1882/1994/1905 1897/2007/1918 1891/2001/1912 1890/2002/1913
f 1879/1989/1900 1878/1988/1899 1905/2016/1927 1883/1993/1904
f 1897/2007/1918 1930/2040/1951 1933/2044/1955 1891/2001/1912
f 1898/2011/1922 1926/2036/1947 1934/2045/1956 1899/2010/1921
f 1906/2017/1928 1922/2032/1943 1915/2026/1937 1911/2022/1933
f 1891/2001/1912 1933/2044/1955 1935/2046/1957 1892/2003/1914
f 1894/2005/1916 1916/2027/1938 1921/2033/1944 1895/2004/1915
f 1887/1999/1910 1931/2042/1953 1924/2035/1946 1888/2000/1911
f 1899/2010/1921 1934/2045/1956 1936/2047/1958 1910/2021/1932
f 1889/1998/1909 1888/2000/1911 1885/1995/1906 1884/1997/1908
f 1910/2021/1932 1936/2047/1958 1925/2037/1948 1909/2020/1931
f 1878/1988/1899 1928/2038/1949 1919/2030/1941 1905/2016/1927
f 1901/2012/1923 1920/2031/1942 1927/2039/1950 1877/1990/1901
f 1880/1992/1903 1932/2043/1954 1923/2034/1945 1881/1991/1902
f 1902/2013/1924 1889/1998/1909 1884/1997/1908 1900/2009/1920
f 1892/2003/1914 1935/2046/1957 1929/2041/1952 1896/2008/1919
f 1931/2042/1953 1937/2048/1959 1924/2035/1946
f 1933/2044/1955 1938/2050/1961 1939/2049/1960 1935/2046/1957
f 1917/2028/1939 1940/2051/1962 1918/2029/1940
f 1926/2036/1947 1941/2053/1964 1942/2052/1963 1934/2045/1956
f 1918/2029/1940 1940/2051/1962 1932/2043/1954
f 1934/2045/1956 1942/2052/1963 1943/2054/1965 1936/2047/1958
f 1914/2025/1936 1937/2048/1959 1931/2042/1953
f 1922/2032/1943 1944/2056/1967 1945/2055/1966 1915/2026/1937
f 1921/2033/1944 1946/2057/1968 1944/2056/1967 1922/2032/1943
f 1915/2026/1937 1945/2055/1966 1947/2058/1969 1916/2027/1938
f 1932/2043/1954 1940/2051/1962 1923/2034/1945
f 1930/2040/1951 1948/2059/1970 1938/2050/1961 1933/2044/1955
f 1925/2037/1948 1949/2060/1971 1941/2053/1964 1926/2036/1947
f 1919/2030/1941 1950/2061/1972 1920/2031/1942
f 1928/2038/1949 1950/2061/1972 1919/2030/1941
f 1913/2024/1935 1937/2048/1959 1914/2025/1936
f 1923/2034/1945 1940/2051/1962 1917/2028/1939
f 1920/2031/1942 1950/2061/1972 1927/2039/1950
f 1927/2039/1950 1950/2061/1972 1928/2038/1949
f 1916/2027/1938 1947/2058/1969 1946/2057/1968 1921/2033/1944
f 1935/2046/1957 1939/2049/1960 1951/2062/1973 1929/2041/1952
f 1936/2047/1958 1943/2054/1965 1949/2060/1971 1925/2037/1948
f 1924/2035/1946 1937/2048/1959 1913/2024/1935
f 1929/2041/1952 1951/2062/1973 1948/2059/1970 1930/2040/1951
f 1938/2050/1961 1952/2063/1974 1953/2064/1975 1939/2049/1960
f 1948/2059/1970 1954/2065/1976 1952/2063/1974 1938/2050/1961
f 1943/2054/1965 1955/2067/1978 1956/2066/1977 1949/2060/1971
f 1947/2058/1969 1957/2068/1979 1958/2069/1980 1946/2057/1968
f 1939/2049/1960 1953/2064/1975 1959/2070/1981 1951/2062/1973
f 1946/2057/1968 1958/2069/1980 1960/2071/1982 1944/2056/1967
f 1941/2053/1964 1961/2073/1984 1962/2072/1983 1942/2052/1963
f 1949/2060/1971 1956/2066/1977 1961/2073/1984 1941/2053/1964
f 1942/2052/1963 1962/2072/1983 1955/2067/1978 1943/2054/1965
f 1951/2062/1973 1959/2070/1981 1954/2065/1976 1948/2059/1970
f 1945/2055/1966 1963/2074/1985 1957/2068/1979 1947/2058/1969
f 1944/2056/1967 1960/2071/1982 1963/2074/1985 1945/2055/1966
# 96 polygons

#
# object Object
#

v -0.399617 4.759001 0.319804
v 0.395983 4.765357 0.059325
v -0.487871 4.469569 0.400934
v 0.408131 4.759439 0.319946
v 0.48789 4.488174 0.055575
v -0.479148 4.488073 0.056024
v -0.386926 4.76444 0.059902
v 0.495173 4.469471 0.401032
v -1.153056 5.6734447 -1.018317
v -1.161834 5.6302 -0.940256
v -1.170982 5.693025 -1.01451
v -1.162029 5.738013 -1.095393
v -1.189317 5.67325 -1.017838
v -1.198911 5.597998 -0.95627
v -1.171048 5.667029 -1.037357
v -1.198288 5.627569 -0.935385
v -1.16167 5.607517 -0.964747
v 1.1976 5.672459 -1.016778
v 1.206888 5.626059 -0.933505
v 1.178782 5.693648 -1.015444
v 1.16993 5.73813 -1.095421
v 1.169918 5.633921 -0.945155
v 1.161347 5.676373 -1.021699
v 1.17028 5.606027 -0.964175
v 1.178838 5.668032 -1.038108
v 1.2064689 5.602607 -0.959676
v -1.198988 5.447166 -0.609868
v -1.217576 5.45887 -0.593517
v -1.129541 5.379018 -0.691449
v -1.114188 5.393776 -0.684461
v 1.207662 5.311632 -0.723437
v 1.226417 5.293603 -0.731974
v 1.138653 5.377969 -0.692028
v 1.244275 5.304846 -0.716266
v 1.329804 5.358697 -0.64103
v 1.312931 5.374916 -0.63335
v -1.218516 5.293486 -0.731947
v -1.200427 5.310876 -0.723712
v 1.122089 5.393891 -0.684488
v 1.138171 5.404017 -0.67034197
v 1.20752 5.447681 -0.609339
v 1.243875 5.441299 -0.601919
v 1.225477 5.458986 -0.593544
v -1.130196 5.403853 -0.67038
v -1.305698 5.37416 -0.633626
v -1.321905 5.35858 -0.641003
v 1.3136489 5.348525 -0.655242
v -1.236304 5.304684 -0.716301
v -1.305248 5.348093 -0.655654
v -1.234639 5.442466 -0.601283
v -0.925991 4.765706 -0.18351
v -0.912664 4.786204 -0.181919
v 0.947164 4.987516 0.019149
v 0.932504 5.010065 0.020899
v -1.038947 4.83408 0.007276
v -0.937692 4.9898148 0.019364
v 1.045717 4.810474 -0.014102
v 1.058862 4.815723 0.005815
v 0.919057 4.788641 -0.181766
v 0.820724 4.939879 -0.170028
v 1.045512 4.836256 0.007408
v 0.933893 4.765823 -0.183538
v -0.939803 4.771222 -0.162583
v -1.038325 4.810561 -0.013301
v 0.807535 4.960165 -0.168453
v 0.917885 5.004227 -0.00125
v -0.811384 4.941973 -0.16983
v -0.799632 4.960048 -0.168427
v 0.820575 4.965372 -0.148694
v 0.948388 4.771611 -0.161575
v -0.812048 4.965006 -0.149614
v -1.050959 4.815606 0.005843
v -0.924601 5.009948 0.020926
v -0.910582 5.00435 -3.14E-4
v -0.659149 4.58258 0.308007
v -0.577802 4.762287 0.285526
v -0.562095 4.784249 0.257861
v -0.52518 4.785485 0.100604
v 0.671302 4.5645328 0.284589
v 0.636391 4.571745 0.082297
v 0.631665 4.572721 0.054915
v 0.527357 4.785754 0.075879
v 0.537933 4.764153 0.073753
v 0.586756 4.760217 0.285796
v 0.575932 4.784128 0.282805
v -0.519375 4.78568 0.075876
v -0.623682 4.572647 0.054912
v -0.613337 4.593774 0.056991
v -0.66777 4.563538 0.310389
v -0.66363597 4.564391 0.286433
v 0.675755 4.563612 0.310392
v -0.56795 4.784052 0.282803
v 0.619975 4.596596 0.057264
v 0.533232 4.785558 0.100907
v 0.665846 4.585501 0.307653
v -0.628194 4.571714 0.08106
v 0.569663 4.784338 0.256096
v -0.529299 4.765413 0.073882
v 0.415882 4.778737 0.073582
v 0.430398 4.774325 0.296709
v 0.501153 4.516215 0.043313
v 0.421664 4.757098 0.049791
v 0.509788 4.490047 0.04261
v -0.508981 4.492258 0.39668
v -0.514941 4.472094 0.401944
v 0.510595 4.488723 0.067947
v 0.520401 4.472625 0.37588
v 0.521261 4.471215 0.402861
v 0.514368 4.494615 0.396723
v -0.414812 4.75756 0.049933
v -0.407598 4.779353 0.050532
v -0.409216 4.778873 0.074902
v 0.414372 4.779195 0.050385
v 0.438961 4.750636 0.329567
v 0.43214 4.773794 0.323493
v -0.503109 4.490829 0.04259
v -0.495566 4.513613 0.043217
v -0.424031 4.774487 0.297931
v -0.425705 4.77399 0.323121
v -0.51410997 4.47341 0.376716
v -0.432175 4.7521048 0.328836
v -0.503938 4.489516 0.067776
v 0.075004 -1.216076 -4.828714
v 0.131189 -1.249999 -4.900001
v 0.075004 -1.283924 -4.971289
v 0.018819 -1.249999 -4.900001
v 0.021499 -1.240989 -4.905855
v 0.075004 -1.273296 -4.973743
v 0.12851 -1.24099 -4.905855
v 0.075004 -1.208684 -4.837968
v 0.075004 -1.13903 -5.004742
v 0.05535 -1.127163 -4.979806
v 0.094658 -1.127163 -4.979806
v 0.075004 -1.115296 -4.954868
v 0.075004 -1.089185 -5.004479
v 0.075004 -1.203292 -4.983211
v 0.046376 -1.184077 -4.94283
v 0.103632 -1.184077 -4.94283
v 0.075004 -1.16486 -4.902449
v 0.075004 -1.219957 -4.9860578
v 0.115062 -1.19577 -4.935233
v 0.075004 -1.192369 -4.992427
v 0.108106 -1.172383 -4.950428
v 0.075004 -1.171584 -4.884408
v 0.075004 -1.152396 -4.908427
v 0.041902 -1.172382 -4.950427
v 0.034947 -1.19577 -4.935233
v 0.11355 -1.194223 -4.936238
v 0.075004 -1.17132 -4.885115
v 0.108106 -1.172383 -4.950428
v 0.075004 -1.152396 -4.908427
v 0.041902 -1.172382 -4.950427
v 0.036458 -1.194224 -4.936238
v 0.075004 -1.192369 -4.992427
v 0.075004 -1.219303 -4.985947
v 0.437837 -6.767317 -0.174158
v 4.7862 -1.099161 -0.302533
v 0.14839 -6.767318 -0.20987199
v 0.476311 0.999791 -0.08649
v 4.72662 -1.166106 -0.28286
v 0.613093 -6.775777 1.238659
v 4.875259 -1.098421 0.164193
v 0.119444996 -6.775723 1.409748
v 0.476314 1.0500079 0.468469
v 4.815678 -1.165366 0.183865
v 0.953939 0.199989 -0.518132
v 0.953939 0.200026 0.400008
v 0.479094 -6.767318 9.78E-4
v 0.109936 -6.767317 9.76E-4
v 4.950719 -1.190719 -0.076393
v 4.873969 -1.27735 -0.051294
v 0.559571 0.99979 0.226211
v 1.072319 0.199989 -1.0E-5
v 0.949133 -2.158263 7.03E-4
v 0.847018 -2.045088 -0.326872
v 0.130699 -2.045086 -0.393644
v 0.035537 -2.158261 7.03E-4
v 0.130701 -2.158243 0.394786
v 0.847022 -2.158239 0.328012
v 0.89712 -2.450178 -0.007948
v 0.806587 -2.450146 -0.243539
v 0.171401 -2.450149 -0.335733
v 0.087003 -2.450179 -0.007945
v 0.171401 -2.450148 0.387185
v 0.806583 -2.450145 0.294984
v 0.080503 -1.075169 0.494891
v 0.984014 -1.075123 0.411113
v 1.1093 -1.075117 1.37E-4
v 0.080504 -1.075169 -0.49435
v 0.065421 -1.07518 -5.0E-6
v 0.98401797 -1.075124 -0.410576
v 0.796755 -2.790778 -0.058748
v 0.726552 -2.7907429 0.182742
v 0.234045 -2.790746 0.230019
v 0.168617 -2.7907789 -0.05875
v 0.234057 -2.749967 -0.2736
v 0.726557 -2.749963 -0.226326
v 0.921991 2.7998059 9.99E-4
v 0.884406 2.750007 -0.319948
v 0.884418 2.125004 -0.51813
v 1.004075 1.99979 -1.0E-5
v 0.593941 1.863315 1.152741
v 0.884405 2.750007 0.324391
v 0.593931 2.044493 1.152812
v 4.8584538 -1.131778 0.242174
v 4.912343 -1.234035 -0.063844
v 4.743422 -1.13275 -0.360846
v 0.884417 2.54979 -0.449999
v 2.483327 1.375222 -0.060334
v 2.383491 1.323279 -0.250001
v 2.212817 1.15175 -0.346691
v 2.072022 0.981272 -0.236122
v 2.086941 0.928273 0.037704
v 2.212885 1.016561 0.24622
v 2.347328 1.154362 0.290791
v 2.451932 1.29119 0.191189
v 2.598011 1.207891 -0.103006
v 2.512657 1.163338 -0.230806
v 2.366389 1.016542 -0.33194
v 2.245561 0.870897 -0.169186
v 2.258912 0.8249 -0.024696
v 2.335161 0.87217 0.150899
v 2.48145 1.018883 0.177732
v 2.602259 1.164625 0.089283
v 2.787219 1.12538 0.021077
v 2.728682 1.121877 -0.227155
v 2.554624 0.946494 -0.380943
v 2.386665 0.741643 -0.263412
v 2.351564 0.629452 -0.037936
v 2.405714 0.642433 0.181702
v 2.579727 0.817789 0.32708
v 2.7477329 1.022668 0.217959
v 0.428594 2.031643 1.152917
v 0.211887 4.870024 0.116477
v 0.421924 1.858858 1.203804
v 0.532262 -1.075138 0.580674
v 0.488869 -1.949044 0.478322
v 0.488986 -2.531754 0.490269
v 0.444247 1.99979 -0.570961
v 0.240187 1.04979 -0.123789
v 0.488984 -2.450179 -0.391675
v 0.48886 -2.045111 -0.476917
v 0.480299 -2.915453 0.269641
v 0.366275 -6.775717 1.390105
v 0.240187 1.24979 0.629334
v 0.293113 -6.767316 -0.19201499
v 0.294515 -6.767316 9.76E-4
v 0.480297 -2.630523 -0.316953
v 0.532267 -1.075147 -0.599139
v 0.167277 4.870024 -0.281297
v 0.570557 2.4998 -0.570962
v 0.240133 4.870024 -0.083058
v 0.415852 1.724595 1.152961
v 0.564553 1.73408 1.152702
v 0.775229 1.644747 0.080307
v 0.236426 1.644748 -0.431057
v 0.668498 1.644748 -0.383741
v 0.770252 0.49979 0.431508
v 0.34222 0.184775 0.600139
v 0.770253 0.49979 -0.328872
v 0.87171197 0.499791 0.1131
v 0.261609 0.298452 -2.447693
v 3.918592 -0.50537 0.029871
v 3.935548 -0.516282 0.129153
v 4.010302 -0.45207798 0.196133
v 4.085845 -0.365364 0.120034
v 4.106447 -0.305677 0.01646
v 4.086321 -0.286808 -0.109184
v 4.011622 -0.351113 -0.168675
v 3.936023 -0.437726 -0.100065
v 4.242952 -0.371184 -0.016084
v 4.1658278 -0.390835 -0.17596
v 4.161067 -0.635592 0.646411
v 4.061403 -0.494263 -0.200137
v 4.004127 -0.641639 0.039366
v 3.976933 -0.596622 -0.132132
v 4.128616 -0.674913 0.652606
v 4.088503 -0.714642 0.650404
v 4.298008 -0.531775 -0.202707
v 4.395341 -0.53259 -0.029528
v 4.213843 -0.689247 0.646796
v 4.184842 -0.725199 0.653247
v 4.176581 -0.779791 0.02172
v 4.125435 -0.72028 -0.162264
v 4.14755 -0.761658 0.65048
v 4.200925 -0.626693 -0.233086
v 4.29808 -0.622206 0.214366
v 4.085726 -0.474854 0.207326
v 4.1702 -0.372492 0.139325
v 4.373574 -0.528618 0.143547
v 4.200996 -0.717122 0.183989
v 3.9812999 -0.578279 0.183153
v 4.263752 -0.594335 0.452307
v 4.180091 -0.51951 0.45185
v 4.228373 -0.461003 0.447442
v 4.306906 -0.540842 0.447716
v 4.208261 -0.648587 0.450337
v 4.120402 -0.578626 0.450283
v 4.480116 -0.81702 0.193396
v 4.552421 -0.753837 0.250712
v 4.59619 -0.69927 0.183646
v 4.473226 -0.898757 -0.016334
v 4.381145 -0.845491 -0.232309
v 4.497217 -0.727739 -0.24205899
v 4.424906 -0.790923 -0.29938
v 4.620057 -0.743913 -0.027989
v 0.479096 -6.050207 9.77E-4
v 0.437835 -6.050167 -0.111515
v 0.293111 -5.920614 -0.153649
v 0.109938 -6.050207 9.77E-4
v 0.148391 -6.050166 0.129067
v 0.148389 -6.050167 -0.133773
v 0.437834 -6.050163 0.106808
v 0.613097 -6.641258 1.238659
v 0.366283 -6.641202 1.390106
v 0.119448 -6.641203 1.409748
v 0.293111 -6.134312 -0.192016
v 0.148392 -6.263905 -0.209873
v 0.479097 -6.263904 9.77E-4
v 0.437839 -6.263907 -0.174158
v 0.109939 -6.263905 9.77E-4
v 0.437838 -6.263905 0.176115
v 0.437833 -6.742942 0.176116
v 0.293109 -6.742941 0.193972
v 0.148387 -6.742941 0.211828
v 0.148392 -6.263905 0.211828
v 0.459779 -6.515612 -0.219383
v 0.507179 -6.515611 -0.028397
v 0.459779 -6.515611 0.162588
v 0.043922 -6.515612 -0.028399
v 0.12724599 -6.515611 0.201533
v 0.12724599 -6.515612 -0.258329
v 0.293512 -6.51561 -0.238856
v 0.366027 -6.708459 1.464524
v 0.082441 -6.708463 1.485785
v 0.649606 -6.708519 1.311462
v 0.583514 -6.81606 1.099382
v 0.617766 -6.733932 1.128995
v 0.583517 -6.62743 1.099385
v 0.129971 -6.816051 1.1350859
v 0.356746 -6.816047 1.117234
v 0.356742 -6.627426 1.117242
v 0.129972 -6.627424 1.13509
v 0.096696 -6.733923 1.167935
v 0.185252 -3.448688 0.269832
v 0.457529 -3.548229 0.31671
v 0.729804 -3.448691 0.216169
v 0.112909 -3.448724 -0.05603
v 0.807427 -3.448724 -0.056029
v 0.729801 -3.44869 -0.253914
v 0.457528 -3.448725 -0.356534
v 0.185252 -3.448688 -0.307574
v 0.297968 1.451101 0.722059
v 0.640193 1.32227 0.506413
v 0.6674 1.322269 0.153258
v 0.572405 1.322269 -0.235116
v 0.305993 1.3472689 -0.277423
v -0.429684 -6.767317 -0.174158
v -4.778047 -1.099161 -0.302533
v -0.140238 -6.767316 -0.209874
v -0.468161 0.99979 -0.086489
v -4.718469 -1.166106 -0.282859
v -0.604941 -6.775779 1.238659
v -4.867106 -1.09842 0.164193
v -0.11125 -6.775723 1.409748
v -0.468153 1.050009 0.468471
v -4.807526 -1.165365 0.183865
v -0.94579 0.19999 -0.518133
v -0.945775 0.200019 0.400013
v -0.470942 -6.767316 9.76E-4
v -0.101785 -6.767317 9.78E-4
v -4.942567 -1.190719 -0.076393
v -4.865819 -1.27735 -0.051294
v -0.55142 0.999791 0.22621
v -1.064167 0.19999 -1.0E-5
v -0.944469 -2.16423 6.88E-4
v -0.841573 -2.0319319 -0.32941
v -0.119727 -2.0319319 -0.396699
v -0.023832 -2.164229 6.88E-4
v -0.119732 -2.164207 0.397813
v -0.841576 -2.164198 0.33052298
v -0.905365 -2.450182 -0.009204
v -0.811155 -2.450151 -0.25428998
v -0.150355 -2.450147 -0.35021
v -0.062579 -2.450183 -0.009205
v -0.150356 -2.450151 0.401862
v -0.811158 -2.450154 0.305954
v -0.073903 -1.075182 0.498175
v -0.973385 -1.075116 0.413846
v -1.098103 -1.075106 1.49E-4
v -0.073905 -1.075184 -0.497605
v -0.062484 -1.075191 -1.0E-5
v -0.973381 -1.075117 -0.413269
v -0.815261 -2.790777 -0.061326
v -0.740016 -2.790741 0.197505
v -0.21215 -2.790737 0.248173
v -0.142022 -2.790774 -0.061328
v -0.212138 -2.749963 -0.291601
v -0.740004 -2.749969 -0.24093
v -0.913857 2.799807 0.001
v -0.876264 2.750007 -0.319945
v -0.87626 2.125005 -0.518131
v -0.995924 1.99979 -1.0E-5
v -0.565978 1.875438 1.152523
v -0.876266 2.750006 0.324394
v -0.56598 2.035801 1.152587
v -4.850302 -1.131777 0.242173
v -4.904193 -1.234035 -0.063843
v -4.73527 -1.13275 -0.360846
v -0.876264 2.549791 -0.449999
v -2.475177 1.375222 -0.060334
v -2.375329 1.32328 -0.249996
v -2.204668 1.151751 -0.346691
v -2.063871 0.981273 -0.236122
v -2.078791 0.928273 0.037704
v -2.201137 1.002143 0.24605
v -2.339179 1.154362 0.290791
v -2.447257 1.305518 0.191397
v -2.589862 1.207891 -0.103006
v -2.504523 1.163269 -0.230807
v -2.358237 1.016542 -0.33194
v -2.237421 0.870815 -0.169188
v -2.250759 0.824901 -0.024696
v -2.32701 0.87217 0.150898
v -2.473299 1.018882 0.177732
v -2.594106 1.164624 0.089282
v -2.782089 1.126002 0.022086
v -2.722065 1.117119 -0.229731
v -2.545185 0.938653 -0.389437
v -2.37539 0.736515 -0.274635
v -2.340407 0.629396 -0.048359
v -2.395934 0.647098 0.174666
v -2.572731 0.825368 0.325833
v -2.742613 1.027704 0.219572
v -0.419647 2.019423 1.152784
v -0.203726 4.870023 0.116477996
v -0.417334 1.856393 1.203792
v -0.523642 -1.07514 0.584523
v -0.480644 -1.9196709 0.481989
v -0.480768 -2.531756 0.509105
v -0.436095 1.99979 -0.570961
v -0.232036 1.049791 -0.12379
v -0.480769 -2.450184 -0.408407
v -0.480652 -2.031961 -0.480618
v -0.476083 -2.915445 0.290641
v -0.358085 -6.775723 1.390106
v -0.232036 1.249791 0.629334
v -0.284961 -6.767317 -0.192016
v -0.286363 -6.767316 9.78E-4
v -0.476081 -2.630514 -0.338072
v -0.52365 -1.075151 -0.603078
v -0.158984 4.870024 -0.281297
v -0.562425 2.499804 -0.570962
v -0.23197299 4.870024 -0.083058
v -0.408359 1.740094 1.152984
v -0.53997 1.76049 1.152501
v -0.767079 1.644748 0.080307
v -0.228273 1.644747 -0.431056
v -0.660345 1.644748 -0.383741
v -0.7621 0.499791 0.431508
v -0.33406 0.184773 0.600139
v -0.762102 0.499791 -0.328872
v -0.863559 0.49979 0.1131
v -0.118585 0.298447 -2.447688
v -3.910441 -0.505369 0.029871
v -3.927396 -0.516284 0.129162
v -4.002151 -0.452079 0.196133
v -4.077696 -0.365368 0.120047
v -4.098297 -0.305676 0.01646
v -4.078172 -0.286809 -0.109172
v -4.00347 -0.351113 -0.168676
v -3.927871 -0.437725 -0.100056
v -4.234801 -0.371183 -0.016084
v -4.157677 -0.390834 -0.175961
v -4.152914 -0.635592 0.64641
v -4.053251 -0.494264 -0.200136
v -3.995977 -0.641639 0.039366
v -3.968782 -0.596622 -0.132131
v -4.120465 -0.674912 0.652606
v -4.080352 -0.714641 0.650404
v -4.289856 -0.531775 -0.202705
v -4.387188 -0.532589 -0.029528
v -4.205692 -0.689248 0.646796
v -4.176692 -0.725199 0.653248
v -4.16843 -0.779791 0.02172
v -4.117283 -0.720278 -0.162264
v -4.139399 -0.761658 0.65048
v -4.192775 -0.626694 -0.233086
v -4.289928 -0.622206 0.214366
v -4.077574 -0.474854 0.207326
v -4.16205 -0.372492 0.139324
v -4.365424 -0.528617 0.143547
v -4.192845 -0.717122 0.183989
v -3.973149 -0.578279 0.183153
v -4.255601 -0.594336 0.452306
v -4.171939 -0.51951 0.451851
v -4.220222 -0.461003 0.447443
v -4.298754 -0.540842 0.447716
v -4.200111 -0.648587 0.450337
v -4.1122518 -0.578625 0.450283
v -4.471964 -0.817022 0.193396
v -4.544271 -0.753838 0.250713
v -4.588039 -0.699269 0.183644
v -4.465075 -0.898756 -0.016334
v -4.372993 -0.845491 -0.232309
v -4.489065 -0.727738 -0.24206
v -4.416755 -0.790924 -0.29938
v -4.611907 -0.743913 -0.027989
v -0.470944 -6.050207 9.78E-4
v -0.429686 -6.050164 -0.111515
v -0.284961 -5.920613 -0.153649
v -0.101785 -6.050206 9.78E-4
v -0.140241 -6.050164 0.129067
v -0.284964 -6.050207 0.155607
v -0.140239 -6.050164 -0.133773
v -0.429686 -6.050168 0.106808
v -0.604944 -6.641257 1.238659
v -0.358082 -6.641207 1.390108
v -0.111254 -6.641204 1.409748
v -0.284961 -6.134312 -0.19201499
v -0.140241 -6.263905 -0.209873
v -0.470947 -6.263907 9.78E-4
v -0.429687 -6.263907 -0.174159
v -0.101789 -6.263905 9.77E-4
v -0.429687 -6.263905 0.176114
v -0.429682 -6.742941 0.176114
v -0.284959 -6.742942 0.193972
v -0.284964 -6.263907 0.193971
v -0.140237 -6.742942 0.211829
v -0.140241 -6.263907 0.211829
v -0.451626 -6.515612 -0.219382
v -0.499028 -6.515612 -0.028398
v -0.451627 -6.515611 0.162586
v -0.03577 -6.515612 -0.028397
v -0.119094 -6.515611 0.201533
v -0.119094 -6.515611 -0.258329
v -0.285362 -6.515611 -0.238856
v -0.357839 -6.708463 1.464524
v -0.074246 -6.708463 1.485783
v -0.641454 -6.708519 1.311463
v -0.578195 -6.815989 1.099399
v -0.61238 -6.733858 1.129011
v -0.57819897 -6.62735 1.099396
v -0.125537 -6.8159637 1.135096
v -0.351847 -6.815983 1.117251
v -0.351849 -6.627353 1.117255
v -0.125538 -6.627332 1.135099
v -0.09233 -6.733835 1.16794
v -0.159853 -3.448685 0.290849
v -0.451675 -3.548223 0.341097
v -0.743501 -3.448682 0.233333
v -0.082311 -3.448715 -0.058411
v -0.826697 -3.448716 -0.05841
v -0.743503 -3.448685 -0.270504
v -0.451673 -3.448716 -0.380497
v -0.159851 -3.44868 -0.328021
v -0.289817 1.4511 0.72206
v -0.632041 1.322269 0.506413
v -0.65925 1.32227 0.153259
v -0.564252 1.32227 -0.235115
v -0.297842 1.3472689 -0.277423
v 0.342217 0.59979 -0.65080297
v -0.334064 0.599791 -0.65080297
v 0.004079 4.870024 -0.083058
v 0.004079 4.870024 0.144495
v 0.00408 4.870024 -0.309317
v 0.004075 2.151481 -0.550839
v -0.281004 1.85772 1.152896
v -0.281004 1.9761289 1.15281
v 0.004074 2.651481 -0.550838
v 0.0 1.599998 -0.300001
v -0.281001 1.7424589 1.15288
v 0.004075 1.52227 0.783311
v 0.004075 0.848944 -0.45361
v 0.004075 1.47312 -0.246779
v 0.07151 0.108594 -2.324945
v 0.004076 1.149791 -0.16109
v 0.004076 1.399791 0.666633
v 0.071514 0.421288 -2.5269089
v -0.70856 2.909843 -5.4E-5
v 0.004077 2.799998 0.429037
v -0.623278 2.83506 0.376164
v 0.631524 2.83506 0.376151
v 0.716795 2.909841 -6.6E-5
v 0.00408 2.898514 -0.426623
v 0.631522 2.860063 -0.373828
v -0.623264 2.860066 -0.373821
v -0.281271 3.065501 2.82E-4
v 0.004076 3.065502 0.27535298
v -0.247126 3.065502 0.241484
v 0.255277 3.065501 0.241485
v 0.289421 3.065501 2.82E-4
v 0.004075 3.065502 -0.273223
v 0.255277 3.065501 -0.239353
v -0.247127 3.065502 -0.239354
v 0.004082 3.300632 0.248883
v -0.221632 3.300639 0.194798
v -0.252317 3.300631 0.012122
v 0.229801 3.300636 -0.182396
v 0.260479 3.30063 0.012122
v -0.221634 3.300637 -0.182396
v 0.004081 3.224997 -0.223289
v 0.229802 3.300638 0.194798
v -0.209294 3.486502 4.14E-4
v 0.004073 3.486501 0.206099
v -0.183764 3.486502 0.180774
v 0.191911 3.486502 0.180774
v 0.217441 3.486502 4.14E-4
v 0.19191 3.486502 -0.178775
v -0.183762 3.486502 -0.178775
v -0.403782 3.71 -0.099999
v -0.225737 3.515485 0.501275
v 0.004079 3.424999 0.750448
v 0.233906 3.515482 0.501276
v -0.323856 3.799997 -0.276674
v 0.00409 3.694253 -0.397957
v 0.411943 3.709999 -0.1
v 0.332157 3.799998 -0.276674
v -0.677046 4.180097 -0.10099
v -0.595467 4.142436 0.102732
v 0.004093 3.85618 0.69154
v 0.603956 4.142438 0.102724
v 0.685443 4.180093 -0.100996
v 0.004092 4.462102 0.550613
v -0.369142 4.511618 -0.453243
v 0.377446 4.511617 -0.453242
v 0.004083 4.5771728 -0.564247
v -0.233636 3.450722 0.19156499
v 0.004083 3.450927 0.24811
v -0.241898 3.504595 0.389778
v 0.250064 3.504593 0.38979
v 0.333848 3.572032 0.001593
v 0.241815 3.450721 0.19156499
v 0.274147 3.450395 -0.008742
v 0.004083 3.432693 -0.264178
v -0.233666 3.450307 -0.182397
v 0.004084 3.5230489 -0.298958
v -0.279959 3.58684 -0.207866
v 0.28814 3.58684 -0.207866
v 0.241842 3.450306 -0.182396
v -0.325681 3.572032 0.001593
v -0.265979 3.450395 -0.008743
v 0.485704 3.898477 0.134183
v 0.004091 3.630917 0.716659
v 0.625275 4.00732 -0.030356
v -0.477232 3.898477 0.134192
v -0.616898 4.007328 -0.030348
v -0.338457 4.037374 -0.399999
v 0.004082 3.974995 -0.5
v 0.34676298 4.037373 -0.4
v -0.292399 4.7748528 -0.37046
v 0.004079 4.774845 -0.466152
v 0.3007 4.774852 -0.370461
v -0.233671 4.463732 0.518954
v -0.217227 3.859438 0.656643
v -0.129959 3.458926 0.691334
v -0.173591 3.635039 0.684186
v 0.13813 3.458928 0.691333
v 0.181772 3.635037 0.684187
v 0.225414 3.859438 0.656643
v 0.24185699 4.46373 0.518953
v 0.004083 3.515676 0.32390898
v 0.004073 4.590945 0.323822
v 0.006753 4.811964 0.55477
v -0.085092 4.870798 0.503455
v 0.004364 4.902196 0.424074
v 0.092887 4.870699 0.503334
v 0.006356 5.043015 0.593687
v -0.065718 5.088478 0.552463
v 0.00453 5.107297 0.48237
v 0.073961 5.088279 0.552208
v 0.004855 5.308776 0.545197
v -0.244877 4.720507 0.406736
v 0.254108 4.720547 0.406759
v 0.149968 4.8178368 0.236067
v -0.142062 4.817809 0.236045
v -0.127673 4.784999 0.371167
v 0.007658 4.697824 0.445759
v 0.134355 4.783788 0.370129
v 0.004136 4.842364 0.268447
v -1.225231 2.133453 0.393791
v -1.184517 1.829593 0.386956
v -1.258816 2.38226 0.24487899
v 1.192683 1.829594 0.386953
v 1.233399 2.133453 0.393787
v 1.266983 2.382261 0.244875
v 1.356951 2.390922 -0.014003
v 1.201309 2.160441 -0.408619
v 1.167723 1.856758 -0.386129
v 1.242023 2.38199 -0.273776
v 1.262394 1.820211 0.005938
v -1.348785 2.3909209 -0.0139999995
v -1.254228 1.82021 0.005942
v -1.233854 2.38199 -0.27377298
v -1.159555 1.856758 -0.386126
v -1.193144 2.16044 -0.408615
v 0.271945 1.853807 1.152941
v 0.271946 1.724403 1.152906
v -0.527406 2.478392 0.749983
v 0.271945 1.983945 1.152922
v -0.876261 2.075006 0.518113
v -0.876267 2.49979 0.518113
v -0.733953 1.644756 0.544362
v 0.0 1.839999 1.049999
v 0.004075 2.349791 0.799988
v 0.535586 2.478393 0.749982
v 0.884419 2.499789 0.518113
v 0.88442 2.075006 0.518113
v 0.742162 1.644757 0.544361
v -0.786631 1.915558 0.886158
v -0.732371 2.217347 0.927482
v -0.47610798 2.239352 1.019375
v -0.731443 1.699817 0.867411
v -0.139007 2.111642 1.02731
v -0.029999 1.891676 1.060613
v 0.034552 1.893376 1.06
v 0.122756 2.126369 1.032691
v 0.484487 2.260103 1.031756
v 0.766743 2.233235 0.983415
v 0.820996 1.9061869 0.938633
v 0.76119 1.673184 0.912515
v 0.011897 0.30433398 -0.942056
v -0.200183 0.620982 -0.781409
v 0.011903 0.850922 -0.599995
v 0.223985 0.620984 -0.781413
v -0.62588 4.329896 0.124325
v -0.225454 4.161585 0.603177
v 0.004088 4.159142 0.636453
v -0.3538 4.274498 -0.443301
v 0.004082 4.346664 -0.575
v 0.634236 4.329921 0.124319
v 0.671469 4.342825 -0.103428
v -0.663167 4.3428 -0.103424
v 0.233631 4.161584 0.603176
v 0.362104 4.274497 -0.4433
v 0.496577 4.289341 -0.131016
v 0.506889 4.09064 -0.126638
v 0.446746 4.04466 0.240368
v 0.469096 4.273583 0.279272
v 0.359469 3.746777 0.297034
v 0.462482 3.879685 -0.108861
v -0.45433 3.879688 -0.10886
v -0.498724 4.090643 -0.126638
v -0.438513 4.0446568 0.240374
v -0.351248 3.746779 0.297038
v -0.46096098 4.273552 0.279274
v -0.48848 4.289308 -0.131016
v -0.397561 3.783077 0.217585
v -0.496214 4.081308 0.173219
v -0.52159 4.310473 0.203675
v -0.552701 4.326248 -0.117551
v -0.514095 3.916142 -0.039429
v -0.56428 4.127347 -0.11412
v 0.504561 4.08131 0.173212
v 0.405896 3.783075 0.217578
v 0.529827 4.310504 0.20367
v 0.560894 4.326279 -0.117552
v 0.522349 3.916136 -0.039433
v 0.572553 4.127344 -0.114123
v -0.399617 4.759001 0.319804
v 0.408131 4.759439 0.319946
v -0.487871 4.469569 0.400934
v 0.495173 4.469471 0.401032
v 0.48789 4.488174 0.055575
v 0.395983 4.765357 0.059325
v -0.479148 4.488073 0.056024
v -0.386926 4.76444 0.059902
v -0.010666 5.053753 0.58395
v -0.009009 4.822061 0.545962
v 0.021726 5.053305 0.584257
v 0.020096 4.821063 0.546802
v -0.052428 5.092038 0.539202
v -0.007255 5.230206 0.53366
v -0.050083 5.078616 0.561406
v -0.012118 5.197713 0.557391
v 0.059618 5.092208 0.537782
v 0.018387 5.222001 0.533052
v 0.060595 5.07933 0.560409
v 0.021946 5.2032228 0.556381
v 0.078394 4.875856 0.490357
v 0.079683 4.861694 0.511219
v 0.018196 5.103554 0.496116
v 0.019776 4.896712 0.437874
v -0.007476 5.10408 0.494349
v -0.008995 4.8975058 0.435929
v -0.112026 4.774919 0.379791
v -0.069338 4.8607078 0.512256
v -0.115161 4.790443 0.361416
v -0.072455 4.875233 0.492241
v 0.020341 4.835075 0.281101
v -0.009739 4.836325 0.279261
v 0.019955 4.706168 0.43841898
v -0.007426 4.707542 0.43744498
v 0.121515 4.775075 0.377794
v 0.119602 4.790425 0.358608
v 0.007476 4.689536 0.421793
v -0.11997 4.772094 0.351633
v 0.126738 4.771624 0.351047
v 0.004086 4.824801 0.254182
v 0.293119 -6.044789 0.153264
v 0.293462 -6.265892 0.199019
v 0.838975 -2.225762 0.315503
v 0.488896 -2.068739 0.467552
v 0.938779 -2.2257879 7.06E-4
v 0.138802 -2.130897 -0.373612
v 0.045785 -2.225787 7.03E-4
v 0.838971 -2.130893 -0.305342
v 0.488886 -2.130921 -0.450887
v 0.138805 -2.225766 0.383777
v -0.127893 -2.243136 0.386716
v -0.48067 -2.059583 0.471138
v -0.034159 -2.243164 6.88E-4
v -0.480678 -2.132267 -0.454384
v -0.127891 -2.132239 -0.376513
v -0.83346 -2.2431319 0.317916
v -0.934038 -2.243165 6.87E-4
v -0.83346 -2.13224 -0.307712
v -0.783606 -2.243153 0.273254
v -0.790573 -2.164222 0.284075
v -0.480783 -1.919692 0.414078
v -0.480807 -2.059608 0.404765
v -0.17101 -2.164225 0.341829
v -0.178017 -2.243155 0.33230498
v -0.869932 -2.243186 9.74E-4
v -0.878886 -2.16425 9.75E-4
v -0.097564 -2.243189 9.73E-4
v -0.088699 -2.164251 9.75E-4
v -0.171006 -2.031956 -0.340103
v -0.178013 -2.132258 -0.322776
v -0.783604 -2.132261 -0.263728
v -0.790569 -2.031954 -0.282348
v -0.48079 -2.031979 -0.412128
v -0.480811 -2.132289 -0.389614
v -0.803939 -2.243146 0.29147
v -0.811374 -2.164218 0.303018
v -0.480728 -1.919684 0.441778
v -0.480751 -2.059601 0.431835
v -0.150098 -2.16422 0.364662
v -0.157577 -2.243147 0.354498
v -0.896075 -2.243179 8.57E-4
v -0.905634 -2.164246 8.58E-4
v -0.071705 -2.243177 8.57E-4
v -0.062246 -2.164244 8.61E-4
v -0.150094 -2.03195 -0.363186
v -0.157573 -2.132254 -0.344692
v -0.803938 -2.132256 -0.281665
v -0.81137097 -2.031947 -0.301541
v -0.480734 -2.031975 -0.44006
v -0.480758 -2.1322849 -0.416031
v 0.18619 -2.225797 0.332298
v 0.179181 -2.158273 0.341824
v 0.48896798 -1.949074 0.414074
v 0.48899 -2.068773 0.404761
v 0.798743 -2.158273 0.284071
v 0.791781 -2.225798 0.273248
v 0.186189 -2.130926 -0.32278
v 0.179179 -2.045116 -0.340104
v 0.096872 -2.158292 9.71E-4
v 0.105735 -2.225821 9.73E-4
v 0.79177797 -2.130924 -0.263732
v 0.798739 -2.045115 -0.282353
v 0.48895898 -2.045141 -0.412134
v 0.488982 -2.130952 -0.389615
v 0.878104 -2.225823 9.72E-4
v 0.887057 -2.158293 9.71E-4
v 0.172058 -2.2257879 0.347652
v 0.16472399 -2.158261 0.357622
v 0.488939 -1.949064 0.433238
v 0.488961 -2.068765 0.423488
v 0.813143 -2.1582649 0.297177
v 0.805855 -2.225787 0.285853
v 0.172055 -2.13092 -0.337938
v 0.164721 -2.045107 -0.35607
v 0.078581996 -2.158284 8.92E-4
v 0.087857 -2.225813 8.93E-4
v 0.805853 -2.130914 -0.276137
v 0.813136 -2.045106 -0.295631
v 0.48893 -2.045132 -0.431452
v 0.488953 -2.130944 -0.407889
v 0.896199 -2.225812 8.93E-4
v 0.90557 -2.158284 8.92E-4
v -0.480811 -2.0935209 0.402507
v -0.781919 -2.262286 0.270631
v -0.179714 -2.262289 0.329993
v -0.781915 -2.156575 -0.259216
v -0.480817 -2.156606 -0.384157
v -0.099712 -2.262318 9.73E-4
v -0.179711 -2.156574 -0.318578
v -0.86776 -2.262318 9.77E-4
v 0.188448 -2.247563 0.32923
v 0.488999 -2.107356 0.401757
v 0.789535 -2.247561 0.269761
v 0.188448 -2.158586 -0.31719398
v 0.488988 -2.158613 -0.382357
v 0.789533 -2.158583 -0.257726
v 0.875218 -2.24759 9.71E-4
v 0.108591 -2.24759 9.71E-4
v -0.795419 -2.111219 0.287223
v -0.482234 -1.874094 0.418677
v -0.169065 -2.111228 0.345623
v -0.884602 -2.111248 9.46E-4
v -0.087905 -2.1112509 9.45E-4
v -0.169061 -1.9829609 -0.343946
v -0.795416 -1.982959 -0.285546
v -0.482239 -1.982984 -0.416788
v 0.489977 -1.921968 0.417268
v 0.17773099 -2.126765 0.344462
v 0.80221 -2.126765 0.28626
v 0.891155 -2.126785 9.52E-4
v 0.802205 -2.015989 -0.284573
v 0.489966 -2.016014 -0.415368
v 0.096211 -2.126785 9.54E-4
v 0.177729 -2.0159929 -0.342776
v -0.396315 -4.430982 0.270961
v -0.632433 -4.366552 0.185289
v -0.160202 -4.366547 0.229775
v -0.396317 -4.320862 -0.297005
v -0.160201 -4.366545 -0.256555
v -0.632435 -4.36655 -0.212064
v -0.699749 -4.366586 -0.038073
v -0.097467996 -4.366585 -0.038075
v 0.405882 -4.429082 0.250565
v 0.18558 -4.366557 0.212858
v 0.626175 -4.366562 0.171348
v 0.405879 -4.320873 -0.278638
v 0.626176 -4.366558 -0.19939
v 0.688981 -4.366595 -0.037055
v 0.185578 -4.366558 -0.240898
v 0.127048 -4.366597 -0.037053
v -0.521379 -5.284321 0.137251
v -0.340965 -5.31365 0.200838
v -0.160551 -5.284316 0.168716
v -0.340963 -5.192915 -0.21352799
v -0.160552 -5.284314 -0.185102
v -0.572811 -5.284359 -0.017739
v -0.521379 -5.28432 -0.153634
v -0.112616 -5.284356 -0.017742
v 0.185908 -5.281815 0.156038
v 0.354381 -5.307425 0.184606
v 0.141148 -5.281856 -0.018132
v 0.570873 -5.281854 -0.018133
v 0.522842 -5.281815 -0.145023
v 0.522841 -5.2818108 0.126645
v 0.354374 -5.190534 -0.200966
v 0.185911 -5.281814 -0.174414
v -0.476497 -3.020506 0.324929
v -0.766632 -2.887941 0.220959
v -0.480893 -2.810369 0.326991
v -0.760832 -2.69471 0.215769
v -0.45869198 -3.447668 0.361733
v -0.769293 -3.3531 0.248328
v -0.447643 -3.649455 0.36171
v -0.756891 -3.547742 0.248353
v -0.387935 -4.530589 0.286066
v -0.636995 -4.464695 0.196487
v -0.401431 -4.331436 0.303163
v -0.662654 -4.26846 0.207587
v 0.484657 -3.02027 0.32490999
v 0.195732 -2.884964 0.276593
v 0.489043 -2.811032 0.32692
v 0.209105 -2.694659 0.273631
v 0.455819 -3.648886 0.361646
v 0.14735 -3.54513 0.30917
v 0.466841 -3.447784 0.361744
v 0.155316 -3.35549 0.30956998
v 0.396115 -4.528076 0.285179
v 0.147731 -4.462449 0.243219
v 0.409558 -4.330128 0.302395
v 0.147651 -4.270703 0.257004
v -0.542511 -5.1873 0.155614
v -0.341489 -5.216045 0.22722
v -0.517131 -5.381403 0.144635
v -0.328256 -5.411323 0.210456
v 0.148032 -5.186325 0.191175
v 0.349786 -5.210308 0.225842
v 0.148112 -5.377346 0.177441
v 0.336594 -5.404588 0.208945
v -0.849226 -2.888879 -0.063979
v -0.840659 -2.694956 -0.046037998
v -0.637132 -4.463653 -0.220659
v -0.388047 -4.417626 -0.309116
v -0.662518 -4.269502 -0.234016
v -0.401317 -4.224153 -0.329129
v -0.570986 -5.380828 -0.015046
v -0.599812 -5.18795 -0.019664
v -0.139504 -4.272295 -0.283342
v -0.139582 -4.460858 -0.267479
v -0.12659 -2.694424 -0.045936
v -0.201292 -2.688455 0.27386498
v -0.110289 -2.888753 -0.063979
v -0.186948 -2.892364 0.277111
v -0.759944 -2.651257 -0.22842
v -0.480907 -2.537281 -0.316594
v -0.766629 -2.854615 -0.26331
v -0.477513 -2.734777 -0.369332
v -0.757312 -3.5445359 -0.28389
v -0.448013 -3.543338 -0.399551
v -0.769322 -3.352403 -0.286078
v -0.457607 -3.352361 -0.403935
v 0.350477 -5.084251 -0.240161
v 0.148027 -5.177583 -0.207182
v 0.335893 -5.296862 -0.218169
v 0.148113 -5.386089 -0.189641
v 0.14735 -3.544456 -0.344574
v 0.456209 -3.542704 -0.399616
v 0.155056 -3.35296 -0.347238
v 0.465753 -3.352569 -0.403947
v 0.081612 -4.4625 -0.037031
v 0.147732 -4.464577 -0.267166
v 0.07819 -4.270728 -0.041621
v 0.14765 -4.268575 -0.283656
v 0.777415 -3.347974 0.248025
v 0.764759 -3.549905 0.248228
v 0.072764 -3.354532 -0.06175
v 0.065236 -3.5446389 -0.059003
v 0.848761 -2.694258 -0.045904
v 0.768652 -2.688569 0.215801
v 0.857368 -2.888373 -0.063981
v 0.774817 -2.894194 0.221326
v 0.66994697 -4.274992 -0.233638
v 0.744614 -4.273616 -0.041552
v 0.645997 -4.458163 -0.221037
v 0.716816 -4.459611 -0.037099
v 0.09794 -5.377742 -0.01512
v 0.094519 -5.186009 -0.01971
v 0.526126 -5.374926 -0.157969
v 0.55047 -5.188749 -0.170777
v -0.139883 -5.186585 0.191156
v -0.086421 -5.188995 -0.019638
v -0.139963 -5.382116 0.177097
v -0.089825 -5.379786 -0.015071
v 0.866095 -3.352937 -0.061758
v 0.854002 -3.5417 -0.059074
v -0.070048 -4.2712398 -0.041609
v -0.139502 -4.2672358 0.257253
v -0.073451 -4.461988 -0.037042
v -0.139584 -4.46592 0.242969
v 0.777474 -3.35305 -0.286109
v 0.765903 -3.541138 -0.284124
v -0.736977 -4.27017 -0.041635
v -0.708149 -4.463057 -0.037017
v -0.139883 -5.187187 -0.206374
v -0.139963 -5.381512 -0.190026
v 0.1186 -2.887112 -0.063987
v 0.19527599 -2.855768 -0.319239
v 0.134669 -2.695461 -0.046135
v 0.210134 -2.649025 -0.286212
v 0.396216 -4.417377 -0.309141
v 0.409453 -4.224401 -0.329103
v -0.057076 -3.544102 -0.059017
v -0.139204 -3.549222 0.308876
v -0.06483 -3.352321 -0.061761
v -0.147697 -3.34935 0.309139
v 0.525566 -5.379207 0.144757
v 0.580017 -5.374941 -0.015187
v 0.55103 -5.184462 0.155773
v 0.607835 -5.188809 -0.019642
v -0.342127 -5.087135 -0.239864
v -0.543057 -5.183124 -0.171163
v -0.327613 -5.298757 -0.21797399
v -0.516585 -5.385576 -0.157235
v -0.857948 -3.35323 -0.061757
v -0.845329 -3.545185 -0.058991
v -0.18751 -2.850803 -0.318955
v -0.201784 -2.651877 -0.286973
v 0.489057 -2.536759 -0.316332
v 0.485646 -2.735337 -0.369364
v 0.774764 -2.848987 -0.263058
v 0.768232 -2.653163 -0.22901
v -0.139202 -3.543221 -0.34467798
v -0.14695 -3.352411 -0.347207
v 0.644952 -4.46617 0.196402
v 0.670996 -4.266985 0.207668
v -0.759568 -2.862145 0.214734
v -0.476415 -2.999741 0.318152
v -0.758585 -2.705079 0.213796
v -0.479925 -2.831511 0.319677
v -0.657707 -4.284517 0.203937
v -0.400457 -4.350377 0.297035
v -0.636058 -4.444514 0.194184
v -0.389422 -4.512921 0.283386
v -0.457524 -3.464416 0.358295
v -0.766139 -3.36479 0.246494
v -0.448374 -3.631101 0.357973
v -0.753756 -3.524541 0.244835
v -0.330497 -5.394095 0.208759
v -0.517909 -5.363627 0.143283
v -0.341395 -5.233413 0.222526
v -0.539018 -5.203336 0.152579
v 0.340079 -5.385547 0.204175
v 0.158492 -5.35111 0.171563
v 0.350726 -5.230174 0.217407
v 0.154656 -5.203022 0.18503
v 0.15415 -4.287127 0.249439
v 0.408682 -4.3537 0.290049
v 0.159088 -4.433676 0.234108
v 0.398108 -4.507877 0.278117
v 0.483603 -2.994905 0.311534
v 0.760847 -2.864249 0.21015699
v 0.486769 -2.838188 0.312024
v 0.76088 -2.707433 0.209698
v 0.767292 -3.36939 0.241252
v 0.46477 -3.47012 0.351729
v 0.75624 -3.525239 0.24041499
v 0.4562 -3.626444 0.351627
v -0.115898 -2.8714309 -0.063511
v -0.192349 -2.870582 0.270908
v -0.129625 -2.713371 -0.048963
v -0.203032 -2.704851 0.269747
v -0.539039 -5.201883 -0.167914
v -0.341925 -5.105518 -0.235287
v -0.51729 -5.370686 -0.156705
v -0.329584 -5.283129 -0.217317
v -0.836443 -2.710859 -0.048576
v -0.841716 -2.867187 -0.063392
v -0.38933 -4.402616 -0.307237
v -0.636398 -4.448469 -0.21931499
v -0.400284 -4.244131 -0.322492
v -0.656323 -4.28949 -0.229495
v 0.525105 -5.362729 0.141694
v 0.578759 -5.362133 -0.0155919995
v 0.545265 -5.204372 0.149817
v 0.599417 -5.21 -0.019298
v 0.641227 -4.446413 0.191433
v 0.712793 -4.446165 -0.037093
v 0.660618 -4.290041 0.199259
v 0.728486 -4.30057 -0.040249
v -0.144926 -5.21089 -0.201183
v -0.092079 -5.209591 -0.019228
v -0.141899 -5.372374 -0.189563
v -0.093497 -5.364412 -0.015501
v 0.094082996 -4.436177 -0.037036
v 0.088445 -4.290849 -0.040663
v -0.706604 -4.445304 -0.037212
v -0.729972 -4.288313 -0.040965
v -0.852587 -3.369612 -0.061182998
v -0.764409 -3.370723 -0.283115
v -0.841552 -3.525631 -0.058873
v -0.75488 -3.527651 -0.281532
v -0.57129997 -5.364232 -0.015509
v -0.595129 -5.204672 -0.01933
v 0.159003 -3.366968 0.304676
v 0.159444 -3.514355 0.296617
v 0.643701 -4.44755 -0.21853
v 0.39786398 -4.400915 -0.30393898
v 0.656486 -4.303151 -0.223106
v 0.408518 -4.249624 -0.31590798
v 0.833161 -2.72321 -0.049757
v 0.756556 -2.680283 -0.228258
v 0.843703 -2.86637 -0.062802
v 0.766853 -2.832736 -0.25703
v -0.448572 -3.528882 -0.39664
v -0.142339 -3.528861 -0.342149
v -0.456374 -3.37239 -0.399064
v -0.149698 -3.372925 -0.343118
v 0.456448 -3.525662 -0.391803
v 0.156288 -3.521873 -0.335849
v 0.463428 -3.379752 -0.390544
v 0.161914 -3.374701 -0.338229
v 0.151855 -5.3757668 -0.188133
v 0.338525 -5.281719 -0.215719
v 0.157942 -5.204862 -0.198606
v 0.351239 -5.10504 -0.232495
v 0.212324 -2.70706 0.268003
v 0.208012 -2.854766 0.261665
v -0.143618 -5.204249 0.187101
v -0.143768 -5.364041 0.175548
v 0.543684 -5.211607 -0.164451
v 0.525799 -5.365661 -0.15668
v 0.762361 -3.3833709 -0.275902
v 0.847548 -3.383217 -0.059947
v 0.759875 -3.525701 -0.279079
v 0.845629 -3.524986 -0.058526
v -0.756717 -2.667231 -0.230445
v -0.762041 -2.836584 -0.259455
v 0.132097 -2.861117 -0.062574
v 0.140585 -2.712074 -0.048334
v 0.154931 -4.445933 -0.26217
v 0.157431 -4.293843 -0.272629
v -0.480521 -2.544745 -0.318314
v -0.477234 -2.714478 -0.363246
v 0.109505 -5.35208 -0.015926
v 0.104015 -5.205528 -0.019388
v -0.19131 -2.835246 -0.314735
v -0.203726 -2.6702769 -0.287841
v -0.061179 -3.528595 -0.058918
v -0.068389 -3.371945 -0.061079
v 0.214232 -2.666313 -0.28405198
v 0.4887 -2.540585 -0.316359
v 0.203847 -2.832382 -0.309152
v 0.484339 -2.709728 -0.356558
v -0.142317 -4.448343 -0.266029
v -0.144442 -4.294783 -0.276951
v 0.078662 -3.517626 -0.058166
v 0.079896 -3.371267 -0.060734
v -0.149554 -3.364528 0.306345
v -0.143322 -3.529174 0.305281
v -0.077334 -4.446563 -0.037209
v -0.076084 -4.292227 -0.040831
v -0.143208 -4.285014 0.252334
v -0.143564 -4.446732 0.240422
v -0.045669 -0.310671 -3.872392
v 0.071523 -0.24547 -3.9346359
v 0.07152 -0.411345 -3.775938
v 0.188711 -0.310666 -3.872392
v -0.030744 -1.247108 -4.917634
v 0.071563 -1.190429 -4.972247
v 0.071562 -1.334584 -4.832971
v 0.17387 -1.247103 -4.917634
v 0.071569 -2.122447 -5.792647
v 0.017409 -2.077653 -5.839159
v 0.125728 -2.077653 -5.839159
v 0.071569 -2.048574 -5.869103
v 0.004075 -2.09E-4 -1.0E-5
v 0.42804 1.553774 1.016951
v -0.420749 1.559757 1.012242
v 0.005103 1.595809 0.998977
v -0.006598 -0.18191 -1.4E-5
v -0.015635 -0.310827 0.595918
v 0.014059 -0.175147 -9.0E-6
v 0.02343 -0.305844 0.595221
v 0.020335 -0.080235 -0.834214
v -0.012503 -0.085268 -0.835758
v 0.004081 0.227112 -0.85385
v 0.004082 0.041777 0.644246
v 5.93E-4 -0.149252 0.608807
v 0.004912 0.052238 -0.856893
v -0.311266 -0.053878 0.57646
v 0.314052 -0.054814 0.57704
v 0.32274 0.083351 -0.812074
v -0.313458 0.083099 -0.81229
v -0.314595 -2.042026 -5.689387
v 0.461415 -2.042026 -5.689387
v -0.314595 -1.944698 -5.775457
v 0.461415 -1.944699 -5.775458
v -0.294615 -1.997839 -5.737485
v 0.441144 -1.997839 -5.737486
v -0.142042 -1.990606 -5.614804
v 0.272133 -1.990606 -5.614804
v -0.142042 -1.893278 -5.700874
v 0.272134 -1.893278 -5.700874
v 0.073413 -2.050565 -5.699042
v 0.073412 -1.953236 -5.785113
v -0.131012 -1.949509 -5.666395
v 0.26168 -1.949509 -5.666395
v 0.073267 -2.005935 -5.746639
v 0.073267 -2.593678 -6.411253
v 0.105509 -2.539769 -6.358441
v 0.104397 -1.943888 -5.771979
v 0.041077 -2.539819 -6.358489
v 0.042734 -1.9447 -5.773119
v 0.043317 -1.997662 -5.734874
v 0.102487996 -1.997184 -5.734196
v 0.042294 -2.041905 -5.686875
v 0.041065 -2.547877 -6.351322
v 0.104109 -2.041303 -5.68603
v 0.105464 -2.547917 -6.351374
v 0.060282 -2.572646 -6.387471
v 0.086089 -2.57291 -6.38777
v 0.041186 -2.500992 -6.320297
v 0.073276 -2.551895 -6.370404
v -0.303337 -1.941343 -5.770592
v -0.303337 -2.038672 -5.684521
v -0.283941 -1.994685 -5.732847
v 0.449066 -1.941343 -5.770592
v 0.42943498 -1.994685 -5.732846
v 0.449066 -2.038672 -5.684521
v 0.105376 -2.514865 -6.3079658
v 0.073276 -2.558244 -6.364789
v 0.041145 -2.514867 -6.307973
v 0.105437 -2.500892 -6.32018
v 0.004071 4.869918 -0.194245
v -2.721938 1.121443 -0.007532
v -2.664335 1.1099 -0.209857
v -2.781377 1.072387 0.016705
v -2.727674 1.0716 -0.203124
v -2.512012 0.954435 -0.340418
v -2.367688 0.778131 -0.224921
v -2.573219 0.917021 -0.339208
v -2.425441 0.735047 -0.234709
v -2.59777 0.800026 0.288189
v -2.747296 0.980474 0.191041
v -2.556353 0.853278 0.272953
v -2.698022 1.035691 0.173439
v -2.345794 0.686623 -0.034041
v -2.397019 0.633187 -0.034842
v -2.444584 0.644448 0.159439
v -2.40151 0.700141 0.158547
v -2.388517 0.632618 -0.036872
v -2.442724 0.64455 0.16002099
v -2.344769 0.675733 -0.036765
v -2.400608 0.691561 0.161154
v -2.781458 1.078481 0.017317
v -2.746795 0.985521 0.19409
v -2.7335489 1.122323 -0.001815
v -2.708768 1.033766 0.184557
v -2.726994 1.077123 -0.206352
v -2.566316 0.922348 -0.351576
v -2.674185 1.111131 -0.213247
v -2.516933 0.952094 -0.34769
v -2.412738 0.73542 -0.244842
v -2.369439 0.768671 -0.236221
v -2.596951 0.800854 0.289419
v -2.5603719 0.846429 0.285929
v 2.679558 1.107549 -0.208934
v 2.736197 1.117445 -0.003117
v 2.73202 1.075424 -0.203395
v 2.785098 1.077022 0.016706
v 2.709692 1.031321 0.176287
v 2.751258 0.984709 0.191257
v 2.411893 0.694984 0.158771
v 2.35766 0.681217 -0.034406
v 2.448264 0.647949 0.159525
v 2.399913 0.637141 -0.035067
v 2.380927 0.77452 -0.227105
v 2.525529 0.952269 -0.340714
v 2.429039 0.7386 -0.235123
v 2.577895 0.920103 -0.339623
v 2.566474 0.84935 0.275211
v 2.602094 0.803436 0.288439
v 2.731198 1.086865 -0.209247
v 2.785485 1.085846 0.017504
v 2.693168 1.111519 -0.213983
v 2.749346 1.11949 0.003118
v 2.718442 1.029331 0.185872
v 2.750846 0.989143 0.194377
v 2.409863 0.677712 0.166307
v 2.35617 0.668563 -0.035269
v 2.43956 0.64682 0.164061
v 2.389319 0.635457 -0.035696
v 2.381843 0.76927197 -0.23290099
v 2.529533 0.951474 -0.346251
v 2.421158 0.739166 -0.240383
v 2.572524 0.926195 -0.349161
v 2.57062 0.839476 0.291439
v 2.5993469 0.805199 0.293184
v -2.7655349 0.962022 0.190067
v -2.617024 0.782859 0.28692698
v -2.464913 0.628535 0.159024
v -2.592828 0.899635 -0.33686998
v -2.44604 0.718968 -0.232863
v -2.799432 1.053495 0.016702
v -2.7461889 1.052976 -0.201835
v -2.417768 0.617577 -0.033955
v 2.759936 0.975931 0.190795
v 2.61125 0.795273 0.287839
v 2.79369 1.068032 0.016704
v 2.740826 1.066567 -0.202782
v 2.438837 0.730952 -0.234244
v 2.409788 0.629712 -0.034645
v 2.457934 0.640379 0.159327
v 2.587217 0.911838 -0.338512
v -3.88754 -0.48508298 0.129976
v -3.870785 -0.475536 0.028175
v -3.800938 -0.417294 0.131744
v -3.780347 -0.407499 0.024308
v -3.800557 -0.338347 -0.111467
v -3.886667 -0.405563 -0.10375
v -4.041628 -0.328879 0.121972
v -3.963123 -0.417283 0.198691
v -3.964545 -0.250903 0.126085
v -3.883661 -0.346436 0.2039
v -3.985307 -0.18744 0.016480999
v -4.063577 -0.269345 0.016466
v -3.883905 -0.2451 -0.182932
v -3.963815 -0.171782 -0.117128
v -3.962615 -0.314888 -0.173546
v -4.041054 -0.249473 -0.111755
v 3.914953 -0.384844 0.269941
v 3.80643 -0.480195 0.17352
v 4.024045 -0.258696 0.164912
v 3.780579 -0.467402 0.030279
v 3.805268 -0.372662 -0.152184
v 4.053173 -0.174842 0.018087
v 4.022884 -0.151157 -0.160791
v 3.9144 -0.246621 -0.248427
v 3.950553 -0.150245 -0.118628
v 3.868466 -0.224184 -0.185744
v 4.038756 -0.238965 -0.112493
v 3.960694 -0.305958 -0.174748
v 3.784986 -0.319829 -0.113602
v 3.765673 -0.390327 0.023333
v 3.88306 -0.396384 -0.104811996
v 3.865928 -0.465751 0.02762
v 3.973409 -0.166461 0.016485
v 4.060615 -0.257717 0.016469
v 3.951835 -0.229799 0.127186
v 4.039191 -0.318169 0.122524
v 3.960969 -0.408094 0.199367
v 3.8690069 -0.326105 0.205395
v 3.785814 -0.399073 0.132211
v 3.883948 -0.475891 0.130207
v 3.876266 -0.335384 0.215592
v 3.9563699 -0.23161499 0.129556
v 3.959503 -0.407353 0.20161399
v 4.039191 -0.318169 0.122524
v 3.868466 -0.224184 -0.185744
v 3.956134 -0.150316 -0.121882
v 3.950772 -0.293242 -0.190539
v 4.03587 -0.222997 -0.121275
v 3.872852 -0.476507 0.136406
v 3.855369 -0.465956 0.027949
v 3.788512 -0.409687 0.137616
v 3.765673 -0.390327 0.023333
v 4.060422 -0.255563 0.016511
v 3.977595 -0.16690099 0.016569
v 3.784986 -0.319829 -0.113602
v 3.87306 -0.393334 -0.110901
v 2.557063 0.868115 0.264422
v 2.6978 1.046077 0.166657
v 2.720901 1.127456 -0.014173
v 2.661084 1.113723 -0.211355
v 2.507913 0.959383 -0.339743
v 2.34673 0.697121 -0.033332
v 2.365944 0.785188 -0.220694
v 2.403401 0.714596 0.1579
v -2.547441 0.871047 0.262735
v -2.68687 1.049526 0.164408
v -2.393516 0.718601 0.157726
v -2.335598 0.70146 -0.033038
v -2.707766 1.13072 -0.017777
v -2.647187 1.115626 -0.212105
v -2.353711 0.788076 -0.218941
v -2.495512 0.9611 -0.339508
v -4.054319 -0.197895 0.025155
v -4.024498 -0.268025 0.146085
v -3.922411 -0.382824 0.228554
v -4.027298 -0.185243 -0.126177
v -3.79575 -0.471886 0.02022
v -3.81925 -0.476631 0.141375
v -3.822076 -0.39388 -0.130883
v -3.924332 -0.278867 -0.205691
v -3.80288 -0.344338 -0.113562
v -3.886014 -0.246861 -0.184119
v -3.871106 -0.402748 -0.110287
v -3.9562259 -0.308876 -0.178911
v -3.851671 -0.474606 0.026149
v -3.782727 -0.417447 0.023677
v -4.038382 -0.237001 -0.114555
v -4.06158 -0.253925 0.018342
v -3.971316 -0.173373 -0.118198
v -3.999679 -0.189617 0.018287
v -3.876963 -0.483775 0.131741
v -3.803862 -0.42677 0.133283
v -3.959538 -0.414249 0.20131999
v -3.888671 -0.351141 0.207087
v -4.038897 -0.31918 0.125815
v -3.976365 -0.254278 0.130028
v 0.025004 0.668785 -0.90533
v 0.093782 0.65 -1.0
v 0.025004 0.631215 -1.0946699
v -0.043773 0.65 -1.0
v -0.040493 0.662013 -1.004316
v 0.025004 0.644123 -1.094472
v 0.090502 0.662013 -1.004317
v 0.025004 0.679902 -0.914161
v 0.025004 0.807205 -1.0919679
v 9.45E-4 0.813776 -1.058852
v 0.049063 0.813776 -1.058852
v 0.025004 0.820348 -1.025735
v 0.025004 0.864413 -1.077047
v 0.025004 0.727254 -1.08521
v -0.01004 0.737894 -1.031584
v 0.060048 0.737894 -1.031584
v 0.025004 0.748536 -0.977958
v 0.025004 0.70891 -1.093477
v 0.07404 0.722303 -1.025981
v 0.025004 0.742419 -1.092963
v 0.065525 0.753486 -1.037187
v 0.025004 0.735696 -0.958485
v 0.025004 0.764554 -0.981411
v -0.015516 0.753486 -1.037187
v -0.024031 0.722304 -1.025981
v 0.072189 0.724366 -1.026723
v 0.025004 0.736199 -0.959249
v 0.065525 0.753486 -1.037187
v 0.025004 0.764554 -0.981411
v -0.015516 0.753486 -1.037187
v -0.02218 0.724366 -1.026723
v 0.025004 0.742419 -1.092963
v 0.025004 0.709629 -1.093153
v 0.050004 0.442469 -1.910349
v 0.115135 0.424999 -2.0
v 0.050004 0.40753 -2.08965
v -0.015126 0.424999 -2.0
v -0.01202 0.436171 -2.004087
v 0.050004 0.419535 -2.089463
v 0.112029 0.436171 -2.004088
v 0.050004 0.452807 -1.918713
v 0.050004 0.571192 -2.087092
v 0.02722 0.577302 -2.055731
v 0.072787 0.577303 -2.055731
v 0.050004 0.583414 -2.02437
v 0.050004 0.624391 -2.072962
v 0.050004 0.496841 -2.080692
v 0.016818 0.506737 -2.029909
v 0.083191 0.506737 -2.029909
v 0.050004 0.516632 -1.979127
v 0.050004 0.479783 -2.088521
v 0.09644 0.492238 -2.024604
v 0.050004 0.510944 -2.088034
v 0.088377 0.521236 -2.035215
v 0.050004 0.504693 -1.960687
v 0.050004 0.531528 -1.982397
v 0.011631 0.521236 -2.035215
v 0.003568 0.492238 -2.024604
v 0.094687 0.494156 -2.025306
v 0.050004 0.505161 -1.96141
v 0.088377 0.521236 -2.035215
v 0.050004 0.531528 -1.982397
v 0.011631 0.521236 -2.035215
v 0.005321 0.494156 -2.025306
v 0.050004 0.510944 -2.088034
v 0.050004 0.480451 -2.088214
v 0.075004 0.117603 -2.916789
v 0.135456 0.1 -2.999999
v 0.075004 0.082397 -3.083209
v 0.014551 0.1 -2.999999
v 0.017435 0.111257 -3.003794
v 0.075004 0.094493 -3.083035
v 0.132573 0.111257 -3.003793
v 0.075004 0.12802 -2.924552
v 0.075004 0.247313 -3.080834
v 0.053857 0.253471 -3.051727
v 0.096151 0.253471 -3.051727
v 0.075004 0.259629 -3.022619
v 0.075004 0.300921 -3.06772
v 0.075004 0.172393 -3.074895
v 0.044202 0.182364 -3.027761
v 0.105806 0.182364 -3.027761
v 0.075004 0.192335 -2.980626
v 0.075004 0.155203 -3.082161
v 0.118104 0.167754 -3.022836
v 0.075004 0.186603 -3.081708
v 0.11062 0.196974 -3.032685
v 0.075004 0.180304 -2.96351
v 0.075004 0.207345 -2.983661
v 0.039388 0.196974 -3.032684
v 0.031904 0.167754 -3.022835
v 0.116477 0.169686 -3.023487
v 0.075004 0.180775 -2.964182
v 0.11062 0.196974 -3.032685
v 0.075004 0.207345 -2.983661
v 0.039388 0.196974 -3.032684
v 0.033531 0.169686 -3.023487
v 0.075004 0.186603 -3.081708
v 0.075004 0.155877 -3.081876
v 0.07771 -0.367379 -3.869954
v 0.135849 -0.410022 -3.947973
v 0.072298 -0.43262 -4.030047
v 0.014159 -0.389977 -3.952028
v 0.018791 -0.381132 -3.957768
v 0.074158 -0.421741 -4.032066
v 0.134677 -0.40022 -3.953907
v 0.079311 -0.359611 -3.879609
v 0.097646 -0.284301 -4.057581
v 0.077309 -0.269384 -4.03029
v 0.119877 -0.276396 -4.028871
v 0.099539 -0.261479 -4.001579
v 0.105886 -0.233591 -4.054185
v 0.086131 -0.350261 -4.038051
v 0.056661 -0.326677 -3.993742
v 0.118666 -0.336889 -3.991675
v 0.089196 -0.313306 -3.947367
v 0.083489 -0.367141 -4.042203
v 0.128798 -0.351029 -3.983687
v 0.088315 -0.338901 -4.047444
v 0.125756 -0.325587 -3.99909
v 0.087347 -0.320627 -3.928064
v 0.091503 -0.300464 -3.953125
v 0.054062 -0.313778 -4.001479
v 0.042038 -0.336739 -3.986579
v 0.127457 -0.349158 -3.984744
v 0.087419 -0.32034 -3.92882
v 0.125756 -0.325587 -3.99909
v 0.091503 -0.300464 -3.953125
v 0.054062 -0.313778 -4.001479
v 0.043972 -0.335408 -3.987526
v 0.088315 -0.338901 -4.047444
v 0.083593 -0.36648 -4.042039
# 1580 vertices

vn -0.0786 0.64 -0.7642
vn -0.0106 0.8743 0.4851
vn 0.7136 0.57559997 0.39909998
vn 0.996 0.0537 -0.0709
vn -0.019199999 -0.6313 -0.7752
vn -0.7339 -0.3715 -0.5685
vn -0.9654 0.1705 -0.1972
vn -0.7283 0.6299 0.2697
vn 0.70739996 -0.49899998 -0.5004
vn 0.0106 0.8743 0.4851
vn 0.7283 0.6299 0.2697
vn 0.9654 0.1705 -0.1972
vn 0.0787 0.64 -0.7642
vn -0.996 0.0537 -0.0709
vn -0.7136 0.57559997 0.39909998
vn -0.70739996 -0.49899998 -0.5004
vn 0.019199999 -0.6313 -0.7752
vn 0.73399997 -0.3715 -0.5685
vn 0.6842 0.6579 0.3143
vn -0.0165 0.8397 0.5427
vn 0.6777 -0.4294 -0.59679997
vn 0.9658 0.1629 -0.2012
vn 0.0252 -0.68189996 -0.7309
vn -0.678 -0.4298 -0.5961
vn -0.6777 -0.4294 -0.59679997
vn 0.72499996 -0.5341 -0.43469998
vn 0.7188 0.5265 0.45389998
vn 0.99979997 -0.0058 0.0138
vn -0.0251 -0.68189996 -0.7309
vn 0.6781 -0.4298 -0.5961
vn -0.9658 0.1629 -0.2012
vn -0.6839 0.65849996 0.31379998
vn -0.6842 0.6579 0.3143
vn 0.0166 0.8397 0.5427
vn 0.71889997 0.52669996 0.4533
vn 0.6839 0.65849996 0.31379998
vn -0.7187 0.5265 0.454
vn -0.99979997 -0.0058 0.0138
vn 0.7248 -0.5347 -0.43429998
vn -0.72499996 -0.5341 -0.43469998
vn -0.7248 -0.5347 -0.43429998
vn -0.71889997 0.5268 0.4533
vn -0.0019999999 -0.7456 -0.6663
vn 0.5848 -0.2911 -0.75699997
vn 0.0030999999 0.7854 0.6188
vn 0.5767 0.3427 0.74149996
vn -0.5809 0.3446 0.7373
vn -0.5766 0.3427 0.7416
vn 0.86109996 -0.319 0.3958
vn 0.592 -0.7819 -0.1952
vn -0.5915 -0.2951 -0.7502
vn -0.58489996 -0.2911 -0.75689995
vn 0.5809 0.34469998 0.7373
vn 0.0021 -0.7456 -0.6663
vn -0.5904 -0.7831 -0.19479999
vn -0.5919 -0.7819 -0.1952
vn -0.8285 0.3685 -0.42139998
vn -0.564 0.8092 0.1644
vn 0.8285 0.3689 -0.42119998
vn 0.5916 -0.2949 -0.7502
vn -0.56079996 0.8118 0.1625
vn 0.5905 -0.7831 -0.19479999
vn 0.5607 0.8118 0.1626
vn -0.861 -0.31919998 0.3958
vn -0.0028 0.7855 0.61869997
vn 0.564 0.8092 0.1643
vn -0.39859998 0.2905 0.8698
vn -0.3698 0.2812 0.88549995
vn 0.2753 0.95919997 0.0637
vn 0.2714 0.9604 0.062299997
vn 0.4903 -0.8663 -0.0949
vn 0.5097 -0.8549 -0.096
vn 0.2065 -0.6576 -0.7244
vn -0.2068 -0.0607 -0.97639996
vn -0.3385 0.69 -0.6396
vn 0.052899998 0.7841 0.6182
vn 0.3696 0.2811 0.88549995
vn 0.3376 0.6906 -0.63949996
vn -0.2067 -0.65749997 -0.7244
vn 0.23369999 -0.070099995 -0.9697
vn -0.49019998 -0.8663 -0.095
vn -0.6809 -0.44189999 0.58379996
vn 0.6807 -0.4418 0.5841
vn -0.053099997 0.78429997 0.618
vn -0.2338 -0.0704 -0.9697
vn -0.2722 0.96019995 0.0624
vn 0.3981 0.2908 0.8699
vn -0.5097 -0.8549 -0.096
vn -0.2758 0.959 0.0639
vn 0.2065 -0.0603 -0.9765
vn -0.30859998 0.9504 0.0376
vn -0.3268 0.9442 0.0385
vn -0.1282 0.0053999997 -0.9917
vn -0.1986 -0.0213 -0.9798
vn 0.062299997 -0.68299997 -0.7277
vn -0.1135 0.2694 0.95629996
vn -0.36789998 -0.56979996 0.7348
vn 0.3081 -0.94839996 -0.0742
vn 0.28849998 -0.9547 -0.0717
vn 0.3482 -0.5764 0.7391
vn 0.101399995 0.267 0.9583
vn 0.2872 0.68579996 -0.66859996
vn 0.116799995 0.009099999 -0.9931
vn 0.31739998 0.9474 0.0382
vn -0.30159998 0.681 -0.66719997
vn 0.035 0.24689999 0.9683
vn -0.1883 0.74829996 0.63589996
vn -0.0813 -0.6774 -0.731
vn 0.1865 -0.016999999 -0.9823
vn 0.2994 0.9533 0.0372
vn 0.1759 0.75159997 0.6356
vn -0.3008 -0.95089996 -0.072
vn -0.0458 0.24929999 0.9673
vn -0.3218 -0.9438 -0.0743
vn -0.26819998 -0.7443 -0.61149997
vn -0.45659998 0.6385 0.61939996
vn -0.0506 -0.64739996 0.7604
vn 0.6375 0.4955 -0.58989996
vn 0.2368 -0.7438 -0.625
vn 0.43559998 0.6498 0.6228
vn -0.6576 0.4809 -0.5798
vn 0.0099 -0.6439 0.765
vn -0.93539995 -0.3234 0.1428
vn 0.0 -0.85179996 -0.5237
vn 0.9353 -0.3234 0.1428
vn 0.0 0.055299997 0.9984
vn 0.0 -0.22489999 -0.97429997
vn -0.96999997 0.2146 -0.1136
vn 0.96999997 0.2146 -0.1136
vn 0.0 0.7813 0.62409997
vn -0.94629997 0.2857 -0.1505
vn 0.0 0.88519996 -0.4651
vn 0.0 -0.107599996 -0.9941
vn 0.94629997 0.2857 -0.1505
vn 0.0 0.8386 0.5446
vn 0.0 0.070199996 -0.9975
vn -0.8973 0.39159998 -0.20349999
vn -0.96999997 0.2146 -0.1136
vn 0.0 -0.22489999 -0.97429997
vn 0.8973 0.3915 -0.2033
vn 0.96999997 0.2146 -0.1136
vn 0.0 0.9058 0.4236
vn 0.0 0.7813 0.62409997
vn 0.8084 0.52309996 -0.2695
vn 0.0 0.2959 -0.9551
vn 0.97959995 -0.1774 0.093399994
vn 0.0 -0.75509995 -0.6554
vn 0.0 0.96739995 0.2529
vn 0.0 0.27109998 0.9625
vn -0.97959995 -0.1775 0.093399994
vn -0.80829996 0.5232 -0.2697
vn 0.97789997 0.18599999 -0.0947
vn 0.0 0.7539 0.6569
vn -0.97789997 0.18599999 -0.0947
vn 0.0 -0.24599999 -0.96919996
vn 0.95379996 0.2986 0.0299
vn 0.69189996 0.1539 0.7053
vn 0.99549997 -0.0946 0.0011999999
vn 0.7107 -0.087799996 0.6979
vn -0.9977 -0.0676 -0.0037999998
vn -0.0945 -0.47619998 -0.8742
vn -0.5796 -0.21849999 -0.78499997
vn -0.6071 -0.7847 -0.1244
vn -0.1616 -0.41689998 0.8944
vn -0.574 -0.119399995 0.81
vn 0.7414 -0.1282 -0.65849996
vn 0.7463 0.2731 -0.60679996
vn 0.99759996 -0.0579 -0.0357
vn 0.9406 -0.331 -0.0749
vn 0.7355 -0.4071 0.5414
vn 0.7908 -0.0976 0.6041
vn -0.7114 -0.40739998 0.5725
vn -0.9982 -0.0556 -0.021699999
vn -0.96209997 -0.268 -0.0495
vn -0.75909996 -0.1012 0.643
vn 0.70589995 -0.1105 -0.69949996
vn 0.62189996 -0.265 -0.73679996
vn -0.588 -0.2918 -0.7543
vn -0.66069996 -0.13949999 -0.7374
vn 0.70489997 0.2613 -0.65929997
vn 0.2699 -0.43699998 -0.85789996
vn 0.726 -0.6782 -0.1134
vn 0.9697 0.15699999 -0.18689999
vn -0.1815 -0.98069996 0.071899995
vn -0.3994 -0.8267 -0.39609998
vn -0.25689998 -0.7703 0.5836
vn 0.576 -0.34829998 0.73939997
vn 0.8957 0.29479998 0.33269998
vn 0.1042 -0.0598 -0.9927
vn 0.51919997 0.46449998 -0.7173
vn -0.0166 -0.074 -0.9971
vn 0.4576 0.5272 -0.7158
vn 0.72859997 0.6749 -0.116
vn 0.6694 0.7348 -0.1085
vn -0.45909998 -0.6821 -0.569
vn -0.5025 -0.655 -0.5642
vn -0.6681 -0.7349 0.1158
vn -0.5956 -0.79139996 0.1372
vn -0.2436 -0.6138 0.75079995
vn -0.42409998 -0.4743 0.77129996
vn 0.34129998 -0.0391 0.93909997
vn 0.1081 0.0458 0.993
vn 0.5449 0.56049997 0.6235
vn 0.6699 0.4673 0.5768
vn 0.114 0.7198 0.6846
vn 0.2636 0.7721 0.57809997
vn -0.0186 0.639 0.7689
vn 0.0 0.6113 0.7913
vn 0.581 0.4123 0.70159996
vn 0.55039996 0.6832 0.4797
vn -0.0297 0.3453 0.93799996
vn 0.3355 0.24139999 0.9105
vn 0.45299998 -0.0753 0.8883
vn -0.012499999 -0.0222 0.9996
vn -0.304 0.0132 0.9525
vn -0.2649 0.28579998 0.9208
vn 0.5177 -0.6295 -0.5793
vn 0.6601 -0.7496 0.0471
vn 0.0762 -0.7687 -0.635
vn 0.0033999998 -0.99799997 0.0629
vn -0.6261 -0.7784 0.0429
vn -0.4067 -0.6809 -0.6089
vn 0.118599996 -0.1761 -0.97709996
vn 0.109 -0.24479999 -0.96339995
vn 0.0694 -0.088599995 0.99359995
vn 0.1493 -0.0705 0.9862
vn 0.1501 0.24859999 -0.9568
vn 0.53249997 0.64989996 -0.5421
vn 0.2909 0.7348 -0.6125
vn 0.35959998 0.2445 -0.9004
vn 0.0 0.2386 -0.9711
vn 0.0 0.57199997 -0.82019997
vn 0.0916 -0.1751 -0.9802
vn 0.21319999 -0.0029 -0.9769
vn 0.2825 0.9587 -0.0299
vn 0.0 1.0 0.0
vn 0.2595 0.93329996 -0.248
vn 0.0 1.0 0.0
vn 0.0 0.95669997 -0.2909
vn 0.4157 0.90929997 0.0158
vn 0.57629997 0.8172 -9.999999E-4
vn 0.1015 -0.1328 0.9859
vn 0.0858 -0.48119998 0.87229997
vn 0.0 0.9618 0.27359998
vn 0.1628 0.9594 0.22989999
vn -2.9999999E-4 -0.99969995 0.023699999
vn -0.64 -0.7635 0.0859
vn 0.6544 -0.75509995 0.0379
vn 7.0E-4 -0.1692 -0.9855
vn 0.0208 -0.1724 -0.9848
vn 0.24759999 -0.44 -0.8631
vn 0.428 -0.4091 0.80579996
vn 0.067099996 -0.4707 0.8796
vn -0.23099999 -0.3302 0.9151
vn 0.914 -0.40129998 -0.0583
vn 0.79649997 -0.4533 0.39999998
vn 0.8005 -0.5719 0.1787
vn 0.1901 -0.9805 -0.0488
vn -0.0808 -0.41259998 -0.9072
vn 0.5753 -0.487 -0.657
vn 0.0018999999 -0.4136 -0.9104
vn 0.6913 0.2829 0.6647
vn 0.2224 -0.2302 0.94729996
vn 0.7515 -0.078 0.655
vn 0.2678 -0.0169 0.9633
vn -1.0E-4 -0.1048 0.99439996
vn 0.0 -0.28669998 0.958
vn 0.8436 0.536 0.031
vn 0.99719995 0.073699996 0.0039
vn 0.75659996 0.1373 -0.63909996
vn 0.6611 0.5925 -0.46019998
vn 0.5305 0.489 -0.69229996
vn 0.2122 0.1884 -0.95879996
vn 0.007999999 0.8803 -0.47419998
vn 0.0 0.23789999 -0.9712
vn 0.0056 -0.0026 -0.9999
vn 0.5736 0.8189 -0.015999999
vn 0.4992 0.6493 -0.5736
vn 0.58559996 0.7952 0.1568
vn 0.3692 0.60539997 -0.705
vn 0.2214 0.8799 0.42029998
vn 0.35549998 0.6714 0.6501
vn -0.1304 0.0773 -0.9884
vn -0.264 0.0931 -0.95989996
vn -0.7653 -0.641 0.057
vn -0.7606 -0.6385 -0.116799995
vn -0.745 -0.4114 -0.52489996
vn -0.65599996 -0.4389 -0.6138
vn -0.1287 0.1642 0.97789997
vn -0.5098 0.5466 0.66429996
vn -0.6658 -0.5178 0.537
vn -0.7863 -0.3739 0.4917
vn 0.39859998 0.5578 -0.72789997
vn 0.6669 0.7317 -0.1401
vn 0.7561 0.5703 0.3207
vn -0.41079998 0.4164 0.811
vn -0.040799998 0.5424 0.839
vn 0.6723 -1.0E-4 0.74009997
vn 0.581 -0.4865 0.6523
vn -0.49359998 -0.8599 0.1296
vn -0.54719996 -0.6525 -0.5241
vn -0.83529997 -0.0219 0.5493
vn 0.0929 -0.9759 0.19739999
vn -0.20639999 -0.0036 -0.9784
vn -0.22559999 -0.839 0.4949
vn -0.0628 0.87479997 0.4802
vn 0.9558 0.0336 0.292
vn 0.7461 -0.6656 0.011399999
vn 0.5435 -0.3718 0.7525
vn -0.6787 0.65139997 0.3389
vn 0.0998 -0.9899 -0.1002
vn -0.9824 -0.0687 0.1732
vn 0.0762 0.1061 0.9914
vn -0.4515 -0.6263 0.6354
vn 0.65169996 0.65999997 0.3735
vn -0.6002 -0.701 -0.385
vn -0.5388 -0.8289 0.14999999
vn -0.18429999 -0.0133 -0.9827
vn 0.5045 0.58169997 -0.6379
vn 0.7206 0.6712 -0.1733
vn 0.072299995 0.6717 0.73719996
vn 0.8168 0.3735 0.43949997
vn 0.0874 0.093499996 0.9917
vn 0.6982 0.016999999 0.71559995
vn -0.7729 0.4105 0.4838
vn -0.66069996 0.0733 0.747
vn -0.6437 0.197 -0.73939997
vn -0.6799 0.053299997 -0.7312
vn 0.097899996 0.19489999 -0.9759
vn 0.075899996 0.0703 -0.9946
vn 0.9971 0.0757 0.0018
vn 0.99859995 -0.0517 -0.0015
vn 0.7126 0.15269999 -0.6847
vn 0.7078 4.0E-4 -0.70629996
vn -0.9938 0.1109 0.0016999999
vn -0.9999 0.0109 -0.0011
vn 0.6771 -0.0109 -0.73579997
vn 0.9999 -8.0E-4 0.0018999999
vn 0.9989 -0.0053 0.0464
vn -0.9916 -0.0061 0.12879999
vn -0.9999 -0.0016 0.0033999998
vn -0.56729996 -0.011 -0.8233
vn 0.1192 -0.0175 -0.9927
vn -0.7973 -0.037699997 0.6022
vn -0.3408 -0.87759995 0.33679998
vn 0.1222 -0.9008 0.4166
vn 0.2951 0.0 0.9554
vn 0.110999994 0.9238 0.3663
vn -0.37219998 0.8828 0.2864
vn 0.5185 -0.81369996 0.2626
vn 0.94369996 -0.0357 0.3286
vn 0.5354 0.8229 0.19
vn 0.988 -0.029399998 -0.1512
vn 0.61259997 -0.7884 -0.054899998
vn 0.64449996 0.7635 0.0407
vn 0.0157 -0.9989 0.043899998
vn -0.5882 -0.8086 0.007999999
vn -0.608 0.7838 0.126
vn 0.0245 0.9766 0.21339999
vn -0.9995 -0.0262 -0.0174
vn 0.0945 -0.1836 0.9784
vn -0.6946 -0.1803 0.69629997
vn -0.60319996 0.33789998 0.7224
vn 0.0964 0.26369998 0.9597
vn 0.657 0.2949 0.69369996
vn 0.726 -0.2366 0.64559996
vn -0.95949996 0.281 -0.0179
vn -0.9878 -0.1522 -0.030399999
vn 0.67609996 -0.2497 -0.6931
vn 0.7129 0.2826 -0.64169997
vn 0.95919997 0.2817 -0.0233
vn 0.9641 -0.26139998 -0.045399997
vn 0.0818 0.271 -0.959
vn 0.0866 -0.2024 -0.9754
vn -0.6817 0.30069998 -0.6669
vn -0.66029996 -0.1971 -0.72459996
vn 0.74219996 -0.49179998 0.4551
vn 0.1771 -0.69119996 0.7005
vn 0.21229999 -0.8434 0.49339998
vn -0.003 -0.7723 0.6351
vn -0.0030999999 -0.53139997 0.847
vn 0.9305 -0.3633 -0.0444
vn 0.5845 -0.4768 -0.65639997
vn -0.0709 -0.4308 -0.89959997
vn 0.0011 -0.41439998 -0.90999997
vn -0.95409995 0.2977 0.0298
vn -0.7105 -0.089499995 0.6979
vn -0.99539995 -0.095699996 0.0
vn -0.6924 0.1545 0.7046
vn 0.7539 -0.64879996 -0.1029
vn 0.99759996 -0.067999996 -0.0044
vn 0.5798 -0.22049999 -0.78429997
vn 0.2527 -0.4594 -0.85139996
vn 0.2902 -0.40449998 0.86719996
vn 0.574 -0.12 0.8099
vn -0.7416 -0.13059999 -0.6579
vn -0.7467 0.2731 -0.6064
vn -0.74799997 -0.34309998 0.56799996
vn -0.99799997 -0.0512 -0.0352
vn -0.9661 -0.24839999 -0.069299996
vn -0.79539996 -0.0888 0.5994
vn 0.7665 -0.0955 0.635
vn 0.9763 -0.21239999 -0.0396
vn 0.7194 -0.3533 0.5979
vn 0.9985 -0.051 -0.019
vn -0.7055 -0.1245 -0.6976
vn -0.662 -0.1871 -0.72569996
vn 0.66139996 -0.1497 -0.7348
vn 0.6256 -0.22469999 -0.747
vn -0.9697 0.15699999 -0.18689999
vn -0.70489997 0.2613 -0.65929997
vn -0.2699 -0.43699998 -0.85789996
vn -0.726 -0.6782 -0.1134
vn 0.1815 -0.98069996 0.072
vn 0.3994 -0.8267 -0.39609998
vn 0.25689998 -0.7703 0.5836
vn -0.576 -0.34829998 0.73939997
vn -0.8957 0.29479998 0.33269998
vn 0.016999999 -0.0752 -0.997
vn -0.45729998 0.5254 -0.71739995
vn -0.51919997 0.46449998 -0.7173
vn -0.1042 -0.059699997 -0.9927
vn -0.7298 0.6713 -0.12889999
vn -0.6737 0.7292 -0.118999995
vn 0.4592 -0.6821 -0.569
vn 0.5028 -0.6561 -0.56259996
vn 0.5938 -0.79499996 0.1235
vn 0.6642 -0.7395 0.109
vn 0.4186 -0.4836 0.7686
vn 0.23959999 -0.6256 0.7423
vn -0.34329998 -0.042799998 0.9382
vn -0.114599995 0.044099998 0.9924
vn -0.677 0.4653 0.5701
vn -0.55399996 0.5577 0.618
vn -0.2636 0.7721 0.57809997
vn -0.1398 0.68729997 0.7127
vn -0.55039996 0.6832 0.4797
vn -0.5798 0.38279998 0.71919996
vn -0.4062 0.2845 0.86829996
vn 0.0084999995 -0.0296 0.9995
vn -0.519 -0.0748 0.85139996
vn 0.0128999995 0.3845 0.923
vn 0.2685 0.3208 0.90819997
vn 0.3042 0.0221 0.95229995
vn -0.6601 -0.7496 0.0471
vn -0.0033999998 -0.99799997 0.0629
vn -0.5177 -0.6295 -0.5793
vn -0.0762 -0.7687 -0.635
vn 0.6261 -0.7784 0.0429
vn 0.4067 -0.6809 -0.6089
vn -0.113699995 -0.1847 -0.97609997
vn -0.1195 -0.1951 -0.9734
vn -0.069699995 -0.0906 0.9934
vn -0.14999999 -0.0676 0.9863
vn -0.1501 0.24859999 -0.9568
vn -0.35959998 0.2445 -0.9004
vn -0.53249997 0.64989996 -0.5421
vn -0.2909 0.7349 -0.6125
vn -0.2139 2.9999999E-4 -0.97679996
vn -0.0914 -0.1783 -0.97969997
vn -0.2607 0.93299997 -0.24769999
vn -0.2847 0.95809996 -0.03
vn -0.5762 0.8172 -9.999999E-4
vn -0.4156 0.90929997 0.0158
vn -0.0843 -0.4191 0.904
vn -0.0989 -0.1345 0.9859
vn -0.1645 0.95909995 0.22999999
vn 2.9999999E-4 -0.99969995 0.023799999
vn 0.63989997 -0.76339996 0.0872
vn -0.6544 -0.75509995 0.037
vn -0.02 -0.1727 -0.98469996
vn -0.24759999 -0.43989998 -0.8631
vn -0.1063 -0.47079998 0.8757
vn -0.5082 -0.4062 0.7593
vn 0.2251 -0.3283 0.9173
vn -0.19 -0.9805 -0.0488
vn -0.8092 -0.5463 0.21589999
vn -0.7755 -0.44709998 0.4456
vn -0.914 -0.4012 -0.058199998
vn -0.5753 -0.487 -0.657
vn 0.0828 -0.41169998 -0.90749997
vn -0.2224 -0.2302 0.94729996
vn -0.69119996 0.2835 0.66459996
vn -0.7515 -0.078 0.655
vn -0.2676 -0.016099999 0.9633
vn -0.6611 0.5924 -0.4603
vn -0.75659996 0.1373 -0.63909996
vn -0.99719995 0.073699996 0.0039
vn -0.8436 0.5359 0.031
vn -0.2122 0.1884 -0.95879996
vn -0.51159996 0.4933 -0.70339996
vn -0.5736 0.8189 -0.015999999
vn -0.49929997 0.6495 -0.5733
vn -0.58559996 0.7952 0.1572
vn -0.3692 0.60539997 -0.705
vn -0.2214 0.87979996 0.42029998
vn -0.3556 0.6716 0.64989996
vn 0.2641 0.0931 -0.95989996
vn 0.13059999 0.0771 -0.9884
vn 0.745 -0.4114 -0.52489996
vn 0.7653 -0.641 0.057
vn 0.6561 -0.43899998 -0.61359996
vn 0.7606 -0.63839996 -0.117199995
vn 0.1287 0.1644 0.97789997
vn 0.5097 0.54649997 0.66429996
vn 0.666 -0.518 0.5366
vn 0.7863 -0.3739 0.4917
vn -0.6669 0.7317 -0.1401
vn -0.39859998 0.5578 -0.72789997
vn -0.7561 0.5703 0.3207
vn 0.41079998 0.4164 0.811
vn -0.581 -0.4865 0.65239996
vn 0.0409 0.5424 0.839
vn -0.6723 -1.0E-4 0.74009997
vn 0.54719996 -0.6525 -0.5241
vn 0.49359998 -0.8599 0.1296
vn -0.0929 -0.9759 0.19739999
vn 0.83529997 -0.0219 0.5493
vn 0.20639999 -0.0036 -0.9784
vn 0.22559999 -0.839 0.4949
vn -0.9558 0.0336 0.292
vn 0.0628 0.87479997 0.4802
vn -0.7461 -0.6656 0.011399999
vn -0.5435 -0.3718 0.7525
vn 0.6787 0.65139997 0.3389
vn 0.9824 -0.0687 0.1732
vn -0.0998 -0.9899 -0.1002
vn -0.0762 0.1061 0.9914
vn 0.4515 -0.6263 0.6354
vn -0.65169996 0.65999997 0.3735
vn 0.6002 -0.701 -0.385
vn 0.5388 -0.8289 0.14999999
vn -0.5045 0.58169997 -0.6379
vn 0.18429999 -0.0133 -0.9827
vn -0.7206 0.6712 -0.1733
vn -0.072799996 0.66719997 0.7412
vn -0.8165 0.3718 0.44149998
vn -0.0875 0.0881 0.99219996
vn -0.69839996 0.0138 0.7155
vn 0.6609 0.0704 0.7471
vn 0.77169997 0.40879998 0.487
vn -0.097899996 0.19489999 -0.9759
vn -0.0758 0.0703 -0.9946
vn 0.6437 0.197 -0.73939997
vn 0.6799 0.053299997 -0.7312
vn -0.99859995 -0.0517 -0.0014
vn -0.9971 0.0757 0.0018
vn -0.70769995 4.0E-4 -0.7064
vn -0.7126 0.15269999 -0.6847
vn 0.9999 0.011 -0.0011
vn 0.9938 0.1109 0.0016999999
vn -0.677 -0.0109 -0.73579997
vn -0.9999 -8.0E-4 0.0018999999
vn -0.9989 -0.0053 0.044999998
vn 0.9999 -0.0016 0.0033999998
vn 0.9913 -0.0061 0.1308
vn 0.56729996 -0.011 -0.8233
vn -0.1192 -0.0175 -0.9927
vn 0.8037 -0.037499998 0.5937
vn -0.1222 -0.9007 0.41669998
vn -0.2951 0.0 0.9554
vn 0.34379998 -0.87799996 0.3329
vn 0.3744 0.8831 0.2826
vn -0.110999994 0.9237 0.36659998
vn -0.515 -0.8139 0.2688
vn -0.9396 -0.036199998 0.3403
vn -0.53319997 0.8229 0.196
vn -0.9891 -0.0299 -0.14389999
vn -0.6106 -0.79029995 -0.049599998
vn -0.643 0.76449996 0.044999998
vn 0.5902 -0.8071 0.0052
vn -0.0158 -0.9989 0.044099998
vn -0.024699999 0.9766 0.2135
vn 0.6096 0.7829 0.1237
vn 0.99939996 -0.025899999 -0.021699999
vn 0.69269997 -0.051799998 0.7193
vn -0.092099994 0.18779999 0.97779995
vn -0.093899995 -0.0705 0.993
vn 0.63699996 0.2382 0.733
vn -0.73179996 -0.122099996 0.67039996
vn -0.689 0.1977 0.6972
vn 0.99869996 -0.039899997 -0.0295
vn 0.9791 0.2022 -0.0208
vn -0.7132 0.1768 -0.6781
vn -0.69369996 -0.1317 -0.708
vn -0.98789996 -0.1469 -0.049399998
vn -0.98359996 0.17539999 -0.04
vn -0.0884 -0.092199996 -0.99179995
vn -0.0858 0.1795 -0.97999996
vn 0.6714 -0.0716 -0.73759997
vn 0.6813 0.21679999 -0.699
vn -0.7421 -0.4897 0.45749998
vn -0.17999999 -0.68689996 0.704
vn -0.2653 -0.81399995 0.5166
vn -0.9305 -0.3633 -0.0444
vn 0.072 -0.4297 -0.9
vn -0.5845 -0.4768 -0.65639997
vn -0.50769997 0.53819996 0.6727
vn 0.0 0.35889998 0.93329996
vn -0.79859996 0.6016 0.011899999
vn 0.79859996 0.6016 0.011899999
vn 0.50769997 0.53819996 0.6727
vn 0.489 0.616 -0.6174
vn 0.0 0.48439997 -0.87479997
vn -0.489 0.616 -0.6174
vn 0.0 0.084199995 0.9964
vn -0.7237 0.0663 0.68689996
vn 0.0 -0.5545 0.8321
vn -0.6825 -0.4845 0.5471
vn -0.99969995 0.0235 -4.9999997E-4
vn -0.964 -0.26459998 -0.0223
vn 0.7241 0.0576 -0.6872
vn 0.99969995 0.0234 -4.9999997E-4
vn 0.964 -0.26459998 -0.0223
vn 0.7237 -0.2609 -0.63879997
vn -0.7241 0.057699997 -0.6872
vn -0.7237 -0.2609 -0.63879997
vn 0.0 0.0771 -0.997
vn 0.0 -0.2243 -0.9745
vn 0.7237 0.0663 0.6868
vn 0.6825 -0.4845 0.5471
vn -0.82229996 -0.546 0.1599
vn -0.90889996 -0.38689998 -0.1551
vn -0.89419997 -0.43949997 -0.084199995
vn -0.54649997 -0.8221 0.1592
vn -0.6604 -0.42139998 -0.6214
vn 0.0 -0.3834 -0.9235
vn 0.0 -0.42479998 -0.9052
vn -0.625 -0.4032 -0.6683
vn 0.89419997 -0.43949997 -0.084199995
vn 0.90889996 -0.38689998 -0.1549
vn 0.54649997 -0.8221 0.1592
vn 0.8222 -0.54609996 0.1599
vn 0.62509996 -0.4033 -0.6681
vn 0.6604 -0.4215 -0.6213
vn -0.5588 0.6627 -0.49839997
vn -0.98039997 0.122999996 -0.15359999
vn -0.70879996 0.6971 -0.1072
vn -0.71739995 0.2311 -0.657
vn 0.7172 0.2304 -0.6576
vn 0.0 0.64849997 -0.7611
vn 0.0 0.2061 -0.97849995
vn 0.5578 0.663 -0.4991
vn 0.9805 0.1219 -0.1538
vn 0.70669997 0.69909996 -0.10789999
vn 0.0 -0.9996 0.0263
vn 0.891 -0.3601 0.2762
vn 0.82799995 -0.4276 -0.36249998
vn 0.85999995 -0.2802 -0.4263
vn 0.82699996 -0.1854 0.5306
vn 0.8249 -0.5494 -0.1326
vn 0.83 -0.3913 0.3971
vn 0.6936 -0.2428 -0.6782
vn 0.69799995 -0.1575 -0.69839996
vn -0.8282 -0.4274 -0.36229998
vn -0.8911 -0.3599 0.27609998
vn -0.83019996 -0.3909 0.3972
vn -0.8601 -0.28039998 -0.42589998
vn -0.8271 -0.1856 0.53029996
vn -0.8253 -0.54899997 -0.1319
vn 0.0 -0.3039 -0.9526
vn -0.69339997 -0.2428 -0.67829996
vn -0.6981 -0.1576 -0.6983
vn -0.2488 0.83889997 0.48389998
vn 0.24569999 0.83949995 0.4845
vn 0.0 0.3838 0.9234
vn 0.0063 0.0343 0.9993
vn -0.2782 0.2985 0.9129
vn 0.0 0.0875 0.99609995
vn -0.6386 -0.049599998 0.7679
vn -0.5263 -0.76309997 0.3748
vn 0.0 -0.7647 0.64419997
vn -0.5866 0.020399999 0.8095
vn -0.85529995 -0.1373 0.49949998
vn 0.0 0.13759999 0.99039996
vn 0.5263 -0.76309997 0.3748
vn 0.6385 -0.049599998 0.7679
vn 0.5866 0.020399999 0.8096
vn 0.85499996 -0.1371 0.5
vn 0.2786 0.2978 0.913
vn -0.6173 -0.3444 0.7072
vn -0.48889998 0.0116 0.87219995
vn -0.6171 -0.3435 0.7078
vn -0.4885 0.0122 0.8724
vn 0.71379995 0.20619999 -0.6692
vn 0.7136 0.2021 -0.67069995
vn 0.67789996 0.5153 -0.5241
vn 0.67789996 0.5144 -0.525
vn 0.641 -0.3301 0.6928
vn 0.513 0.0155 0.85819995
vn 0.5126 0.0162 0.8584
vn 0.64129996 -0.331 0.6921
vn -0.7107 0.20879999 -0.6717
vn -0.71029997 0.20459999 -0.67329997
vn -0.67289996 0.5196 -0.5263
vn -0.67289996 0.51989996 -0.52599996
vn -0.4113 0.16129999 0.89699996
vn 0.72139996 0.205 -0.66139996
vn -0.71819997 0.20809999 -0.66389996
vn 0.4337 0.16409999 0.88589996
vn -0.699 0.156 0.6978
vn -0.17639999 0.55 0.81619996
vn -0.6642 0.671 0.3292
vn 0.17559999 0.5513 0.81549996
vn 0.66899997 0.6716 0.3182
vn 0.6993 0.1548 0.6978
vn 0.0775 0.91279995 0.40089998
vn 0.0016 0.98999995 -0.1406
vn -0.078499995 0.91359997 0.3988
vn -0.6433 -0.6461 0.4105
vn -0.64309996 -0.64779997 0.4082
vn 0.6658 -0.6356 0.39069998
vn 0.66639996 -0.6311 0.39679998
vn 0.62839997 0.6339 -0.45069999
vn 0.629 0.6325 -0.4518
vn -0.6227 0.6387 -0.4518
vn -0.6235 0.6365 -0.4538
vn -0.36139998 0.1741 0.9159
vn 0.3301 -0.5963 0.7316
vn -0.6195 0.5829 0.5256
vn 0.36409998 0.1759 0.9145
vn -0.3263 -0.5944 0.7349
vn 0.6198 0.581 0.52739996
vn 0.69009995 0.72279996 -0.0352
vn -0.4184 -0.6001 -0.6816
vn 0.2962 0.1475 -0.9436
vn 0.5823 0.5557 -0.5933
vn -0.6592 -0.7507 0.0422
vn -0.689 0.72349995 -0.0411
vn 0.6605 -0.74979997 0.0369
vn -0.5823 0.5557 -0.5933
vn 0.4184 -0.6001 -0.6816
vn -0.2962 0.1475 -0.9436
vn -0.016999999 0.0852 0.99619997
vn 0.3669 0.072299995 0.9274
vn 0.3466 0.4737 0.8095
vn -0.047199998 0.654 0.7549
vn -0.90029997 -0.111099996 0.42069998
vn -0.6361 0.3895 0.666
vn -0.72499996 -0.5676 0.39
vn 0.0030999999 0.6594 0.7517
vn -0.3804 0.45769998 0.80359995
vn -0.396 0.0519 0.9167
vn 0.5959 0.4046 0.6936
vn 0.8922 -0.1201 0.43519998
vn 0.67689997 -0.62479997 0.38889998
vn 0.0098 -0.89059997 -0.4545
vn -0.9199 0.2277 -0.3191
vn -0.0026999998 -0.96739995 0.2529
vn -0.9928 0.0863 -0.083
vn 0.012 0.97529995 -0.22039999
vn 0.0033 0.9468 -0.3216
vn 0.9468 0.20729999 -0.24589999
vn 0.99509996 0.086799994 -0.0462
vn -0.82989997 0.14389999 0.53889996
vn -0.4946 0.0823 0.86509997
vn 0.0 0.22199999 0.97499996
vn -0.6864 -0.042999998 -0.7258
vn 0.0 -0.104399994 -0.9945
vn 0.7442 0.3885 0.5432
vn 0.6271 0.6195 -0.472
vn 0.8296 0.144 0.5394
vn 0.8034 0.26319999 -0.534
vn -0.803 0.2636 -0.5344
vn 0.49469998 0.0826 0.86499995
vn -0.6272 0.6193 -0.4721
vn -0.7445 0.3881 0.5431
vn 0.6864 -0.043399997 -0.7258
vn -0.80429995 -0.5122 0.301
vn -0.76049995 -0.1857 0.6221
vn -0.3523 0.6926 0.6293
vn 0.127 0.6802 -0.72179997
vn -0.65139997 -0.6127 -0.4473
vn -0.3471 -0.1917 -0.91789997
vn 0.75979996 -0.1853 0.62299997
vn 0.80399996 -0.5126 0.3012
vn 0.352 0.6926 0.6295
vn -0.1268 0.6803 -0.72169995
vn 0.3466 -0.1916 -0.9181
vn 0.65059996 -0.613 -0.44799998
vn 0.0139 0.015299999 0.99969995
vn 0.0162 -0.4353 0.9001
vn -0.9711 0.18169999 0.15429999
vn 0.029399998 0.84959996 0.52639997
vn 0.9734 0.17909999 0.14209999
vn 0.982 0.12799999 0.1388
vn 0.0022 0.28669998 -0.958
vn 0.0037 0.7029 -0.7112
vn -0.9992 -0.0116 -0.0368
vn -0.98039997 0.1245 0.1523
vn 0.0037999998 0.81659997 -0.5771
vn 0.0148 -0.8433 0.53709996
vn 0.99869996 -0.0039999997 -0.0501
vn 0.062 -0.6789 0.73149997
vn 0.0634 0.6964 0.7148
vn 0.3303 -0.7977 0.5044
vn 0.6737 0.6195 0.40269998
vn 0.6087 -0.7852 -0.1129
vn 0.7698 0.63049996 0.098
vn -0.5786 0.69369996 -0.4288
vn -0.3543 -0.7992 -0.48529997
vn -0.77269995 0.6293 0.082499996
vn -0.6198 -0.7791 -0.0929
vn 0.62229997 0.6673 -0.40899998
vn 0.0506 -0.8085 -0.5862
vn 0.067099996 0.6256 -0.7772
vn 0.3886 -0.7773 -0.4946
vn -0.6497 0.64059997 0.4091
vn -0.2767 -0.8128 0.5124
vn 0.6637 0.63379997 0.39699998
vn -0.0647 0.6972 0.71379995
vn 0.2653 -0.8048 0.5308
vn -0.0632 -0.6568 0.7513
vn 0.62549996 -0.773 -0.10569999
vn 0.77019995 0.6306 0.0946
vn -0.051799998 -0.7981 -0.6001
vn 0.5805 0.7026 -0.4113
vn -0.0661 0.6394 -0.76589996
vn 0.3548 -0.7866 -0.50519997
vn -0.3211 -0.7899 0.5222
vn -0.68579996 0.61399996 0.3904
vn -0.61509997 -0.7779 -0.12799999
vn -0.7673 0.6314 0.111999996
vn -0.39 -0.7629 -0.5155
vn -0.6246 0.6762 -0.39049998
vn 0.0175 0.96349996 -0.2669
vn -0.0625 0.7001 0.7112
vn -0.68619996 0.6182 0.3831
vn -0.2679 0.95589995 -0.119399995
vn -0.3229 -0.78209996 0.5329
vn 0.2157 -0.9716 0.0969
vn -0.0654 -0.6426 0.7633
vn -0.016099999 -0.97789997 0.2082
vn 0.6558 0.6515 0.3813
vn 0.28489998 0.9511 -0.118499994
vn 0.26479998 -0.7973 0.5423
vn -0.2315 -0.968 0.096599996
vn 0.0637 -0.9842 -0.16489999
vn -0.62079996 -0.7716 -0.1382
vn -0.0735 0.9806 0.18159999
vn -0.76019996 0.6382 0.121
vn 0.3545 -0.7765 -0.5208
vn 0.6311 -0.7672 -0.1138
vn -0.0652 -0.98819995 -0.1378
vn -0.0651 -0.98829997 -0.13759999
vn 0.0752 0.9851 0.1542
vn 0.742 0.6617 0.1069
vn 0.5538 0.7459 -0.36969998
vn 0.0753 0.9851 0.15439999
vn 0.0638 -0.9841 -0.1651
vn -0.3915 -0.75079995 -0.5319
vn -0.0735 0.9805 0.1818
vn -0.60539997 0.7061 -0.36699998
vn 0.0 -1.0 -2.0E-4
vn -0.0546 -0.78819996 -0.61289996
vn -0.0605 0.692 -0.7193
vn 0.0 1.0 2.0E-4
vn 0.060799997 0.70129997 0.7102
vn -0.639 0.66179997 0.3918
vn -0.0165 0.9722 -0.23339999
vn -0.2553 0.96089995 -0.106199995
vn 0.0148 -0.98319995 0.1814
vn 0.0643 -0.6663 0.7428
vn -0.2778 -0.8055 0.5233
vn 0.205 -0.97489995 0.085599996
vn 0.6728 0.6252 0.3953
vn 0.2392 0.965 -0.107
vn 0.3338 -0.7899 0.5143
vn -0.19039999 -0.97789997 0.0859
vn -0.065799996 0.98859996 0.1353
vn -0.5462 0.7432 -0.3861
vn -0.0656 0.98859996 0.13499999
vn -0.7403 0.6656 0.0936
vn -0.355 -0.78929996 -0.5008
vn -0.6263 -0.77309996 -0.0999
vn 0.0569 -0.991 -0.1204
vn 0.0567 -0.99109995 -0.1201
vn 0.0536 -0.798 -0.6002
vn 0.39119998 -0.7654 -0.51089996
vn 0.0 -1.0 -4.0E-4
vn -0.0556 -0.9878 -0.14479999
vn 0.0609 0.6863 -0.7247
vn 0.064399995 0.98499995 0.1598
vn 0.0 1.0 4.0E-4
vn 0.5991 0.70129997 -0.3861
vn 0.0643 0.98499995 0.1595
vn 0.7621 0.6387 0.105799995
vn 0.6152 -0.77879995 -0.1218
vn -0.055499997 -0.98789996 -0.1444
vn -0.094399996 0.0817 0.9921
vn -0.7522 0.052199997 0.6568
vn 0.713 0.0824 0.69619995
vn -0.100099996 -0.064399995 -0.9928
vn -0.72959995 -0.0367 -0.6828
vn 0.6904 -0.015999999 -0.72319996
vn 0.9993 0.0349 -0.0116
vn -0.9995 0.022699999 -0.0189
vn -0.7123 0.0324 0.701
vn 0.0953 0.047399998 0.99429995
vn 0.7514 0.0067 0.6597
vn 0.0995 -0.1065 -0.98929995
vn -0.6877 -0.0645 -0.723
vn 0.99939996 -0.0266 -0.0221
vn 0.7258 -0.080699995 -0.6831
vn -0.99979997 -0.0134 -0.0142
vn -0.0824 -0.13859999 0.9869
vn -0.70669997 -0.1621 0.6886
vn 0.69979995 -0.1096 0.7058
vn -0.9866 -0.16129999 -0.020499999
vn 0.99859995 -0.052199997 -0.0058
vn 0.71989995 -0.1127 -0.68479997
vn -0.7161 -0.1679 -0.6774
vn -0.0828 -0.1502 -0.9851
vn -0.69949996 -0.1149 0.70519996
vn 0.081999995 -0.1428 0.9863
vn 0.7062 -0.1704 0.6871
vn 0.9848 -0.1721 -0.0196
vn 0.7148 -0.1757 -0.6768
vn 0.082499996 -0.154 -0.98459995
vn -0.9982 -0.0581 -0.0058
vn -0.7181 -0.1179 -0.68579996
vn -0.722 -0.2452 0.6468
vn -0.094 0.053799998 0.9941
vn -0.088199995 -0.205 0.9747
vn -0.7255 0.0328 0.6874
vn 0.6756 0.107999995 0.72929996
vn 0.69299996 -0.18969999 0.6954
vn 0.6443 -0.205 -0.7367
vn -0.0872 -0.2078 -0.97419995
vn -0.089999996 0.0469 -0.9948
vn 0.66359997 0.1021 -0.741
vn -0.6992 0.0267 -0.7144
vn -0.6653 -0.252 -0.7026
vn -0.96559995 -0.25689998 -0.0396
vn -0.9988 0.0191 -0.044499997
vn 0.99259996 0.1174 -0.0278
vn 0.9884 -0.1494 -0.0252
vn 0.096099995 0.15779999 0.9827
vn -0.6477 0.2313 0.7258
vn -0.6816 -0.2923 0.67069995
vn 0.086899996 -0.2909 0.95269996
vn 0.7083 -0.3251 0.6265
vn 0.703 0.1583 0.6932
vn 0.083299994 -0.283 -0.9554
vn 0.0875 0.1629 -0.9827
vn 0.6408 -0.33679998 -0.68979996
vn 0.6882 0.1626 -0.7069
vn 0.9404 -0.3381 -0.035499997
vn 0.98749995 0.1523 -0.04
vn -0.6217 -0.3004 -0.7233
vn -0.6504 0.2233 -0.726
vn -0.9751 0.21949999 -0.027999999
vn -0.9695 -0.2434 -0.0266
vn -0.0814 1.0E-4 0.9966
vn -0.7055 -0.0541 0.7066
vn -0.089899994 0.0273 0.99549997
vn -0.7209 -0.0104 0.6928
vn -0.7119 -0.20449999 0.6717
vn -0.0827 -0.1766 0.98069996
vn 0.6696 0.076299995 0.7387
vn 0.675 0.092199996 0.7319
vn 0.6813 -0.1762 0.7104
vn 0.65059996 0.0523 -0.7575
vn -0.0707 -0.029 -0.997
vn -0.083 0.010199999 -0.9964
vn -0.084 -0.16659999 -0.9824
vn 0.627 -0.18169999 -0.7574
vn 0.66179997 0.0796 -0.7453
vn -0.99609995 -0.086399995 -0.0128999995
vn -0.6737 -0.0761 -0.73499995
vn -0.69339997 -0.024 -0.7201
vn -0.6545 -0.20639999 -0.7272
vn -0.9988 -0.033099998 -0.0336
vn -0.9772 -0.2101 -0.026899999
vn 0.99439996 0.104899995 -0.0081
vn 0.9935 0.111499995 -0.0208
vn 0.9895 -0.1431 -0.017199999
vn -0.6497 0.1757 0.7395
vn 0.0836 0.0709 0.9939
vn -0.66499996 -0.2714 0.6956
vn 0.0923 0.11669999 0.9888
vn 0.0824 -0.2439 0.9662
vn -0.6511 0.2041 0.7309
vn -0.9801 0.198 -0.0132
vn -0.97249997 -0.2315 -0.021699999
vn -0.9776 0.2091 -0.022499999
vn 0.6832 -0.0168 -0.72999996
vn 0.9995 -0.0287 -0.011
vn 0.6356 -0.2627 -0.7259
vn 0.99729997 0.0668 -0.0301
vn 0.965 -0.261 -0.024699999
vn 0.696 0.0782 -0.7137
vn 0.7 0.0112 0.71389997
vn 0.7015 -0.2611 0.663
vn 0.7087 0.0884 0.69979995
vn -0.6516 0.1426 -0.7449
vn 0.063099995 0.0319 -0.9974
vn 0.079799995 0.102299996 -0.99149996
vn -0.6022 -0.2577 -0.75549996
vn 0.0792 -0.21429999 -0.97349995
vn -0.6565 0.1865 -0.7308
vn -0.088 0.2956 0.95119995
vn -0.63729995 0.3466 0.6882
vn -0.0848 -0.3084 0.9474
vn -0.73749995 -0.3023 0.6038
vn -0.72179997 -0.2836 0.63119996
vn -0.091 -0.22029999 0.9711
vn -0.69769996 0.2015 0.68729997
vn -0.0938 0.1936 0.9765
vn -0.7105 0.113299996 0.69439995
vn -0.092199996 0.1422 0.9855
vn -0.0824 -0.3189 0.94409996
vn -0.7033 -0.35169998 0.6177
vn -0.49679998 0.54969996 0.67149997
vn 0.0931 0.43829998 0.8939
vn 0.0802 -0.4904 0.8677
vn -0.6954 -0.4335 0.573
vn 0.093399994 0.3893 0.9163
vn -0.5448 0.49879998 0.67399997
vn 0.084699996 -0.44529998 0.89129996
vn -0.6652 -0.43949997 0.6034
vn 0.0936 0.3139 0.9447
vn -0.5714 0.4475 0.6878
vn -0.6339 -0.5027 0.5876
vn 0.076 -0.4843 0.87149996
vn -0.0777 -0.2627 0.96169996
vn -0.6993 -0.2747 0.6598
vn -0.70879996 0.023 0.705
vn -0.085599996 0.088199995 0.9924
vn -0.6143 -0.46899998 0.6344
vn 0.0752 -0.3931 0.91639996
vn -0.5952 0.3936 0.7005
vn 0.0881 0.22729999 0.9698
vn -0.94579995 0.3234 -0.0264
vn -0.9712 -0.22459999 -0.0783
vn -0.083 0.124 -0.9888
vn -0.70059997 0.0931 -0.7073
vn -0.0853 -0.3084 -0.94729996
vn -0.63159996 -0.3588 -0.6872
vn -0.9995 -0.022699999 -0.0199
vn -0.9626 -0.2698 -0.0224
vn 0.60929996 -0.34109998 -0.7157
vn 0.6556 0.22109999 -0.7219
vn 0.714 -0.2607 0.64959997
vn 0.98929995 -0.1389 -0.044299997
vn 0.5898 0.36339998 0.72099996
vn 0.95269996 0.30339998 -0.0111
vn -0.6778 -0.021499999 -0.7348
vn -0.0942 0.1139 -0.98899996
vn -0.7126 0.3135 -0.6275
vn -0.0814 0.30519998 -0.94869995
vn -0.0901 0.19649999 -0.9763
vn -0.6886 0.1942 -0.6985
vn -0.6684 -0.29279998 -0.6836
vn -0.0872 -0.2377 -0.9673
vn -0.52309996 -0.4425 -0.7283
vn 0.0771 -0.3225 -0.94339997
vn -0.6446 0.334 -0.68759996
vn 0.0521 0.1696 -0.9841
vn -0.5841 0.48349997 -0.6518
vn 0.081599995 0.41709998 -0.9051
vn 0.0799 -0.44509998 -0.8919
vn -0.597 -0.4632 -0.65489995
vn -0.90459996 0.4254 -0.0235
vn -0.6202 0.41529998 -0.66539997
vn -0.8907 -0.4538 -0.0232
vn -0.542 -0.5151 -0.6638
vn 0.6774 -0.48569998 0.5524
vn 0.6107 0.44239998 0.65669996
vn -0.9194 -0.3922 -0.0286
vn -0.8953 0.4445 -0.0265
vn 0.8893 -0.44709998 -0.095199995
vn 0.7018 -0.4777 0.5283
vn 0.8563 0.51629996 0.0061999997
vn 0.5442 0.5277 0.65209997
vn 0.8587 -0.51159996 -0.0279
vn 0.56479996 -0.5173 -0.6428
vn 0.68299997 0.29099998 -0.6698
vn 0.9594 0.2802 -0.030499998
vn -0.9147 0.4035 -0.0195
vn -0.90139997 -0.4324 -0.0199
vn 0.7028 0.106 -0.70339996
vn 0.581 -0.3822 -0.7184
vn 0.9643 -0.2642 -0.0138
vn 0.6637 -0.2959 0.68689996
vn 0.65279996 0.20349999 0.72959995
vn 0.9736 0.2278 -0.0123
vn 0.8544 -0.51809996 -0.0369
vn 0.89779997 0.43879998 -0.035499997
vn 0.9607 -0.2765 -0.0222
vn 0.6785 -0.3204 0.6609
vn 0.97029996 0.2408 -0.0219
vn 0.6471 0.23539999 0.7251
vn 0.59889996 -0.5081 -0.6188
vn 0.6247 0.4475 -0.6398
vn -0.93189996 -0.3608 -0.035499997
vn -0.9957 0.083799995 -0.0369
vn 0.58889997 -0.297 -0.75159997
vn 0.6579 0.1698 -0.73359996
vn -0.6674 0.48189998 -0.5676
vn -0.8925 0.4509 -0.0026
vn -0.946 -0.3177 -0.0629
vn -0.58669996 -0.2093 -0.7822
vn 0.0755 0.3075 -0.9485
vn 0.077 -0.4493 -0.89
vn 0.6376 0.2672 0.7224
vn 0.9672 0.2521 -0.0277
vn 0.6965 -0.2077 0.6868
vn 0.9837 -0.177 -0.029
vn 0.69269997 0.15429999 0.7044
vn 0.99549997 0.0928 -0.016999999
vn 0.6735 -0.38239998 0.6324
vn 0.92939997 -0.3685 -0.0188
vn -0.085499994 -0.22999999 -0.9693
vn -0.62799996 -0.2708 -0.7295
vn -0.067 0.043399997 -0.9967
vn -0.6907 -0.0111 -0.7229
vn -0.9497 -0.3096 -0.046
vn -0.9812 0.1872 -0.0453
vn 0.68299997 0.3338 -0.64959997
vn 0.6556 0.0104 -0.7549
vn 0.0929 -0.0951 -0.99109995
vn 0.072299995 0.4878 -0.8699
vn 0.6842 0.5067 -0.5244
vn 0.59419996 -0.2577 -0.7618
vn 0.6435 0.2644 -0.71819997
vn 0.65389997 -0.23339999 -0.71959996
vn 0.66319996 0.3089 0.6816
vn 0.6617 -0.4967 0.5615
vn -0.72889996 0.014599999 0.68439996
vn -0.090399995 0.0056999996 0.99579996
vn -0.089999996 -0.087699994 0.992
vn -0.72779995 -0.127 0.6738
vn -0.733 -0.0469 0.6785
vn -0.0949 -0.0106999995 0.99539995
vn -0.0831 -0.0876 0.99259996
vn -0.71239996 -0.1286 0.68979996
vn 0.085599996 -0.0846 0.9927
vn -0.67149997 -0.0513 0.7391
vn 0.092099994 -0.0839 0.99219996
vn -0.6889 -0.0508 0.723
vn 0.096099995 -0.0041 0.9953
vn 0.7294 0.0058999998 0.68399996
vn 0.0969 -0.018199999 0.99509996
vn 0.73139995 -0.0393 0.6807
vn 0.99579996 0.0859 -0.028199999
vn 0.6897 0.042099997 0.7227
vn -0.66569996 -0.1414 -0.7326
vn -0.0765 -0.095599994 -0.9924
vn -0.997 0.0548 -0.0528
vn -0.0859 -0.096499994 -0.9916
vn -0.6842 -0.13599999 -0.71639997
vn 0.9896 -0.1425 -0.0191
vn 0.71029997 -0.122499995 0.6931
vn 0.7266 -0.114599995 0.6773
vn 0.9912 -0.1278 -0.0335
vn 0.99969995 -0.0189 -0.013599999
vn 0.64269996 -0.0611 -0.7636
vn -0.9995 -0.0162 -0.0256
vn -0.98899996 -0.1428 -0.037299998
vn -0.6997 -0.0514 -0.71239996
vn -0.99679995 -0.0634 -0.0473
vn -0.9887 -0.1477 -0.021
vn -0.6917 0.0128999995 0.722
vn 0.0835 -0.0828 -0.993
vn 0.6841 -0.1213 -0.7191
vn 0.9974 0.0503 -0.0501
vn 0.7057 0.1496 -0.6924
vn -0.091 -0.0211 -0.9956
vn 0.66969997 0.016099999 -0.7423
vn -0.67039996 0.0121 -0.7418
vn 0.089999996 -0.0154 -0.99579996
vn -0.6389 -0.0471 -0.76769996
vn 0.0681 -0.084 -0.9941
vn -0.6969 0.035299998 0.7162
vn 0.6805 -0.0508 0.7309
vn 0.6649 -0.1382 -0.7339
vn 0.6968 -0.0359 -0.7163
vn 0.99799997 -0.045399997 -0.042799998
vn -0.7112 0.1519 -0.6863
vn -0.99649996 0.0757 -0.033299997
vn -0.6576 -0.049999997 -0.75159997
vn -0.085099995 0.2189 -0.972
vn -0.9996 -0.0175 -0.019299999
vn 0.6854 0.18329999 -0.7046
vn 0.9988 0.038799997 -0.0295
vn -0.6816 0.1655 -0.7127
vn 0.0861 0.20889999 -0.9741
vn 0.6594 -0.0605 -0.7493
vn -0.99909997 0.029099999 -0.030199999
vn 0.6882 0.0264 0.7249
vn 0.9995 -0.0184 -0.0234
vn 0.6914 -0.0504 0.7206
vn -0.9938 0.073699996 -0.082499996
vn 0.0 0.8314 -0.5555
vn 0.0 -0.8627 0.50549996
vn 0.9938 0.073699996 -0.082499996
vn 0.0 0.7309 -0.6823
vn -0.9939 0.0633 -0.089999996
vn 0.0 -0.76309997 0.6462
vn 0.9939 0.0634 -0.089899994
vn 0.0 -0.9974 0.0717
vn -0.7935 -0.3724 -0.4813
vn 0.7935 -0.3723 -0.4813
vn 0.0 0.2314 -0.97279996
vn 0.0049 -0.1166 0.9931
vn 0.0149 -0.0823 -0.9964
vn -0.7176 -0.6829 0.13599999
vn -0.9386 0.227 0.2595
vn -0.9255 -0.25079998 -0.2835
vn -0.89199996 -0.0775 0.4452
vn -0.7112 0.2276 -0.66499996
vn -0.8894 0.4567 -0.0178
vn 0.7186 -0.6821 0.1346
vn 0.8842 -0.072299995 0.4613
vn 0.9317 0.2391 0.2732
vn 0.9255 -0.25079998 -0.2835
vn 0.7123 0.226 -0.6644
vn 0.88079995 0.4732 -0.0098
vn -0.0117999995 0.6619 0.74939996
vn -0.009 0.3333 0.94269997
vn 0.32799998 -0.1042 0.9388
vn 0.4306 0.5981 0.6757
vn 0.3157 0.9486 0.0167
vn -0.014599999 0.89379996 0.4481
vn -0.0223 0.66179997 0.7493
vn -0.45949998 0.5886 0.66499996
vn -0.0234 0.3293 0.9439
vn -0.34939998 -0.112799995 0.93009996
vn -0.019 0.8955 0.4446
vn -0.33609998 0.9417 0.0069999998
vn -0.016099999 0.66249996 0.7488
vn -0.010199999 0.9999 0.0072999997
vn -0.011899999 -0.114199996 0.99329996
vn -9.999999E-4 -0.6624 -0.74909997
vn -0.0026999998 0.7061 -0.708
vn 8.0E-4 0.7001 -0.71389997
vn -0.3715 0.92509997 0.0773
vn -0.4622 0.58559996 0.66569996
vn -0.3734 -0.0437 0.9266
vn 0.343 0.93539995 0.085
vn 0.4292 0.5966 0.678
vn 0.34649998 -0.0382 0.93719995
vn 0.0021 -0.79639995 0.6046
vn -1.0E-4 -0.7953 0.60609996
vn -0.0023 -0.79639995 0.6046
vn 0.0036 0.7061 -0.708
vn -0.078999996 0.8853 -0.4581
vn 0.1787 0.9658 0.1876
vn 0.2226 0.93039995 -0.29099998
vn -0.15349999 0.9751 0.15969999
vn -0.9995 -0.0128 -0.0274
vn -0.82269996 0.2156 -0.5258
vn -0.9313 0.35869998 0.061899997
vn -0.8993 -0.13949999 -0.41439998
vn 0.8318 -0.153 -0.5335
vn 0.5909 0.5887 -0.55149996
vn 0.3857 0.39339998 -0.8344
vn 0.92609996 0.1964 -0.32189998
vn 0.0106 -0.7511 -0.6599
vn -0.3436 -0.7996 -0.49229997
vn -0.42279997 -0.2909 -0.8581
vn -0.63549995 -0.49859998 -0.5894
vn -0.89449996 -0.1564 0.41869998
vn -0.7651 0.16239999 0.6229
vn -0.2701 -0.3445 0.899
vn -0.49319997 -0.5399 0.682
vn 0.6428 0.5331 0.5499
vn 0.50729996 0.42069998 0.752
vn 0.3742 0.7967 0.4745
vn 0.0989 0.7876 0.608
vn 0.9945 0.0717 0.0757
vn 0.96629995 -0.2561 0.0253
vn -0.1311 -0.97489995 -0.1795
vn 0.2385 -0.9554 -0.1735
vn -0.113299996 -0.91859996 0.3784
vn 0.195 -0.8402 0.5058
vn 0.8552 -0.0021 0.5182
vn 0.8857 0.2331 0.4014
vn 0.6146 -0.5141 0.5981
vn 0.704 -0.7054 -0.0814
vn -0.4112 0.5373 0.7363
vn -0.6483 0.7502 0.1294
vn -0.5462 0.6247 -0.5579
vn -0.0521 0.074099995 -0.99579996
vn 0.4854 -0.5221 -0.7011
vn 0.1428 0.0082 0.98969996
vn -0.2546 0.944 0.20969999
vn -0.3293 0.9185 -0.21849999
vn 0.0197 0.9047 -0.4253
vn 0.108899996 0.97779995 0.1786
vn 0.937 0.34399998 0.059
vn 0.99859995 -0.0418 -0.032199997
vn 0.82009995 0.2136 -0.5308
vn 0.8947 -0.14469999 -0.42229998
vn -0.1072 0.7847 0.6105
vn -0.38459998 0.7899 0.47739998
vn 0.7794 0.14389999 0.6096
vn 0.9052 -0.1924 0.3788
vn -0.8829 0.2756 0.38
vn -0.97319996 -0.2286 0.0208
vn -0.991 0.11229999 0.071499996
vn -0.8606 0.019299999 0.50879997
vn -0.1158 -0.8767 0.46679997
vn 0.2683 -0.92359996 0.27359998
vn 0.1727 -0.9633 -0.205
vn -0.2235 -0.9568 -0.1856
vn -0.6324 0.5864 -0.506
vn -0.4112 0.3996 -0.8192
vn -0.83 -0.1454 -0.5383
vn -0.92499995 0.19919999 -0.32349998
vn 0.5976 -0.4806 -0.64169997
vn -0.0468 -0.73749995 -0.67359996
vn 0.2859 -0.7935 -0.537
vn 0.3945 -0.27449998 -0.8768
vn -0.50949997 0.4227 0.74939996
vn -0.6423 0.5434 0.54039997
vn 0.33699998 -0.3818 0.8605
vn 0.59139997 -0.5805 0.5596
vn 0.6272 0.76299995 0.156
vn 0.4966 0.66929996 -0.5525
vn 0.43249997 0.5204 0.7362
vn -0.69 -0.7141 -0.1171
vn -0.57 -0.5762 0.58559996
vn -0.5068 -0.49269998 -0.7072
vn -0.027199998 0.092599995 -0.9953
vn -0.060999997 -0.0221 0.9978
vn -0.5071 0.46969998 0.72249997
vn -8.0E-4 -0.081099994 0.9967
vn 0.5021 -0.65849996 0.5604
vn 0.3922 -0.58019996 -0.7137
vn -0.106699996 -0.0169 -0.9941
vn -0.7116 0.68369997 0.16129999
vn -0.61359996 0.5668 -0.5496
vn 0.5927 -0.79179996 -0.147
vn 4.9999997E-4 -0.0814 0.9966
vn 0.5068 0.4694 0.7229
vn 0.71169996 0.6838 0.16059999
vn 0.6134 0.56659997 -0.55009997
vn -0.392 -0.57989997 -0.714
vn -0.59279996 -0.79179996 -0.14639999
vn -0.50189996 -0.65819997 0.5611
vn 0.107 -0.0165 -0.9941
vn -0.7287 0.2929 0.6189
vn -0.23349999 -0.24599999 0.9407
vn -0.276 0.64699996 0.71059996
vn 0.1828 0.1259 0.97499996
vn 0.29709998 -0.8542 0.42639998
vn 0.7091 -0.4394 0.5513
vn 0.3191 -0.9115 -0.2592
vn 0.8293 -0.5475 -0.110999994
vn 0.1731 -0.72319996 -0.6685
vn 0.64519995 -0.38149998 -0.66179997
vn -0.8897 0.4283 0.15779999
vn -0.4367 0.8623 0.2561
vn -0.2581 -0.23249999 -0.93759996
vn -0.787 0.3349 -0.518
vn -0.39 0.7813 -0.48709998
vn 0.1217 0.1682 -0.9781
vn -0.18949999 -0.91279995 0.36159998
vn 0.36839998 -0.35029998 0.86109996
vn -0.251 0.2153 0.94369996
vn -0.76739997 -0.3543 0.5342
vn 0.7722 0.2394 0.58849996
vn 0.2538 0.66569996 0.70159996
vn -0.15879999 -0.73609996 -0.65779996
vn -0.3015 -0.9156 -0.26569998
vn -0.3964 -0.5844 -0.7079
vn -0.78169996 -0.62149996 -0.051
vn 0.9023 0.40399998 0.14989999
vn 0.8296 0.2617 -0.493
vn 0.41939998 0.8693 0.26119998
vn 0.2767 0.8619 -0.42479998
vn 0.3082 -0.30629998 -0.90059996
vn -0.0491 0.31649998 -0.94729996
vn -0.48349997 0.6401 -0.5969
vn -0.1122 0.9686 -0.2216
vn 0.9022 -0.0743 -0.42459998
vn 0.49289998 -0.4983 -0.71309996
vn -0.983 -0.1804 0.0321
vn -0.89239997 -0.0106999995 -0.4511
vn 0.104899995 -0.8057 -0.5828
vn 0.0079 -0.9586 -0.2845
vn 0.085599996 0.9454 0.31419998
vn 0.99499995 0.0884 0.0442
vn -0.0179 0.7837 0.62079996
vn 0.905 -0.059899997 0.4211
vn 0.5998 -0.5593 0.5721
vn -0.461 0.4623 0.75729996
vn -0.8982 -0.0037 0.4394
vn 0.16749999 -0.9657 0.1979
vn 0.106 -0.0748 0.99149996
vn 0.5706 0.4701 0.6732
vn 0.5912 0.6516 -0.47509998
vn -0.0517 0.021399999 -0.9984
vn -0.53319997 -0.70669997 0.4648
vn -0.63199997 -0.7464 -0.20789999
vn 0.70409995 0.6706 0.2331
vn -0.5036 -0.5394 -0.67469996
vn 0.23249999 0.7112 0.6634
vn -0.2895 0.28059998 0.91499996
vn 0.5093 0.8594 0.044099998
vn 0.3825 0.6935 -0.6103
vn -0.0998 0.076299995 -0.992
vn -0.5887 -0.5117 -0.6257
vn -0.82299995 -0.5679 0.0055
vn -0.7292 -0.23619999 0.6421
vn -0.2366 0.7123 0.66069996
vn 0.287 0.2821 0.91539997
vn 0.7269 -0.2341 0.6455
vn 0.82269996 -0.5683 0.0101
vn -0.5136 0.85719997 0.0354
vn -0.3823 0.68939996 -0.6152
vn 0.5897 -0.5153 -0.6217
vn 0.1013 0.0726 -0.9921
vn -0.8501 0.0545 0.5237
vn -0.9877 0.14209999 0.0651
vn -0.024799999 0.7539 0.65639997
vn -0.12459999 0.9454 0.3011
vn -0.3911 -0.4087 0.8246
vn 0.355 0.30719998 0.8829
vn -0.86439997 0.0683 -0.49789998
vn -0.1228 0.9108 -0.394
vn 0.031799998 -0.9632 -0.2667
vn 0.044499997 -0.93189996 0.3597
vn 0.84 -0.1786 0.5122
vn 0.96709996 -0.2487 -0.0519
vn -0.4173 -0.3732 -0.8285
vn -0.077199996 -0.78429997 -0.6155
vn 0.8171 -0.14019999 -0.5591
vn 0.3197 0.33949998 -0.88449997
vn -0.070599996 -0.025899999 -0.9971
vn 0.426 -0.5577 -0.7123
vn 0.62439996 -0.7567 -0.1936
vn -0.6083 0.57559997 -0.5464
vn -0.69769996 0.6792 0.2276
vn 0.53529996 -0.6555 0.5326
vn -0.0121 -0.0559 0.99829996
vn -0.50839996 0.4813 0.71389997
vn 0.0 -0.6996 -0.7144
vn 0.93729997 -0.34379998 0.056199998
vn 0.0 -0.17019999 0.98539996
vn -0.93729997 -0.3439 0.0563
vn 0.0 0.015299999 -0.99979997
vn -0.96819997 0.2426 -0.060399998
vn 0.96819997 0.2426 -0.060399998
vn 0.0 0.622 0.7829
vn 0.0 0.9712 -0.23809999
vn 0.0 0.1379 -0.99039996
vn -0.9432 0.3223 -0.0795
vn 0.9432 0.3223 -0.0795
vn 0.0 0.6958 0.7181
vn 0.0 0.31579998 -0.94869995
vn -0.8921 0.4394 -0.1051
vn -0.96819997 0.2426 -0.060399998
vn 0.0 0.015299999 -0.99979997
vn 0.89199996 0.4394 -0.1051
vn 0.96819997 0.2426 -0.060399998
vn 0.0 0.78749996 0.6162
vn 0.0 0.622 0.7829
vn 0.7994 0.5847 -0.13759999
vn 0.0 0.5288 -0.8487
vn 0.0 -0.58919996 -0.80789995
vn 0.9784 -0.2006 0.049399998
vn 0.0 0.8853 0.4649
vn 0.0 0.0339 0.99939996
vn -0.9784 -0.2006 0.049399998
vn -0.7994 0.5846 -0.13759999
vn 0.0 0.5846 0.81119996
vn 0.97679996 0.2083 -0.0477
vn -0.97679996 0.2083 -0.0477
vn 0.0 -0.0069999998 -0.9999
vn 0.0 -0.1617 0.98679996
vn 0.93829995 -0.3414 0.0536
vn 0.0 -0.6985 -0.7155
vn -0.93829995 -0.3414 0.0536
vn 0.0 0.0156 -0.99979997
vn -0.9672 0.2464 -0.0613
vn 0.9672 0.2464 -0.0613
vn 0.0 0.6289 0.77739996
vn -0.94149995 0.32709998 -0.0804
vn 0.0 0.97139996 -0.2373
vn 0.0 0.14039999 -0.98999995
vn 0.94149995 0.32709998 -0.0804
vn 0.0 0.70229995 0.7118
vn 0.0 0.3209 -0.9471
vn -0.88909996 0.44509998 -0.1059
vn 0.0 0.0156 -0.99979997
vn -0.9672 0.2464 -0.0613
vn 0.88909996 0.44509998 -0.1059
vn 0.9672 0.2464 -0.0613
vn 0.0 0.79249996 0.60969996
vn 0.0 0.6289 0.77739996
vn 0.7945 0.5912 -0.1382
vn 0.0 0.5359 -0.84419996
vn 0.0 -0.5962 -0.8028
vn 0.9777 -0.2039 0.0501
vn 0.0 0.88869995 0.4583
vn 0.0 0.0345 0.99939996
vn -0.9777 -0.2039 0.0501
vn -0.7945 0.5912 -0.1381
vn 0.9762 0.211 -0.0479
vn 0.0 0.58989996 0.8074
vn -0.9762 0.211 -0.0479
vn 0.0 -0.0071 -0.9999
vn 0.0 -0.1982 0.9801
vn 0.0 -0.7036 -0.7105
vn -0.93359995 -0.352 0.0656
vn 0.93359995 -0.352 0.0656
vn -0.9716 0.2294 -0.0576
vn 0.0 0.0144 -0.99979997
vn 0.9716 0.2294 -0.0576
vn 0.0 0.59749997 0.80179995
vn 0.0 0.9704 -0.2411
vn 0.0 0.1296 -0.99149996
vn -0.949 0.3056 -0.0762
vn 0.949 0.3056 -0.0762
vn 0.0 0.6728 0.73969996
vn 0.0 0.2992 -0.95409995
vn -0.9018 0.41959998 -0.1025
vn 0.0 0.0143 -0.99979997
vn -0.9716 0.2294 -0.0576
vn 0.9018 0.41959998 -0.1024
vn 0.9716 0.2294 -0.0576
vn 0.0 0.76919997 0.6389
vn 0.0 0.59749997 0.80179995
vn 0.81619996 0.56159997 -0.1355
vn 0.0 0.5046 -0.86329997
vn 0.98069996 -0.1894 0.047199998
vn 0.0 -0.5645 -0.8253
vn 0.0 0.8725 0.48839998
vn 0.0 0.031799998 0.99939996
vn -0.98069996 -0.1894 0.047199998
vn -0.81619996 0.56159997 -0.1355
vn 0.97889996 0.1987 -0.0471
vn 0.0 0.5656 0.8246
vn -0.97889996 0.1987 -0.0471
vn 0.0 -0.0066 -0.9999
vn -0.9824 -0.1654 0.0861
vn -0.0257 0.0458 0.99859995
vn -0.1156 -0.8164 -0.5656
vn 0.8698 -0.47059998 0.1478
vn -0.91169995 0.3857 -0.14119999
vn 0.0026 -0.1829 -0.9831
vn 0.99429995 0.0717 -0.0777
vn 0.105 0.7662 0.6339
vn 0.161 0.8921 -0.42209998
vn 0.0235 -0.0587 -0.99789995
vn -0.87229997 0.4563 -0.1752
vn 0.982 0.15089999 -0.1134
vn 0.1171 0.8236 0.5548
vn -0.8002 0.5573 -0.22119999
vn 0.0537 0.1261 -0.9905
vn 0.0026 -0.1829 -0.9831
vn -0.91169995 0.3857 -0.14119999
vn 0.94909996 0.26909998 -0.16309999
vn 0.99429995 0.0717 -0.0777
vn 0.1319 0.88949996 0.4373
vn 0.105 0.7662 0.6339
vn 0.8786 0.4202 -0.22639999
vn 0.0896 0.3563 -0.92999995
vn -0.099599995 -0.73969996 -0.66539997
vn 0.92939997 -0.34809998 0.122099996
vn 0.1477 0.95129997 0.27019998
vn 0.0058 0.23189999 0.9726
vn -0.9978 -0.0307 0.0579
vn -0.6811 0.6771 -0.2783
vn 0.99759996 0.0379 -0.0567
vn 0.0984 0.7335 0.6724
vn -0.927 0.3549 -0.120799996
vn -0.0011 -0.2052 -0.9787
# 1571 vertex normals

vt 2.119023 -1.1E-5 0.38548
vt 2.137834 -0.00451 0.37512898
vt 2.15356 -0.0107929995 0.362522
vt 2.134327 -0.006468 0.371711
vt 2.132802 -0.00711 0.378528
vt 2.15499 -0.014013 0.373201
vt 2.139757 -0.006488 0.379706
vt 2.159752 -0.011056 0.370241
vt 2.147796 -0.013061 0.365887
vt 1.396624 -0.004448 0.375226
vt 1.373948 -0.011207 0.370135
vt 1.394189 -0.006567 0.37962
vt 1.415219 0.0 0.385467
vt 1.400604 -0.0061749998 0.372283
vt 1.381806 -0.01042 0.36322
vt 1.386205 -0.01321 0.36595
vt 1.401614 -0.007009 0.378599
vt 1.380076 -0.013552 0.373569
vt 2.244588 -0.029096 0.335539
vt 2.250805 -0.027926 0.33904698
vt 2.214317 -0.035911 0.32527
vt 2.214574 -0.034435 0.320777
vt 1.321283 -0.044452 0.351294
vt 1.321014 -0.042649 0.345805
vt 1.319944 -0.036016 0.325608
vt 1.315289 -0.043328 0.354197
vt 1.287274 -0.036321 0.364399
vt 1.287954 -0.037942998 0.369298
vt 2.212956 -0.044464 0.351311
vt 2.213217 -0.042725 0.346016
vt 1.319667 -0.034423 0.320761
vt 1.313767 -0.033411 0.323396
vt 1.289438 -0.029044 0.335639
vt 1.283433 -0.027914 0.33902898
vt 1.284288 -0.029683 0.344363
vt 2.220446 -0.033427 0.323401
vt 2.246937 -0.036397 0.364611
vt 2.246284 -0.037955 0.369316
vt 1.292942 -0.03896 0.3663
vt 2.218927 -0.043344 0.354203
vt 2.24114 -0.039003 0.366226
vt 2.250012 -0.029566 0.343994
vt 2.379313 -0.097242 0.248473
vt 2.380298 -0.095192 0.244953
vt 1.07497 -0.072806 0.257272
vt 1.077141 -0.075061 0.260912
vt 2.443798 -0.090404 0.285895
vt 2.457315 -0.074831 0.260543
vt 1.091875 -0.09224 0.288904
vt 1.097644 -0.092765 0.284314
vt 1.145557 -0.079825 0.218621
vt 1.153822 -0.094948 0.244533
vt 1.090267 -0.090187 0.285537
vt 1.15492 -0.09723 0.248452
vt 2.387247 -0.09669 0.25255
vt 2.436812 -0.092756 0.284512
vt 1.144297 -0.077796 0.215155
vt 1.081856 -0.07339 0.251958
vt 2.389936 -0.077808 0.215175
vt 2.388811 -0.079615 0.218264
vt 1.135852 -0.077275 0.219148
vt 1.146599 -0.096651 0.252734
vt 2.397983 -0.077312 0.218975
vt 2.442352 -0.092252 0.288925
vt 2.459256 -0.072817996 0.257293
vt 2.452659 -0.073378 0.252196
vt 0.087648 -0.090404 0.285895
vt 0.101165 -0.074831 0.260543
vt 0.259324 -0.115555 0.229584
vt 0.275846 -0.097584 0.209255
vt 0.041833 -0.077312 0.218975
vt 0.27089 -0.095388 0.201216
vt 0.096509 -0.073378 0.252196
vt 0.214975 -0.095264 0.167968
vt 0.927889 -0.117359 0.22652599
vt 1.000844 -0.116638 0.189407
vt 1.012859 -0.11654 0.185055
vt 0.978317 -0.097397 0.16529
vt 0.973903 -0.095237 0.163159
vt 0.900008 -0.0954 0.206825
vt 0.902445 -0.097791 0.209496
vt 0.033786 -0.077808 0.215175
vt 0.204171 -0.095244996 0.163158
vt 0.023163 -0.097242 0.248473
vt 0.165215 -0.116548 0.185054
vt 0.024148 -0.095192 0.244953
vt 0.168657 -0.114435 0.182803
vt 0.250738 -0.117373 0.226897
vt 0.086202 -0.092252 0.288925
vt 0.080662 -0.092756 0.284512
vt 0.25774398 -0.117459 0.23176199
vt 0.920331 -0.117451 0.231764
vt 0.278066 -0.095407 0.206823
vt 0.103106 -0.072817996 0.257293
vt 1.008963 -0.114153 0.182513
vt 0.962971 -0.095257 0.168028
vt 0.918512 -0.115262 0.229261
vt 0.031097 -0.09669 0.25255
vt 0.1767 -0.116641 0.189205
vt 0.907708 -0.095379 0.200823
vt 0.20002499 -0.097271 0.165157
vt 0.032661 -0.079615 0.218264
vt 0.840446 -0.09638 0.18301299
vt 0.933471 -0.095939 0.138216
vt 0.949993 -0.098103 0.135722
vt 0.983256 -0.122191 0.152731
vt 0.986423 -0.124808 0.154643
vt 0.335011 -0.124587 0.218249
vt 0.334401 -0.12660299 0.22034
vt 0.972704 -0.12494 0.158241
vt 0.85039 -0.12655 0.214544
vt 0.842825 -0.126691 0.220253
vt 0.842123 -0.124351 0.217826
vt 0.23111899 -0.095877 0.134507
vt 0.227693 -0.098057 0.13599
vt 0.244784 -0.095925 0.138708
vt 0.946525 -0.095893 0.134223
vt 0.833282 -0.098749 0.191332
vt 0.83235997 -0.096433 0.188942
vt 0.191229 -0.12473 0.154942
vt 0.193989 -0.122451 0.153273
vt 0.337353 -0.096364 0.183535
vt 0.344945 -0.096413 0.189112
vt 0.327332 -0.126472 0.215004
vt 0.344064 -0.098602 0.19137
vt 0.204844 -0.124861 0.158518
vt 0.971872 -0.124995 0.151354
vt 0.823146 -0.097869 0.184375
vt 0.83392197 -0.126865 0.215576
vt 0.24601799 -0.097369 0.131557
vt 0.206719 -0.125005 0.151243
vt 0.355118 -0.097912 0.184261
vt 0.932903 -0.097277 0.131691
vt 0.343875 -0.126856 0.215665
vt 0.710792 -0.011838 0.983045
vt 0.715851 -0.00388 1.0
vt 0.721755 -0.009692 0.962392
vt 0.716601 -0.01765 0.94389
vt 0.715523 -0.003605 0.992676
vt 0.710668 -0.011184 0.976588
vt 0.721166 -0.00914 0.956729
vt 0.716223 -0.016718 0.93923
vt 0.708952 -0.002918 0.895091
vt 0.709208 0.0 0.866084
vt 0.710928 -1.34E-4 0.900703
vt 0.713093 -0.002167 0.886835
vt 0.7111 -0.004951 0.881019
vt 0.713804 -0.002226 0.956013
vt 0.710022 -0.0079 0.944194
vt 0.70967 -0.006201 0.927449
vt 0.712862 -0.001513 0.937113
vt 0.718105 -0.006369 0.928583
vt 0.716448 -0.004937 0.914216
vt 0.714265 -0.0120439995 0.915954
vt 0.713214 -0.009626 0.903991
vt 0.717889 -0.006295 0.927813
vt 0.713787 -0.002235 0.955549
vt 0.716448 -0.004937 0.914216
vt 0.712862 -0.001513 0.937113
vt 0.714244 -0.011973 0.915812
vt 0.713214 -0.009626 0.903991
vt 0.70967 -0.006201 0.927449
vt 0.710104 -0.007767 0.942861
vt 0.716464 -0.005805 0.922819
vt 0.713716 -0.010252 0.912343
vt 0.710644 -0.006899 0.93412
vt 0.713363 -0.002452 0.944179
vt 0.234353 -0.065396 0.998452
vt 0.238244 -0.106926 0.985668
vt 0.114468 -0.068367 0.725518
vt 0.116329 -0.11108 0.695853
vt 0.090416 -0.088294 0.044082
vt 0.374533 -0.004128 0.643523
vt 0.446711 -0.041015 0.016917
vt 0.350438 -0.086393 0.591307
vt 0.326554 -0.145028 0.524766
vt 0.12025 -0.136559 0.116236
vt 0.111854 -0.030467 0.591659
vt 0.250205 -0.016851 0.893848
vt 0.535924 -0.070125 0.586819
vt 0.52105 -0.066542 0.50597
vt 0.527358 -0.114799 0.504904
vt 0.541376 -0.125947 0.58462
vt 0.634367 -0.143877 0.437013
vt 0.676655 -0.097594 0.510179
vt 0.66481 -0.090722 0.427237
vt 0.64625 -0.16354 0.51945597
vt 0.555909 -0.032169 0.563287
vt 0.544266 -0.037154 0.496635
vt 0.659187 -0.046093 0.441166
vt 0.672579 -0.037652 0.506868
vt 0.53267 -0.004796 0.746403
vt 0.524136 0.0 0.738216
vt 0.536491 -0.026235 0.992016
vt 0.542073 -0.024132 0.988231
vt 0.530975 -0.028338 0.999995
vt 0.521557 -0.008078 0.766258
vt 0.538869 -0.052163 0.889358
vt 0.545693 -0.056959 0.909429
vt 0.548511 -0.048880998 0.888872
vt 0.971878 -0.004339 0.295422
vt 1.055857 -0.010015 0.313577
vt 0.983917 -0.003285 0.42098
vt 1.03555 -0.009943 0.434122
vt 0.081898 -0.026549 0.380162
vt 0.053341 -0.020708 0.478734
vt 0.052889 -0.010015 0.313577
vt 0.032581 -0.009943 0.434122
vt 0.918091 -0.018422 0.360417
vt 0.950265 -0.022027 0.465556
vt 0.95385 -0.036095 0.500335
vt 0.931436 -0.045171 0.399535
vt 0.978997 -0.062939 0.396107
vt 0.977588 -0.051714 0.508602
vt 1.028796 -0.064302 0.398687
vt 1.018838 -0.051082 0.506551
vt 0.05021 -0.03963 0.512002
vt 0.025828 -0.064302 0.398687
vt 0.064915 -0.052094 0.405353
vt 0.015868999 -0.051082 0.506551
vt 0.83139 -0.130329 0.572622
vt 0.893671 -0.090679 0.537977
vt 0.72851 -0.1458 0.358268
vt 0.905817 -0.107966 0.054976
vt 0.334908 -0.14151 0.644709
vt 0.301136 -0.11203 0.745088
vt 0.323697 -0.092224 0.837591
vt 0.354082 -0.10186 0.815636
vt 0.290518 -0.184516 0.44812799
vt 0.269697 -0.181306 0.517532
vt 0.239132 -0.181879 0.462031
vt 0.258972 -0.190189 0.388884
vt 0.286136 -0.18808 0.321577
vt 0.31114998 -0.18766099 0.374086
vt 1.651879 -0.081296 0.970737
vt 1.659489 -0.110396 0.972651
vt 1.636942 -0.083094 0.965268
vt 1.6409479 -0.116654 0.964382
vt 1.622162 -0.122912 0.960014
vt 1.621873 -0.084891 0.962322
vt 0.614569 -0.017142 0.521797
vt 0.607431 -0.030752 0.495474
vt 0.117845 -0.136345 0.422279
vt 0.294561 -0.136889 0.737076
vt 0.36544698 -0.011181 0.582899
vt 0.335124 -0.02901 0.792581
vt 0.370721 -0.028203 0.78703797
vt 0.323175 -0.016892 0.69202
vt 0.805533 0.0 0.431072
vt 0.61181897 -0.012309 0.164434
vt 0.896021 -0.017021 0.4241
vt 0.402578 -0.023704 0.100401
vt 0.104739 -0.020598 0.273087
vt 0.331267 0.0 0.752764
vt 0.15906 -0.042077 0.970013
vt 0.183319 -0.046586 0.937454
vt 0.170215 -0.02402 0.934358
vt 0.185609 -0.035678 0.934444
vt 0.187989 -0.024389 0.932493
vt 0.355896 -0.063083 0.849035
vt 0.320921 -0.058052 0.872029
vt 0.58065 -0.171186 0.522121
vt 0.56331 -0.144326 0.428841
vt 0.178688 -0.06891 0.945918
vt 0.158214 -0.062192 0.981829
vt 1.644954 -0.150171 0.95532
vt 1.630472 -0.158187 0.950794
vt 1.659266 -0.142154 0.962145
vt 0.666913 -0.0139109995 0.540883
vt 0.734128 -0.004014 0.700667
vt 0.344352 -0.015195 0.308728
vt 0.277871 -0.011569 0.512578
vt 0.215607 -0.18285 0.41733
vt 0.229432 -0.185747 0.343429
vt 0.0 -5.05E-4 -0.49934
vt 0.01439 -0.013426 -0.498943
vt 0.0 -0.013445 -0.500026
vt 0.014997 0.0 0.499977
vt 0.186394 -0.073903 0.39767998
vt 0.253372 -0.113391 0.591703
vt 0.186751 -0.120061 0.429158
vt 0.238245 -0.060515 0.573969
vt 0.256347 -0.031442 0.146092
vt 0.196831 -0.030416 0.294447
vt 0.716901 -0.02026 0.958368
vt 0.677829 -0.029314 0.814874
vt 1.139171 -0.11212 0.671015
vt 1.191343 -0.139252 0.194719
vt 1.175938 -0.119599 0.34913
vt 1.068819 -0.137849 0.720384
vt 1.121121 -0.106926 0.949834
vt 1.05682 -0.136889 0.841364
vt 1.022582 -0.149094 0.765212
vt 1.183461 -0.146941 0.047743
vt 1.142584 -0.078944 0.688771
vt 1.170164 -0.094403 0.384258
vt 1.139913 -0.065315 0.334742
vt 1.118961 -0.037522 0.635547
vt 1.123907 -0.065396 0.968157
vt 1.103324 -0.016851 0.915084
vt 1.044624 -0.013795 0.492298
vt 1.076284 -0.066006 0.246576
vt 0.973054 -0.038802 0.354895
vt 0.965695 -0.066537 0.184686
vt 0.982314 -0.001528 0.699845
vt 1.027016 0.0 0.769645
vt 0.215239 -0.040944 0.321655
vt 0.247956 -0.034532 0.485876
vt 0.24136 -0.046535 0.445315
vt 0.248086 -0.026795 0.339604
vt 0.227242 -0.057585 0.337895
vt 0.248107 -0.057281 0.388205
vt 0.270006 -0.030329 0.488728
vt 0.291891 -0.02675 0.347329
vt 0.33372 -0.051813 0.316504
vt 0.302867 -0.052079 0.447985
vt 0.323696 -0.035363 0.389425
vt 0.29132 -0.038781 0.48803
vt 0.274947 -0.066467 0.359161
vt 0.263438 -0.066198 0.276285
vt 0.301463 -0.06153 0.405862
vt 0.312343 -0.066152 0.321676
vt 0.223276 -0.022098 0.126253
vt 0.136746 -0.037231 0.172779
vt 0.135649 -0.054614 0.190311
vt 0.364104 -0.109704 0.038482
vt 0.73842597 -0.10835 0.03264
vt 0.563325 -0.107552 0.06763
vt 0.501236 -0.108854 0.077534
vt 0.413124 -0.04723 0.200711
vt 0.369716 -0.029966 0.242034
vt 0.387889 -0.110381 0.1018
vt 0.457991 -0.109411 0.115574
vt 0.329032 -0.021275999 0.151674
vt 0.415572 -0.062482 0.098809
vt 0.188672 -0.086985 0.23137599
vt 0.137697 -0.085768 0.18256
vt 0.13292 -0.087214 0.104106
vt 0.107475 -0.063304 0.068089
vt 0.212303 -0.088527 0.162646
vt 0.21702799 -0.087093 0.011761
vt 0.267142 -0.089703 0.129626
vt 0.669882 -0.088254 0.014059
vt 0.669711 -0.087214 0.104106
vt 0.644266 -0.063304 0.068089
vt 0.201634 -0.10835 0.03264
vt 0.026533 -0.107552 0.06763
vt 0.674488 -0.085768 0.18256
vt 0.152197 -0.089372 0.008428
vt 0.038414 -0.062432 0.38117
vt 0.002078 -0.052163 0.889358
vt 0.011539 -0.058393 0.331032
vt 0.008901 -0.056959 0.909429
vt 0.575206 -0.062432 0.38117
vt 0.54833 -0.058393 0.331032
vt 0.011719 -0.048880998 0.888872
vt 0.053232 -0.054842 0.400865
vt 0.488125 -0.01861 0.253088
vt 0.521026 -0.03821 0.367739
vt 0.508076 -0.01102 0.20695
vt 0.557792 -0.015059 0.217168
vt 0.760068 -0.022098 0.126253
vt 0.039663 -0.033766 0.395468
vt 0.005282 -0.024132 0.988231
vt 0.576455 -0.033766 0.395468
vt 0.021001 -0.015059 0.217168
vt 1.651725 -0.148326 0.794163
vt 1.668722 -0.139431 0.80159
vt 1.654528 -0.139113 0.719691
vt 1.672442 -0.126147 0.73010397
vt 1.63417 -0.155464 0.788133
vt 1.634131 -0.139837 0.71607697
vt 1.623885 -0.082029 0.791105
vt 1.627067 -0.094067 0.717838
vt 1.643922 -0.079495 0.750797
vt 1.648369 -0.084962 0.67842
vt 1.669444 -0.107533 0.803971
vt 1.675052 -0.106319 0.732738
vt 1.660257 -0.078434 0.801273
vt 1.666651 -0.088128 0.72966
vt 1.624242 -0.120051 0.788804
vt 1.625425 -0.118836 0.716141
vt 1.65708 -0.071246 0.887092
vt 1.666401 -0.102897 0.889884
vt 1.66542 -0.137762 0.88716
vt 1.629457 -0.155819 0.873173
vt 1.615046 -0.118604 0.874051
vt 1.619354 -0.075738996 0.876888
vt 1.638326 -0.073493 0.880171
vt 1.650138 -0.382072 0.931125
vt 1.651468 -0.367959 0.955668
vt 1.675831 -0.356169 0.970442
vt 1.678838 -0.368754 0.94837
vt 1.678935 -0.355404 0.925774
vt 1.653418 -0.367194 0.910308
vt 1.69675 -0.321428 0.990582
vt 1.703668 -0.332485 0.97301
vt 1.700765 -0.320663 0.946758
vt 1.696251 -0.301935 0.976483
vt 1.690154 -0.298406 0.999998
vt 1.695401 -0.297335 0.93817997
vt 1.668653 -0.309204 0.982503
vt 1.646494 -0.320002 0.970452
vt 1.64889 -0.318931 0.906716
vt 1.672543 -0.308133 0.919558
vt 1.64473 -0.326384 0.941252
vt 0.45864 -0.154763 0.245634
vt 0.597668 -0.155716 0.215358
vt 0.628089 -0.145928 0.372743
vt 0.540479 -0.145315 0.364572
vt 0.501897 -0.116721 0.448371
vt 0.419375 -0.123862 0.33962598
vt 0.66556 -0.089248 0.361539
vt 0.668392 -0.093849 0.201884
vt 0.433772 -0.030876 0.307828
vt 0.52292 -0.032116 0.438833
vt 0.496721 -0.064206 0.452833
vt 0.410956 -0.066938 0.344177
vt 0.597517 -0.022761 0.428976
vt 0.525434 -0.020922 0.233153
vt 0.658941 -0.04202 0.370128
vt 0.65503 -0.041335 0.20006
vt 0.031021 -0.139252 0.194719
vt 0.015616 -0.119599 0.34913
vt 0.105362 -0.119319 0.367352
vt 0.14257 -0.1466 0.199869
vt 0.179595 -0.172717 0.305254
vt 0.023139 -0.146941 0.047743
vt 0.266691 -0.157996 0.063569
vt 0.300487 -0.178899 0.110242
vt 0.009842 -0.094403 0.384258
vt 0.09976 -0.084153 0.34715798
vt 1.2406499 -0.047866 0.261966
vt 1.18642 -0.048724 0.125259
vt 0.080328 -0.047866 0.261966
vt 0.026098 -0.048724 0.125259
vt 1.260082 -0.084153 0.34715798
vt 0.73975897 -0.057095 0.056824
vt 0.50979 -0.040496 0.182652
vt 0.469882 -0.106649 1.0
vt 0.587594 -0.14874 0.582668
vt 0.589551 -0.110536 0.716762
vt 0.453941 -0.143608 0.92017597
vt 0.353874 -0.086809 0.586822
vt 0.615685 -0.090737 0.040814
vt 0.61256 -0.042138 0.112317
vt 0.379644 -0.00462 0.643783
vt 0.333663 -0.145859 0.517808
vt 0.28344 -0.137428 0.033894
vt 0.591579 -0.067594 0.68797
vt 0.469764 -0.053533 0.983324
vt 0.842241 -0.16669 0.495792
vt 0.84935 -0.131024 0.597614
vt 0.864614 -0.123807 0.516598
vt 0.825758 -0.18271 0.575339
vt 0.706811 -0.177006 0.5154
vt 0.724746 -0.099609 0.429589
vt 0.72708 -0.15779799 0.435665
vt 0.705478 -0.102447 0.51067
vt 0.843422 -0.08515 0.58730197
vt 0.853489 -0.089062 0.519066
vt 0.735117 -0.046041 0.512554
vt 0.750408 -0.059942998 0.448098
vt 0.379797 -0.033201 0.999994
vt 0.380442 -0.007579 0.825972
vt 0.386155 -0.001148 0.824844
vt 0.385687 -0.033838 0.995595
vt 0.391599 -0.034474 0.99623
vt 0.391507 -0.008585 0.823136
vt 0.390277 -0.056073 0.808044
vt 0.384437 -0.062503 0.806398
vt 0.379024 -0.055067 0.812634
vt 0.753228 -0.050126 0.466132
vt 0.711543 -0.062372 0.472463
vt 0.689693 -0.057509 0.360842
vt 0.755117 -0.045312 0.342123
vt 0.669729 -0.077857 0.386389
vt 0.696925 -0.076398 0.491883
vt 0.818648 -0.054016 0.373788
vt 0.796811 -0.064252 0.477594
vt 0.831909 -0.081335 0.391487
vt 0.803563 -0.078829 0.495577
vt 0.790741 -0.097361 0.479969
vt 0.803944 -0.103875 0.364378
vt 0.748028 -0.110414 0.336698
vt 0.747959 -0.102318 0.465098
vt 0.692013 -0.102244 0.353679
vt 0.706689 -0.095482 0.483608
vt 0.014032 -0.025845 1.000016
vt 0.05893 -0.019084 0.935446
vt 0.024308 -0.001459 0.959718
vt 0.053498 0.0 0.890678
vt 0.481161 -0.114649996 0.446087
vt 0.573336 -0.150635 0.39219
vt 0.117322 -0.107966 0.054976
vt 0.509921 -0.125832 0.812976
vt 0.542324 -0.125858 0.83965
vt 0.50771 -0.161817 0.605776
vt 0.556828 -0.145664 0.720789
vt 0.541572 -0.203469 0.389874
vt 0.529585 -0.206227 0.263263
vt 0.569184 -0.203976 0.321024
vt 0.509358 -0.200745 0.344441
vt 0.473225 -0.198238 0.298916
vt 0.483812 -0.198626 0.236672
vt 1.563151 -0.142608 0.97203
vt 1.581711 -0.13635 0.963999
vt 1.563961 -0.110712 0.973566
vt 1.578127 -0.102695 0.967397
vt 1.600508 -0.130091 0.959874
vt 1.592441 -0.094678 0.963504
vt 0.799386 -0.063598 0.51312
vt 0.796724 -0.04711 0.541991
vt 0.585044 -0.156893 0.267189
vt 0.38097098 -0.148774 0.697394
vt 0.548468 -0.032824 0.672661
vt 0.573647 -0.050526 0.794309
vt 0.555412 -0.062644 0.869667
vt 0.525364 -0.052173 0.847725
vt 0.546779 -0.021643 0.59724
vt 0.483102 -0.040992 0.560041
vt 0.411577 -0.012132 0.808143
vt 0.595375 -0.040382 0.418569
vt 0.20382 -0.030252 0.977317
vt 0.206826 -0.051095 0.999993
vt 0.556212 -0.096257 0.914223
vt 0.523241 -0.090312 0.880491
vt 0.793988 -0.177223 0.417797
vt 0.768014 -0.207348 0.506406
vt 0.204001 -0.046586 0.570548
vt 0.23174 -0.070131 0.60828197
vt 0.19652 -0.06891 0.58129
vt 0.242029 -0.051095 0.629096
vt 1.585372 -0.169772 0.952405
vt 1.600641 -0.167974 0.949215
vt 1.570245 -0.171569 0.958148
vt 0.614223 -0.020831 0.787575
vt 0.593605 -0.032012 0.42579
vt 0.620543 -0.045203 0.652126
vt 0.557822 -0.201444 0.210514
vt 0.590933 -0.203845 0.267328
vt 0.501206 -0.198993 0.177347
vt 0.636613 -0.09872 0.631887
vt 0.672943 -0.148259 0.381447
vt 0.60433 -0.147025 0.558395
vt 0.683525 -0.103366 0.443202
vt 0.686156 -0.055801 0.432958
vt 0.667124 -0.045491 0.28448
vt 0.642258 -0.034309 1.000002
vt 0.885951 -0.148273 0.143079
vt 0.893907 -0.141392 0.650269
vt 0.863469 -0.137641 0.32097
vt 0.974603 -0.150768 0.702535
vt 0.982832 -0.148774 0.828018
vt 0.90958 -0.143608 0.933294
vt 0.879645 -0.066794 0.710329
vt 0.857407 -0.083357 0.3881
vt 0.851743 -0.115625 0.393498
vt 0.876696 -0.112093 0.709992
vt 0.893801 -0.106649 0.99862
vt 0.896298 -0.053533 1.0
vt 0.897187 -0.075027 0.286538
vt 0.917543 -0.026714 0.557627
vt 0.948418 -0.012132 0.8167
vt 0.183253 -0.022972 0.380834
vt 0.159334 -0.010577 0.521543
vt 0.157354 -0.023348 0.507668
vt 0.169908 -0.005877 0.363345
vt 0.159168 -0.036833 0.419487
vt 0.144459 -0.033308 0.473436
vt 0.128797 -0.0018419999 0.316259
vt 0.142057 -0.003519 0.490488
vt 0.088165 -0.007228 0.35623398
vt 0.07693 -0.024716 0.353249
vt 0.117209 -0.009084 0.493128
vt 0.101809 -0.021715 0.497103
vt 0.118462 -0.039607 0.474097
vt 0.12509 -0.042218998 0.390387
vt 0.100208 -0.031814 0.495732
vt 0.090844 -0.038184 0.430641
vt 0.246005 -0.025081 0.223961
vt 0.219544 -0.00623 0.184966
vt 0.221238 -0.041633 0.204499
vt 0.008523 -0.003931 0.40597498
vt 0.0029 -0.00896 0.499862
vt 0.005278 0.0 -0.500106
vt 0.0 -0.005365 -0.443679
vt 0.039744 -0.007504 0.167198
vt 0.00848 -0.026721999 0.181602
vt 0.006629 -0.012606 0.095047
vt 0.012534 -0.007904 0.083892
vt 0.134809 -0.001699 0.081662
vt 0.047242 -0.042907 0.153476
vt 0.160135 -0.070239 0.209187
vt 0.148894 -0.068456 0.337315
vt 0.126365 -0.070036 0.186881
vt 0.156373 -0.047438 0.094167
vt 0.126132 -0.068154 0.320052
vt 0.101186 -0.067049 0.338759
vt 0.088805 -0.068957 0.211658
vt 0.073355 -0.087364 0.345293
vt 0.086924 -0.08725 0.314875
vt 0.07126 -0.088468 0.242152
vt 0.057484 -0.088662 0.278177
vt 0.062086 -0.086509 0.390481
vt 0.047236 -0.087795 0.327746
vt 0.348728 -0.056284 0.259598
vt 0.383935 -0.049482 0.232182
vt 0.327695 -0.050366 0.316919
vt 0.400709 -0.005918 0.255799
vt 0.397696 -0.029036 0.335984
vt 0.561805 -0.007504 0.167198
vt 0.530542 -0.026721999 0.181602
vt 0.341866 -0.006802 0.303552
vt 0.371154 0.0 0.264129
vt 0.340146 -0.030202 0.399728
vt 0.656871 -0.001699 0.081662
vt 1.579765 -0.16704799 0.790223
vt 1.561614 -0.168846 0.797159
vt 1.575455 -0.159153 0.718714
vt 1.554799 -0.155562 0.727217
vt 1.594507 -0.149624 0.714904
vt 1.598165 -0.165251 0.786352
vt 1.568301 -0.099096 0.753876
vt 1.564629 -0.104563 0.681247
vt 1.58809 -0.091816 0.792673
vt 1.587603 -0.103853 0.718962
vt 1.546752 -0.138532 0.732574
vt 1.552659 -0.139747 0.803644
vt 1.549394 -0.117544 0.732409
vt 1.553659 -0.10785 0.805083
vt 1.596392 -0.126015 0.716103
vt 1.5978839 -0.12723 0.788729
vt 1.555994 -0.10215 0.891531
vt 1.554754 -0.137015 0.890089
vt 1.563849 -0.168665 0.883074
vt 1.606096 -0.121307 0.874067
vt 1.601737 -0.164172 0.871813
vt 1.591796 -0.084092 0.878341
vt 1.5737619 -0.093121 0.883293
vt 1.633662 -0.387385 0.92558
vt 1.6018159 -0.38073 0.947156
vt 1.603105 -0.393299 0.923315
vt 1.627787 -0.375781 0.948094
vt 1.628557 -0.375017 0.902378
vt 1.60127 -0.379966 0.90141
vt 1.573434 -0.362728 0.956128
vt 1.570114 -0.376262 0.933645
vt 1.571471 -0.361964 0.910774
vt 1.569927 -0.343648 0.94448197
vt 1.574009 -0.337799 0.971242
vt 1.571288 -0.336727 0.907636
vt 1.620632 -0.32866699 0.96379
vt 1.5972329 -0.333233 0.964472
vt 1.596139 -0.332162 0.900371
vt 1.621206 -0.327595 0.899621
vt 1.625026 -0.332794 0.936036
vt 0.738659 -0.165881 0.210424
vt 0.813723 -0.17791 0.351025
vt 0.882959 -0.186143 0.221412
vt 0.730118 -0.159036 0.366219
vt 0.946154 -0.176389 0.321793
vt 0.864882 -0.168888 0.44084
vt 0.734846 -0.098499 0.204771
vt 0.72766 -0.097019 0.363206
vt 0.879207 -0.084369 0.464171
vt 0.968731 -0.083325 0.345933
vt 0.97434497 -0.125398 0.359554
vt 0.89012897 -0.122076 0.465806
vt 0.909297 -0.052232 0.271913
vt 0.816839 -0.055422 0.451623
vt 0.798405 -0.051576998 0.21389
vt 0.759107 -0.055021 0.381083
vt 0.764949 -0.143622 0.324761
vt 0.722796 -0.157829 0.112557
vt 0.649477 -0.18845 0.165366
vt 1.427013 -0.157996 0.063569
vt 0.762262 -0.109496 0.375863
vt 0.782633 -0.060259 0.231889
vt 0.766738 -0.069579 0.367322
vt 0.37859198 -0.093514 0.275771
vt 0.27699 -0.092038 0.218376
vt 0.472486 -0.07913 0.57534
vt 0.399992 -0.070503 0.315006
vt 0.116336 -0.051901 0.552511
vt 0.105176 -0.090679 0.537977
vt 0.19496 -0.059601 0.297063
vt 0.193909 -0.083917 0.308582
vt 0.107526 -0.017021 0.4241
vt 0.215072 -0.036743 0.25105
vt 0.326736 -0.038219 0.209172
vt 0.404381 -0.046341 0.318353
vt 0.286446 -0.088688 0.40368
vt 0.34171999 -0.087693 0.432403
vt 0.288385 -0.088131 0.523152
vt 0.333832 -0.087125 0.548351
vt 0.35565498 -0.070358 0.449973
vt 0.346038 -0.068092 0.563214
vt 0.25229 -0.042065 0.414441
vt 0.238266 -0.060562 0.439453
vt 0.248501 -0.057774 0.551404
vt 0.259555 -0.041355 0.530834
vt 0.357703 -0.050688 0.448215
vt 0.346687 -0.050439 0.559486
vt 0.311792 -0.042607 0.33377
vt 0.307753 -0.03793 0.49775898
vt 0.237876 -0.07907 0.445381
vt 0.247848 -0.078043 0.558363
vt 0.40241 -0.112641 0.828923
vt 0.36568 -0.068218 0.826106
vt 0.379764 -0.067348 0.870615
vt 0.398584 -0.102046 0.859394
vt 0.44682 -0.043876998 0.966799
vt 0.474609 -0.029719 0.98334
vt 0.471297 -0.019458 0.792223
vt 0.430315 -0.037283 0.777001
vt 0.457982 -0.05475 0.85887897
vt 0.471963 -0.052635 0.808722
vt 0.453977 -0.092649 0.916446
vt 0.455207 -0.103861 0.902473
vt 0.518649 -0.024751 0.744172
vt 0.505964 -0.033025 0.955311
vt 0.514171 -0.05475 1.000005
vt 0.525677 -0.052635 0.941922
vt 0.435256 -0.068218 0.910344
vt 0.446994 -0.067349 0.975014
vt 0.266893 -0.024358 0.599492
vt 0.318051 -0.070685 0.528509
vt 0.2678 -0.068419 0.61065
vt 0.316232 -0.018546 0.518941
vt 0.102246 -0.004284 0.372588
vt 0.220014 -0.009307 0.454543
vt 0.24263 -3.16E-4 0.239598
vt 0.156712 -0.013028 0.526743
vt 0.087621 -0.052168 0.595218
vt 0.133971 -0.053403 0.657867
vt 0.423645 -0.083621 0.903851
vt 0.397339 -0.082615 0.945816
vt 0.425777 -0.09085 0.817424
vt 0.447011 -0.073532 0.965781
vt 0.446137 -0.053264 0.97129
vt 0.379432 -0.043876998 0.861772
vt 0.4114 -0.029719 0.83689
vt 0.390808 -0.045929 0.992195
vt 0.413178 -0.03342 0.951918
vt 0.43952 -0.036845 0.95334
vt 0.448654 -0.033025 0.800915
vt 0.390728 -0.063582 0.984517
vt 0.47966298 -0.080684 0.724963
vt 0.495261 -0.03847 0.648522
vt 0.062299 -0.03402 0.826873
vt 0.058512 -0.055683 0.772797
vt 0.040721 -0.042652998 0.790708
vt 0.02287 -0.061809998 0.708908
vt 0.542473 -0.03847 0.768093
vt 0.537495 -0.011613 0.511675
vt 0.569127 -0.035202 0.650466
vt 0.338866 -0.055983 0.72901
vt 0.369158 -0.094261 0.651853
vt 0.337176 -0.080206 0.684945
vt 0.296699 -0.060048 0.921759
vt 0.300163 -0.078596 0.765395
vt 0.316722 -0.066382 0.846112
vt 0.462504 -0.008548 0.479183
vt 0.404077 -0.024702 0.598592
vt 0.413652 -0.055983 0.764946
vt 0.386199 -0.054412 0.655779
vt 0.26272 -0.094177 0.585757
vt 0.222098 -0.024358 0.943056
vt 0.192999 -0.009307 0.80842
vt 0.237425 -0.030252 0.60687
vt 0.128227 -0.078759 0.712552
vt 0.166024 -0.042077 0.629863
vt 0.164989 -0.062192 0.641718
vt 0.182716 -0.02402 0.580586
vt 0.078079 0.0 0.783183
vt 0.026548 -0.014713 0.434409
vt 0.009228 -0.003721 1.000006
vt 0.063358 -0.015081 0.630734
vt 0.159751 -0.110059 0.445029
vt 0.170576 -0.096628 0.726781
vt 0.212596 -0.11149 0.475518
vt 0.438426 -0.129012 0.66737497
vt 0.410899 -0.129207 0.648091
vt 0.418396 -0.129639 0.873519
vt 0.43393 -0.132986 0.930974
vt 0.390845 -0.12662 0.378646
vt 0.317708 -0.089415 0.544176
vt 0.450922 -0.125826 0.38612399
vt 0.447281 -0.124517 0.932855
vt 0.460664 -0.122418 0.747781
vt 0.487346 -0.118164 0.553924
vt 0.524135 -0.072503 0.619613
vt 0.121192 -0.102406 0.59483397
vt 0.209473 -0.028884 0.27950498
vt 0.087139 -0.0319 0.333078
vt 0.180254 -0.026606 0.246054
vt 0.098175 -0.030362 0.407526
vt 0.074415 -0.025905 0.463941
vt 0.085219 -0.022572 0.458358
vt 0.218696 -0.017491 0.095901
vt 0.0060529998 -0.021587 0.248292
vt 0.00322 -0.023654 0.280927
vt 0.07786 -0.031313 0.346546
vt 0.072249 -0.028148 0.440422
vt 0.21936 -0.028413 0.293628
vt 0.09895 -0.028185 0.444148
vt 0.090801 -0.022888 0.457634
vt 0.17404 -0.024655 0.234833
vt 0.189401 -0.017847 0.103561
vt 0.089231 -0.028861 0.708629
vt 0.085965 -0.025813 0.773014
vt 0.089214 -0.026336 0.791974
vt 0.084656 -0.028094 0.728019
vt 0.248821 -0.104749 0.705019
vt 0.203119 -0.099872 0.800147
vt 0.219296 -0.094177 0.932629
vt 0.238049 -0.099872 0.451111
vt 0.211995 -0.091915 0.476423
vt 0.188422 -0.091915 0.832701
vt 0.142704 -0.090343 0.858307
vt 0.159622 -0.087147 0.854377
vt 0.138557 -0.090343 0.571937
vt 0.164044 -0.087147 0.528957
vt 0.101321 -0.08598 0.827781
vt 0.132301 -0.078759 0.990072
vt 0.167244 -0.075274 0.573268
vt 0.191899 -0.079816 0.536587
vt 0.160752 -0.075274 0.908276
vt 0.176269 -0.079816 0.892224
vt 0.014614 -0.004522 0.499998
vt 0.014614 0.0 -0.500001
vt 0.0 -0.005222 0.33464
vt 0.219555 -0.080850996 0.530887
vt 0.205896 -0.018574 0.591167
vt 0.182501 -0.0147 0.53984797
vt 0.20794 -0.016812 0.638415
vt 0.181131 -0.012099 0.569751
vt 0.229774 -0.010043 0.491431
vt 0.242211 -0.023654 0.280927
vt 0.21047 -0.018151 0.593892
vt 0.229325 -0.00733 0.501173
vt 0.201446 -0.002297 0.272786
vt 0.230436 -0.008148 0.450821
vt 0.245043 -0.021587 0.248292
vt 0.19554 0.0 0.315727
vt 0.191294 -0.002687 0.294871
vt 0.179697 -0.012908 0.522067
vt 0.239212 -0.096103996 0.584234
vt 0.201532 -0.101821996 0.754735
vt 0.187656 -0.095629 0.50481
vt 0.243637 -0.100461 0.9067
vt 1.248856 -0.096103996 0.584234
vt 1.1973 -0.095629 0.50481
vt 0.273117 -0.08134 0.669185
vt 0.264238 -0.080655 0.999999
vt 0.491387 -0.09255 0.521373
vt 0.547684 -0.09363 0.422753
vt 0.533647 -0.111601 0.652699
vt 0.490151 -0.11024 0.828329
vt 0.465444 -0.076502 0.641845
vt 0.476274 -0.090434 0.962061
vt 0.469217 -0.056262 0.961952
vt 0.460238 -0.049358 0.629104
vt 0.562722 -0.018176 0.521213
vt 0.545876 -0.009779 0.764879
vt 0.503904 -0.015102 0.91748
vt 0.514016 -0.014355 0.60551
vt 0.482148 -0.026097 0.678449
vt 0.487401 -0.02722 0.999999
vt 0.544624 -0.058725 0.612971
vt 0.552768 -0.054949 0.418987
vt 0.290908 -0.057633 0.621659
vt 0.281356 -0.051054 0.952245
vt 0.204569 -0.053517 0.609223
vt 0.195835 -0.059611 0.419089
vt 1.205479 -0.059611 0.419089
vt 0.272807 -0.017441 0.942086
vt 0.280903 -0.02998 0.63355
vt 0.198981 -0.019221 0.435569
vt 0.217808 0.0 0.653482
vt 1.208625 -0.019221 0.435569
vt 0.254457 -0.016684 0.529748
vt 0.260321 -0.005323 0.834171
vt 0.050061 -0.00432 0.166214
vt 0.056132 -0.005769 0.43498
vt 0.115155 0.0 1.000008
vt 0.713433 -0.172038 0.754641
vt 0.711061 -0.173487 0.709762
vt 0.697066 -0.171598 0.525056
vt 0.625968 -0.17685 0.480237
vt 0.609497 -0.181931 0.441735
vt 0.555786 -0.183982 0.532272
vt 0.506875 -0.188031 0.469211
vt 0.650625 -0.179728 0.360238
vt 0.802804 -0.159648 0.662836
vt 0.743742 -0.167078 0.56633097
vt 0.160939 -0.026238 0.705499
vt 0.232831 -0.021277 0.389793
vt 0.266302 0.0 0.999992
vt 0.166453 -0.026388 0.522315
vt 0.278314 -0.160781 0.638137
vt 0.314954 -0.170829 0.551621
vt 0.228433 -0.156399 0.557926
vt 0.190543 -0.155725 0.481156
vt 0.041589 -0.004471 0.451275
vt 0.388888 -0.184669 0.251436
vt 0.434235 -0.182779 0.362876
vt 0.36752298 -0.178259 0.395272
vt 0.365557 -0.18337 0.262455
vt 0.25250798 -0.188491 0.277352
vt 0.194034 0.0 0.798841
vt 0.136127 -0.018797 0.607338
vt 0.195965 -0.0090499995 1.000001
vt 0.139874 -0.034236 0.894506
vt 0.386888 -0.340796 0.276099
vt 0.359051 -0.476978 0.433915
vt 0.413339 -0.495776 0.566438
vt 0.460148 -0.331778 0.361135
vt 0.081715 -0.031807 0.748935
vt 0.0791 -0.046324 0.763558
vt 0.385794 -0.508786 0.717675
vt 0.418009 -0.319981 0.428035
vt 0.348137 -0.487672 0.641396
vt 0.362462 -0.324514 0.398265
vt 0.029877 -0.021317 0.939542
vt 0.034239 -0.010694 0.557193
vt 0.257619 -0.021317 0.939542
vt 0.261982 -0.010694 0.557193
vt 0.276266 -0.092927 0.576414
vt 0.281323 -0.120564 0.171027
vt 0.0802 -0.119451 0.141851
vt 0.561131 -0.119451 0.141851
vt 0.363519 -0.019988 0.493332
vt 0.379108 0.0 0.113859
vt 0.080991 -0.056623 0.849985
vt 0.081847 -0.033527 0.84326
vt 0.030729 -0.040827 0.901734
vt 0.0521 -0.051647 0.985556
vt 0.0545 -0.017834 0.856957
vt 0.029692 0.0 0.808795
vt 0.355997 -0.05315 0.568755
vt 0.547324 -0.111794 0.424467
vt 0.066394 -0.111794 0.424467
vt 0.279187 -0.059023 0.938307
vt 0.277294 -0.080695 0.835643
vt 0.226414 -0.058594 0.811905
vt 0.202262 -0.036352 0.923335
vt 0.223748 -0.018817 1.000001
vt 0.201669 -0.070416 0.817786
vt 0.582896 -0.006312 0.352861
vt 0.599449 -0.034332998 0.557946
vt 0.035443 -0.006312 0.352861
vt 0.051996 -0.034332998 0.557946
vt 0.079205 -0.07516 0.665623
vt 0.043205 -0.072503 0.619613
vt 0.006416 -0.118164 0.553924
vt 0.358902 -0.087234996 0.672
vt 0.309725 -0.083811 0.625509
vt 0.27471 -0.08655 0.682493
vt 0.277756 -0.05558 0.7992
vt 0.280403 -0.05315 0.709803
vt 0.331466 -0.06382 0.759658
vt 0.308664 -0.054412 0.703059
vt 0.302993 -0.056774 0.780127
vt 0.530531 -0.064693 0.668533
vt 0.485907 -0.071886 0.723931
vt 0.004976 -0.071886 0.723931
vt 0.049601 -0.064693 0.668533
vt 0.082144 -0.066465 0.734555
vt 0.084181 -0.034307 0.698254
vt 0.081804 -0.034332998 0.60185
vt 0.014331 -0.03847 0.648522
vt 0.048384 -0.035202 0.597353
vt 0.055167 -0.035057 0.679433
vt 0.024559 -0.04402 0.705096
vt 0.505489 -0.04402 0.705096
vt 0.080981 -0.032565 0.312366
vt 0.214981 -0.029479 0.309538
vt 0.101415 -0.029752 0.444188
vt 0.087833 -0.026985 0.999983
vt 0.070842996 -0.027059 0.474322
vt 0.008027 -0.022599 0.29183
vt 0.088735 -0.021473 0.464633
vt 0.198473 -0.016414 0.082227
vt 0.178972 -0.014121 0.550743
vt 0.172866 -0.026011 0.262757
vt 0.194214 -0.001342 0.268929
vt 0.208679 -0.019133 0.61448
vt 0.247018 -0.022599 0.29183
vt 0.232613 -0.009017 0.489301
vt 0.606345 -0.164601 0.670702
vt 0.610814 -0.165797 0.710185
vt 0.553178 -0.127146 0.657977
vt 0.556304 -0.128668 0.680226
vt 0.54735 -0.068944 0.660681
vt 0.550642 -0.068208 0.682644
vt 0.684199 -0.026645 0.643422
vt 0.682011 -0.030346 0.614517
vt 0.686838 -0.099186 0.609236
vt 0.685001 -0.099222 0.586284
vt 0.578455 -0.013984 0.691757
vt 0.629198 -0.005019 0.626067
vt 0.632613 0.0 0.65407
vt 0.574242 -0.018494 0.664454
vt 0.659453 -0.164584 0.616546
vt 0.65728897 -0.162776 0.593778
vt 0.699354 -0.173637 0.612069
vt 0.746059 -0.199142 0.70954597
vt 0.701519 -0.17243 0.585247
vt 0.750387 -0.198049 0.662892
vt 0.698469 -0.102029 0.580699
vt 0.696423 -0.10123 0.607444
vt 0.780526 -0.037293 0.644684
vt 0.72212 -0.034529 0.652178
vt 0.776772 -0.032154 0.677512
vt 0.724549 -0.038891 0.618654
vt 0.814072 -0.184373 0.642034
vt 0.809956 -0.186395 0.667513
vt 0.836584 -0.132542 0.663325
vt 0.832399 -0.132447 0.688666
vt 0.824497 -0.074796 0.687479
vt 0.819884 -0.070723 0.719814
vt 0.747168 -0.192143 0.709627
vt 0.747932 -0.18732099 0.709689
vt 0.80435 -0.176577 0.6615
vt 0.80664897 -0.180581 0.663921
vt 0.808391 -0.174905 0.635973
vt 0.810721 -0.178767 0.638416
vt 0.752345 -0.186496 0.663095
vt 0.751547 -0.191208 0.663008
vt 0.709322 -0.165626 0.61259
vt 0.705259 -0.168893 0.612292
vt 0.711694 -0.164654 0.58591497
vt 0.707547 -0.167826 0.585557
vt 0.83162 -0.131284 0.657265
vt 0.828149 -0.130418 0.653205
vt 0.827472 -0.131159 0.68263
vt 0.824027 -0.130273 0.678588
vt 0.730737 -0.049949 0.62102
vt 0.709152 -0.104229 0.581826
vt 0.728219 -0.045439 0.62002
vt 0.7048 -0.103332 0.581274
vt 0.702618 -0.102563 0.60794
vt 0.706877 -0.10348 0.608439
vt 0.728088 -0.046124 0.654486
vt 0.725659 -0.041395 0.653511
vt 0.819995 -0.078331 0.682635
vt 0.816857 -0.080765 0.679395
vt 0.815423 -0.074552 0.715007
vt 0.812316 -0.077189 0.711793
vt 0.779398 -0.043975 0.644325
vt 0.778619 -0.048577 0.644085
vt 0.774849 -0.044085 0.676937
vt 0.775634 -0.039219 0.677167
vt 0.612395 -0.154606 0.708418
vt 0.653383 -0.153718 0.617325
vt 0.611923 -0.157944 0.708943
vt 0.655192 -0.156959 0.617066
vt 0.607485 -0.156926 0.669446
vt 0.60797 -0.153664 0.668917
vt 0.651123 -0.152205 0.594638
vt 0.65296 -0.155358 0.594354
vt 0.563691 -0.122653 0.671748
vt 0.561468 -0.124447 0.674231
vt 0.560588 -0.121388 0.64954
vt 0.558358 -0.123106 0.652012
vt 0.677903 -0.032034 0.644164
vt 0.675233 -0.034324 0.644568
vt 0.679899 -0.097759 0.609463
vt 0.676952 -0.097153 0.609662
vt 0.672887 -0.037591 0.615766
vt 0.674963 -0.097237 0.586829
vt 0.675604 -0.035431 0.61533
vt 0.677954 -0.097829 0.586594
vt 0.627419 -0.015686 0.627535
vt 0.579702 -0.02734 0.660046
vt 0.627949 -0.0125049995 0.627095
vt 0.578066 -0.024702 0.661337
vt 0.630805 -0.011278 0.655576
vt 0.582198 -0.020573 0.68874
vt 0.631343 -0.007914 0.655125
vt 0.583798 -0.023373 0.687492
vt 0.556281 -0.069718 0.676201
vt 0.558709 -0.07036 0.67354
vt 0.555453 -0.071048 0.651578
vt 0.553013 -0.07042 0.65424
vt 0.75351 -0.186295 0.651827
vt 0.809419 -0.1745 0.62980497
vt 0.71230197 -0.164418 0.579454
vt 0.779592 -0.049666 0.636138
vt 0.818024 -0.081632 0.671568
vt 0.731422 -0.050875 0.612914
vt 0.709735 -0.104411 0.575383
vt 0.829196 -0.130454 0.647072
vt 0.650358 -0.151718 0.587333
vt 0.60643 -0.15336 0.656219
vt 0.559543 -0.120981 0.642398
vt 0.626262 -0.017107 0.618515
vt 0.672083 -0.038645 0.60649
vt 0.554356 -0.071269 0.644517
vt 0.578308 -0.028619 0.651228
vt 0.674288 -0.097263 0.579475
vt 0.746768 -0.187912 0.724998
vt 0.801945 -0.176988 0.678786
vt 0.755948 -0.14239 0.589265
vt 0.732989 -0.136236 0.839879
vt 0.823347 -0.140075 0.02725
vt 0.810612 -0.13 0.69194
vt 0.708349 -0.16592 0.630567
vt 0.821392 -0.130161 0.695659
vt 0.720605 -0.109854 0.901957
vt 0.706266 -0.103146 0.62643
vt 0.726971 -0.04511 0.670927
vt 0.812731 -0.094635 0.69866
vt 0.788333 -0.061938 0.636693
vt 0.810271 -0.076518 0.727775
vt 0.714475 -0.079633 0.827983
vt 0.872828 -0.137228 0.033493
vt 0.744357 -0.060775 0.719117
vt 0.773161 -0.043045 0.69311
vt 0.654153 -0.154047 0.627959
vt 0.613168 -0.154974 0.717499
vt 1.061824 -0.136345 0.422279
vt 0.858782 -0.123311 0.718745
vt 1.064229 -0.136559 0.116236
vt 0.912863 -0.123833 0.676724
vt 0.926002 -0.105672 0.900566
vt 1.060308 -0.11108 0.695853
vt 0.565109 -0.122737 0.682061
vt 0.560167 -0.070039 0.683802
vt 1.058447 -0.068367 0.725518
vt 0.928145 -0.075983 0.919217
vt 0.58487 -0.022704 0.697099
vt 0.922593 -0.049314998 0.807225
vt 1.055833 -0.030467 0.591659
vt 0.631622 -0.010515 0.66528
vt 0.884155 -0.042448 0.697573
vt 1.048718 -0.020598 0.273087
vt 0.677282 -0.096993 0.620366
vt 1.034395 -0.088294 0.044082
vt 0.838405 -0.091168 0.71029997
vt 0.844313 -0.039509 0.049882
vt 0.841996 -0.055534 0.645423
vt 0.67575 -0.033743 0.654409
vt 0.811895 -0.04242 0.050883
vt 1.28581 -0.170882 0.238015
vt 0.951295 -0.186912 0.169336
vt 1.389412 -0.179026 0.174123
vt 0.996812 -0.17707899 0.280168
vt 0.756021 -0.166683 0.143102
vt 1.517456 -0.161785 0.111195
vt 1.448537 -0.067676 0.133159
vt 1.309771 -0.068306 0.187742
vt 0.9637 -0.053756 0.225731
vt 0.838389 -0.05284 0.153771
vt 1.017228 -0.084391 0.30868
vt 1.276834 -0.093983 0.266121
vt 1.26947 -0.130013 0.276636
vt 1.021216 -0.126543 0.323023
vt 0.749958 -0.099805 0.140042
vt 1.530446 -0.10741 0.11457
vt 2.236 -0.156263 0.200075
vt 2.409787 -0.156995 0.15414199
vt 1.763628 -0.152025 0.12312
vt 1.868049 -0.151387 0.197654
vt 0.390691 -0.156263 0.200075
vt 0.101247996 -0.125667 0.255957
vt 0.02274 -0.151387 0.197654
vt 0.367938 -0.125475 0.299299
vt 0.014381 -0.040821 0.147434
vt 0.473056 -0.023080999 0.179695
vt 0.077357 -0.0489 0.233479
vt 0.382452 -0.032683 0.267907
vt 0.100049 -0.07981 0.265702
vt 0.363073 -0.068889 0.307772
vt 1.677889 -0.057863 0.11509
vt 2.318365 -0.023080999 0.179695
vt 1.85969 -0.040821 0.147434
vt 2.488747 -0.043149 0.135214
vt 0.663242 -0.095662996 0.137256
vt 1.659896 -0.102378 0.1117
vt 0.643438 -0.043149 0.135214
vt 0.564478 -0.156995 0.15414199
vt 1.553161 -0.16654 0.505182
vt 1.514151 -0.161312 0.513582
vt 1.453847 -0.176724 0.226497
vt 1.356035 -0.169195 0.268216
vt 1.495322 -0.162981 0.454528
vt 1.542059 -0.168798 0.440862
vt 1.587995 -0.154181 0.487393
vt 1.551827 -0.16043 0.176954
vt 1.584758 -0.155514 0.42088
vt 1.574011 -0.090247 0.493661
vt 1.532368 -0.091272 0.478908
vt 1.388231 -0.072441 0.224526
vt 1.514249 -0.086749 0.412232
vt 1.567386 -0.086293 0.428517
vt 1.502561 -0.071513 0.190107
vt 1.499401 -0.135329 0.524905
vt 1.504717 -0.10875 0.524648
vt 1.341639 -0.096552 0.292052
vt 1.483352 -0.106072 0.465165
vt 1.33287 -0.130936 0.300181
vt 1.478165 -0.134405 0.46903
vt 1.590611 -0.119003 0.488421
vt 1.558704 -0.109404996 0.177965
vt 1.58783 -0.117008 0.423684
vt 1.646095 -0.144445 0.487831
vt 1.682902 -0.143696 0.50849
vt 1.651841 -0.145754 0.423279
vt 1.800793 -0.14997 0.243264
vt 1.696783 -0.145086 0.445914
vt 1.71038 -0.150712 0.182628
vt 1.628404 -0.112617 0.487457
vt 1.629843 -0.110843 0.42227
vt 1.644855 -0.104152 0.17654
vt 1.705624 -0.073206 0.51378
vt 1.720486 -0.096243 0.521612
vt 1.722748 -0.069092 0.456802
vt 1.883243 -0.082585 0.290816
vt 1.740077 -0.093466 0.466867
vt 1.858085 -0.052947998 0.264199
vt 1.716444 -0.125966 0.518514
vt 1.73663 -0.12591399 0.460562
vt 1.878063 -0.125721 0.28358
vt 1.631471 -0.080572 0.492582
vt 1.670667 -0.06873 0.471077
vt 1.782365 -0.045843 0.195446
vt 1.633823 -0.076335 0.421895
vt 1.683502 -0.063197 0.401452
vt 1.655771 -0.061846 0.180734
vt 0.811682 -0.176609 0.357585
vt 0.860612 -0.167418 0.446989
vt 0.795893 -0.176037 0.411035
vt 0.842969 -0.166329 0.492398
vt 0.948428 -0.176029 0.318512
vt 0.88752997 -0.1856 0.216793
vt 0.989351 -0.176229 0.283492
vt 0.943657 -0.186181 0.173681
vt 1.350311 -0.168647 0.263747
vt 1.449004 -0.176207 0.221738
vt 1.3966889 -0.178034 0.178951
vt 1.29265 -0.17017 0.239248
vt 0.627357 -0.142741 0.383268
vt 0.544595 -0.142877 0.371428
vt 0.561661 -0.141964 0.419589
vt 0.633348 -0.142858 0.432939
vt 0.400334 -0.154378 0.203686
vt 0.56686 -0.154224 0.16487099
vt 0.453102 -0.153217 0.239288
vt 0.594764 -0.154804 0.211878
vt 1.806011 -0.14855699 0.237978
vt 1.720788 -0.148577 0.174644
vt 1.760589 -0.150581 0.128902
vt 1.857971 -0.1494 0.202194
vt 1.542816 -0.168076 0.446719
vt 1.49726 -0.162426 0.459226
vt 1.512813 -0.161002 0.50800097
vt 1.551975 -0.166223 0.499628
vt 1.652545 -0.144554 0.429232
vt 1.695378 -0.143698 0.452427
vt 1.648591 -0.142921 0.479413
vt 1.6842769 -0.142638 0.50246
vt 0.885989 -0.1218 0.469973
vt 0.865776 -0.123312 0.511392
vt 1.383221 -0.072726 0.221065
vt 1.337642 -0.096675 0.288685
vt 1.319283 -0.06954 0.190634
vt 1.28469 -0.094674 0.26687
vt 1.498132 -0.135164 0.519731
vt 1.4806089 -0.1344 0.473456
vt 1.454751 -0.069083996 0.140268
vt 1.498892 -0.071787 0.186438
vt 0.728139 -0.157233 0.4302
vt 0.726111 -0.099293 0.423309
vt 0.731049 -0.158015 0.373811
vt 0.728513 -0.097193 0.369307
vt 0.85468 -0.088690996 0.513931
vt 0.799913 -0.063328 0.510731
vt 0.875987 -0.084782 0.468058
vt 0.81468 -0.056357 0.457763
vt 0.958592 -0.0542 0.228715
vt 1.011927 -0.084623 0.310404
vt 0.972163 -0.083779 0.340847
vt 0.913774 -0.053152 0.266483
vt 1.636 -0.077647 0.431375
vt 1.682826 -0.064624 0.408424
vt 1.6324149 -0.080649 0.489157
vt 1.671949 -0.068981 0.466212
vt 0.638756 -0.044237 0.143456
vt 0.478668 -0.024337 0.184475
vt 0.519032 -0.02349 0.225546
vt 0.649366 -0.042795 0.193172
vt 1.653801 -0.103578 0.168196
vt 1.661881 -0.062366 0.174857
vt 1.665681 -0.102312 0.119053
vt 1.682647 -0.059595 0.124277
vt 0.416253 -0.123148 0.33216
vt 0.376685 -0.124262996 0.300252
vt 0.664113 -0.093879 0.196401
vt 0.65586 -0.0952 0.146851
vt 0.520589 -0.066565 0.494723
vt 0.526855 -0.114107 0.497827
vt 0.501974 -0.06475 0.456119
vt 0.508609 -0.11508 0.453366
vt 0.088393 -0.080737 0.264974
vt 0.064737 -0.051351 0.235027
vt 0.037934 -0.082585 0.290816
vt 0.015358 -0.053402 0.261318
vt 0.012776 -0.052947998 0.264199
vt 0.040839 -0.082646 0.286987
vt 1.631025 -0.111938 0.478993
vt 1.631758 -0.110688 0.429115
vt 1.706178 -0.073389 0.510763
vt 1.719865 -0.070554 0.463306
vt 1.586966 -0.117388 0.430811
vt 1.584116 -0.155035 0.427044
vt 1.586847 -0.153937 0.48139
vt 1.589613 -0.118965 0.483297
vt 0.406729 -0.068055 0.333304
vt 0.369126 -0.069173 0.307884
vt 1.530628 -0.107869 0.121958
vt 1.518612 -0.161155 0.117469996
vt 1.554893 -0.109419 0.173051
vt 1.547013 -0.160013 0.170913
vt 0.428871 -0.033338 0.297964
vt 0.388399 -0.033678 0.269163
vt 1.276493 -0.129995 0.276943
vt 1.328283 -0.130749 0.296306
vt 1.567315 -0.087502 0.436629
vt 1.573401 -0.090341 0.490652
vt 0.656882 -0.043353 0.378512
vt 0.662506 -0.088888 0.370743
vt 0.663199 -0.090233 0.421731
vt 0.657761 -0.046428 0.435492
vt 1.788254 -0.046599 0.191235
vt 1.860667 -0.053402 0.261318
vt 0.003041 -0.043294 0.153581
vt 0.756126 -0.166083 0.150083
vt 0.750489 -0.099873 0.145496
vt 0.741016 -0.165543 0.205443
vt 0.738024 -0.09885 0.198371
vt 1.717359 -0.125355 0.513163
vt 1.721138 -0.096142 0.517386
vt 1.733535 -0.125185 0.465867
vt 1.736622 -0.093932 0.472249
vt 1.515925 -0.087644 0.417981
vt 1.485921 -0.106608 0.470273
vt 1.531109 -0.091365 0.473946
vt 1.503582 -0.108782 0.519988
vt 0.977293 -0.125409 0.354902
vt 1.015292 -0.126324 0.32479
vt 0.758894 -0.055796 0.386515
vt 0.751719 -0.059963 0.442112
vt 0.607286 -0.030781 0.49419
vt 0.599103 -0.02489 0.437525
vt 0.526186 -0.033342 0.442376
vt 0.54367 -0.037835 0.486714
vt 1.84835 -0.043294 0.153581
vt 0.835407 -0.053305 0.158513
vt 0.802804 -0.052499 0.207684
vt 0.037269 -0.12487 0.27825
vt 0.032754 -0.125721 0.28358
vt 0.091062 -0.124686 0.255792
vt 1.882578 -0.12487 0.27825
vt 0.012662 -0.1494 0.202194
vt 0.849391 -0.163349 0.464479
vt 0.804118 -0.171327 0.384376
vt 1.42361 -0.173811 0.200563
vt 1.326326 -0.166532 0.247507
vt 0.966204 -0.173447 0.295574
vt 0.91359 -0.182883 0.194579
vt 1.54607 -0.164741 0.47381198
vt 1.5064679 -0.159619 0.483238
vt 1.690283 -0.138302 0.477841
vt 1.655622 -0.138894 0.457358
vt 1.828728 -0.143048 0.218163
vt 1.749064 -0.143596 0.157017
vt 0.556546 -0.135242 0.393341
vt 0.52445 -0.111051 0.466593
vt 0.431251 -0.147808 0.217852
vt 0.403368 -0.120502 0.304878
vt 0.732137 -0.098 0.397752
vt 0.734159 -0.154274 0.40167
vt 1.496576 -0.108963996 0.493122
vt 1.523298 -0.091897 0.445488
vt 0.871989 -0.120828 0.485363
vt 1.353059 -0.07428 0.203463
vt 1.314426 -0.097338 0.271517
vt 1.725477 -0.095511 0.490963
vt 1.722146 -0.122351 0.486965
vt 0.057385 -0.121429 0.257447
vt 0.059723 -0.083008 0.264963
vt 1.584053 -0.118769 0.456712
vt 1.56711 -0.09125 0.46175998
vt 1.682226 -0.102062 0.147047
vt 1.306471 -0.12991899 0.280063
vt 0.987971 -0.085709 0.31976599
vt 0.992666 -0.12546399 0.332987
vt 1.4916509 -0.134373 0.494974
vt 0.571032 -0.148311 0.187793
vt 1.820859 -0.050278 0.172009
vt 1.882377 -0.056869 0.240064
vt 1.910046 -0.051351 0.235027
vt 0.519425 -0.066618 0.46848
vt 0.542021 -0.039584 0.461231
vt 0.932612 -0.05666 0.246419
vt 0.821577 -0.055903 0.185236
vt 0.626709 -0.047762 0.170365
vt 0.500704 -0.030004 0.206786
vt 1.641651 -0.081349 0.458235
vt 1.680271 -0.070493996 0.437121
vt 0.625933 -0.135983 0.405588
vt 1.581424 -0.152863 0.455008
vt 1.7115 -0.075043 0.483548
vt 0.417136 -0.038642 0.277028
vt 0.396576 -0.07047 0.310046
vt 0.861252 -0.086768 0.487478
vt 0.654958 -0.087916 0.395833
vt 1.936371 -0.124686 0.255792
vt 1.902694 -0.121429 0.257447
vt 1.693096 -0.06458 0.150856
vt 0.806337 -0.060224 0.48340198
vt 1.638693 -0.110082 0.456041
vt 0.757826 -0.060046 0.416297
vt 0.752697 -0.100224 0.173598
vt 0.650301 -0.048051 0.408194
vt 0.603639 -0.031474 0.464042
vt 1.470926 -0.073578 0.163296
vt 0.640801 -0.094019 0.17166
vt 0.756465 -0.163672 0.17811
vt 1.531128 -0.109497 0.148133
vt 0.037068 -0.056869 0.240064
vt 1.522643 -0.158267 0.146266
vt 0.721818 -0.192563 0.13017
vt 0.634956 -0.184009 0.090019
vt 0.847714 -0.20011 0.068331
vt 0.466626 -0.194692 0.036116
vt 0.464778 -0.195615 0.029931
vt 0.975959 -0.085239 0.496258
vt 0.964056 -0.092732 0.540926
vt 0.989376 -0.099364 0.560993
vt 1.00039 -0.088824 0.506628
vt 0.825777 -0.182931 0.018618999
vt 0.86345 -0.183687 0.019907
vt 0.995896 -0.007737 0.999999
vt 0.988671 -0.004065 0.987109
vt 0.999136 -0.001996 0.972298
vt 0.992503 0.0 0.96597
vt 1.017873 -0.145859 0.956192
vt 1.006419 -0.086808 0.897134
vt 1.021887 -0.145028 0.954297
vt 1.008657 -0.086393 0.893161
vt 0.990636 -0.004128 0.862527
vt 0.986987 -0.00462 0.867539
vt 1.020381 -0.146296 0.868886
vt 0.986106 -0.001773 0.793303
vt 0.310131 -0.14033 0.044798
vt 0.344425 -0.140697 0.026146
vt 0.39540198 -0.037012 0.030331999
vt 0.281517 -0.037561 0.008053
vt 0.243653 -0.006348 0.879701
vt 0.159959 -0.07122 0.789146
vt 0.245659 -0.002514 0.92714
vt 0.16546799 -0.076462 0.770746
vt 0.243255 -0.005619 0.864401
vt 0.156275 -0.067706 0.895549
vt 0.250817 -0.005113 0.853748
vt 0.343586 -0.061638 0.954443
vt 0.348919 -0.057165 0.9272
vt 0.248352 -0.001993 0.917066
vt 0.250547 -0.004393 0.837277
vt 0.35318398 -0.052882 1.000006
vt 0.137224 -0.074915 0.579098
vt 0.14165 -0.080318 0.512391
vt 0.10403 -0.069891 0.282757
vt 0.107614 -0.06502 0.372423
vt 0.109739 -0.06111 0.482757
vt 0.134919 -0.071563 0.698909
vt 0.071776 -0.067413 0.69368297
vt 0.092771 -0.063955 0.398375
vt 0.065437 -0.072406 0.673016
vt 0.084991 -0.068791 0.325906
vt 0.07656 -0.063651 0.784486
vt 0.097474 -0.060041 0.500991
vt 0.099957 -0.063321 0.361072
vt 0.103766 -0.059374 0.467129
vt 0.093445 -0.06813 0.277639
vt 0.247003 0.0 0.968982
vt 0.242725 -0.009239 0.777822
vt 0.24688 -0.003874 0.875379
vt 0.155204 -0.067958 0.87827
vt 0.158889 -0.071461 0.77126
vt 0.164451 -0.076714 0.749817
vt 0.060472 -0.053585 0.982781
vt 0.056144 -0.057834 0.909329
vt 0.059608 -0.052882 1.000006
vt 0.055343 -0.057165 0.9272
vt 0.344299 -0.062341 0.933818
vt 0.25132298 -0.009267 0.778571
vt 0.359013 -0.072406 0.673016
vt 0.378567 -0.068791 0.325906
vt 0.247141 -0.004445 0.887845
vt 0.243489 -0.010494 0.804082
vt 0.25082 -0.008023 0.750274
vt 0.050722 -0.062341 0.933818
vt 0.05001 -0.061638 0.954443
vt 0.354048 -0.053585 0.982781
vt 0.370137 -0.063651 0.784486
vt 0.39105 -0.060041 0.500991
vt 1.485386 -0.222072 0.677004
vt 1.483865 -0.260576 0.684962
vt 1.485658 -0.221809 0.679499
vt 1.483582 -0.259192 0.682476
vt 1.491629 -0.265782 0.692148
vt 1.493178 -0.22561 0.688703
vt 1.49248 -0.265707 0.691749
vt 1.49242 -0.224993 0.689051
vt 1.525589 -0.211276 0.588894
vt 1.504472 -0.193969 0.638539
vt 1.503848 -0.195055 0.637218
vt 1.527348 -0.20942199 0.589365
vt 1.534498 -0.211775 0.601031
vt 1.534199 -0.209578 0.598497
vt 1.511632 -0.19755399 0.649285
vt 1.510743 -0.195136 0.648509
vt 1.501415 -0.295918 0.670554
vt 1.502197 -0.29543298 0.670493
vt 1.523347 -0.308306 0.621376
vt 1.523178 -0.308487 0.621169
vt 1.51483 -0.30638 0.615067
vt 1.513761 -0.303945 0.615064
vt 1.493135 -0.292694 0.665223
vt 1.492572 -0.290383 0.663343
vt 1.54021 -0.243846 0.570688
vt 1.538327 -0.244294 0.571236
vt 1.548683 -0.245556 0.579512
vt 1.548755 -0.246195 0.581459
vt 1.545922 -0.281613 0.583914
vt 1.545988 -0.281576 0.584378
vt 1.535425 -0.279643 0.576351
vt 1.536839 -0.280115 0.575668
vt 1.544219 -0.282563 0.572243
vt 1.548265 -0.241943 0.568492
vt 1.494886 -0.299974 0.671151
vt 1.485027 -0.266363 0.695361
vt 1.48695 -0.220528 0.691633
vt 1.508007 -0.187734 0.646151
vt 1.533304 -0.203117 0.591048
vt 1.518119 -0.313868 0.615104
vt 0.434519 -0.075541 0.686545
vt 0.436491 -0.039685 0.662909
vt 0.436482 -0.041049 0.659748
vt 0.434791 -0.074913 0.683092
vt 0.427145 -0.076937 0.692619
vt 0.428356 -0.077012 0.693312
vt 0.429641 -0.040417 0.669915
vt 0.431336 -0.039361 0.670203
vt 0.423112 -0.107542 0.679829
vt 0.42248 -0.108926 0.682185
vt 0.414983 -0.109005 0.687428
vt 0.415617 -0.109537 0.687732
vt 0.378086 -0.117981 0.591756
vt 0.379923 -0.084779 0.570024
vt 0.377765 -0.084751 0.569179
vt 0.380914 -0.116502 0.592503
vt 0.372226 -0.115667 0.59954697
vt 0.372239 -0.116759 0.597659
vt 0.371233 -0.083741 0.575928
vt 0.371281 -0.083482 0.578527
vt 0.419443 -0.023111 0.608615
vt 0.419716 -0.024206 0.607994
vt 0.395389 -0.049903 0.570214
vt 0.394459 -0.048893 0.569919
vt 0.413773 -0.02129 0.617015
vt 0.387744 -0.04708 0.579622
vt 0.388074 -0.046428 0.577537
vt 0.412593 -0.022803 0.618377
vt 0.40103 -0.130659 0.641065
vt 0.399376 -0.133401 0.642328
vt 0.392965 -0.132016 0.647935
vt 0.393308 -0.132926 0.64759
vt 0.433751 -0.077351 0.696491
vt 0.436514 -0.036129 0.671154
vt 0.420395 -0.113558 0.690083
vt 0.371055 -0.084665 0.566667
vt 0.372288 -0.121003 0.590317
vt 0.389548 -0.043573 0.568412
vt 0.417743 -0.016247 0.612514
vt 0.395765 -0.139422 0.645141
vt 1.505505 -0.295986 0.673675
vt 1.526633 -0.308836 0.625146
vt 1.549135 -0.282283 0.588678
vt 1.53765 -0.212886 0.605159
vt 1.514849 -0.198725 0.652824
vt 1.495774 -0.266426 0.694688
vt 1.496449 -0.226568 0.69172
vt 1.551842 -0.247142 0.585841
vt 0.391472 -0.131648 0.649708
vt 0.41345 -0.10868 0.688932
vt 0.42557 -0.076696 0.694034
vt 0.428016 -0.040276 0.671402
vt 0.386161 -0.046944 0.581668
vt 0.36979 -0.083263 0.580664
vt 0.370764 -0.115348 0.601597
vt 0.410949 -0.022728 0.620149
vt 1.669098 -0.334736 0.974522
vt 1.682317 -0.347012 0.966838
vt 1.679517 -0.345936 0.955975
vt 1.672179 -0.335831 0.984552
vt 1.662299 -0.332395 0.953277
vt 1.673616 -0.343746 0.93400097
vt 1.690363 -0.33318 0.95553297
vt 1.688011 -0.331793 0.944607
vt 1.68271 -0.328779 0.920976
vt 1.687301 -0.313443 0.945023
vt 1.689526 -0.315253 0.955707
vt 1.682033 -0.309316 0.920767
vt 1.679664 -0.29061 0.951757
vt 1.682166 -0.292834 0.962718
vt 1.674244 -0.285965 0.928968
vt 1.662778 -0.316769 0.98257
vt 1.665901 -0.318152 0.99207
vt 1.655511 -0.313652 0.96137
vt 1.669006 -0.280516 0.969279
vt 1.664365 -0.295485 0.992574
vt 1.661162 -0.293564 0.98262197
vt 1.671997 -0.282955 0.980107
vt 1.654287 -0.289568 0.962113
vt 1.663052 -0.275816 0.948569
vt 0.297621 -0.06249 0.47911
vt 0.274252 -0.067586 0.435434
vt 0.2489 -0.081019 0.950914
vt 0.239248 -0.07151 0.931256
vt 0.251012 -0.058265 0.463712
vt 0.259615 -0.064043 0.963342
vt 0.289484 -0.039195 0.565907
vt 0.299421 -0.052737 0.522263
vt 0.245894 -0.028282 0.916557
vt 0.238978 -0.053183 0.921277
vt 0.244802 -0.047258 0.520028
vt 0.250628 -0.034963 0.563063
vt 0.26576 -0.043674 0.961356
vt 0.266367 -0.020829 0.949291
vt 0.270429 -0.030561 0.568624
vt 0.257024 -0.012345 0.929266
vt 0.257024 -0.012345 0.929266
vt 0.266411 -0.020073 0.950474
vt 0.249996 -0.011597 0.954774
vt 0.259977 -0.017889 0.971853
vt 0.258448 -0.019411 0.973498
vt 0.251044 -0.0091119995 0.951205
vt 0.238978 -0.053183 0.921277
vt 0.245894 -0.028282 0.916557
vt 0.239797 -0.026184 0.940756
vt 0.239717 -0.026922 0.943524
vt 0.232918 -0.051376 0.946276
vt 0.23315799 -0.050959 0.94873
vt 0.265767 -0.04355 0.96237
vt 0.25786 -0.041235 0.985045
vt 0.257646 -0.041233 0.985167
vt 0.259506 -0.064313 0.964589
vt 0.251929 -0.060771998 0.987148
vt 0.251929 -0.060771998 0.987148
vt 0.242163 -0.077754 0.975641
vt 0.2421 -0.077317 0.975921
vt 0.248132 -0.082601 0.953472
vt 0.238224 -0.07242 0.932633
vt 0.233249 -0.06827 0.957994
vt 0.23300199 -0.069729 0.955693
vt 0.244105 -0.091034 0.967163
vt 0.257926 -0.068329 0.983208
vt 0.266925 -0.011039 0.964618
vt 0.254954 0.0 0.938176
vt 0.2315 -0.078466 0.941929
vt 0.231187 -0.054326 0.928904
vt 0.265903 -0.041297 0.980666
vt 0.240355 -0.021176 0.921994
vt 0.041015 -0.045776 0.606526
vt 0.006279 -0.058625 0.610307
vt 0.425688 -0.106185 0.677543
vt 0.404214 -0.128993 0.63928
vt 0.05133 -0.027333 0.577711
vt 0.436873 -0.073449 0.679751
vt 0.039992 -0.009175 0.530254
vt 0.438194 -0.041218 0.655829
vt 1.04296 -0.009175 0.530254
vt 0.99802 0.0 0.505147
vt 0.42157 -0.024932 0.604382
vt 0.960833 -0.0149489995 0.546369
vt 0.956353 -0.033979 0.596327
vt 0.397727 -0.051467 0.567486
vt 0.382983 -0.085246 0.56808
vt 0.971353 -0.051602 0.614026
vt 0.384413 -0.116526 0.591196
vt 1.009247 -0.058625 0.610307
vt 0.718187 -0.104993 0.559507
vt 0.760521 -0.112548 0.55323
vt 1.490234 -0.288353 0.66208297
vt 1.510757 -0.301763 0.614405
vt 0.795658 -0.099793 0.581821
vt 1.53205 -0.279124 0.575283
vt 0.800685 -0.080027 0.588132
vt 1.53547 -0.244038 0.569382
vt 0.701707 -0.087257996 0.567301
vt 0.706895 -0.067085 0.560866
vt 1.481822 -0.256875 0.680326
vt 1.483894 -0.221067 0.673565
vt 0.7854 -0.061857 0.562859
vt 1.523416 -0.211787 0.585817
vt 0.743235 -0.052183 0.551876
vt 1.502206 -0.194616 0.633743
vt 1.668158 -0.335257 0.97333
vt 1.661251 -0.31694 0.981489
vt 1.6624709 -0.333502 0.956008
vt 1.655546 -0.314466 0.964766
vt 1.679274 -0.346255 0.954873
vt 1.674021 -0.344498 0.935224
vt 1.659943 -0.292915 0.981712
vt 1.654356 -0.289645 0.963994
vt 1.687611 -0.312437 0.94059
vt 1.688104 -0.331734 0.941979
vt 1.68366 -0.3292 0.922027
vt 1.683044 -0.309344 0.921811
vt 1.668498 -0.279331 0.967795
vt 1.67967 -0.288929 0.948278
vt 1.674836 -0.285713 0.929861
vt 1.663205 -0.275691 0.949185
vt 1.665937 -0.273416 0.96041
vt 1.679689 -0.283629 0.937317
vt 1.688535 -0.309493 0.927623
vt 1.654862 -0.290221 0.978029
vt 1.655676 -0.317562 0.977676
vt 1.68862 -0.33141398 0.927641
vt 1.676726 -0.34956 0.943484
vt 1.663161 -0.338008 0.96713
vt 0.263057 -0.379022 0.573637
vt 0.251855 -0.386935 0.615878
vt 0.260653 -0.397477 0.613585
vt 0.272489 -0.389563 0.574664
vt 0.263975 -0.379 0.58222
vt 0.272823 -0.389038 0.58337
vt 0.253359 -0.386536 0.622033
vt 0.261654 -0.396575 0.620192
vt 0.275954 -0.380004 0.732807
vt 0.273597 -0.378723 0.692523
vt 0.276323 -0.382411 0.693606
vt 0.26998 -0.381491 0.705434
vt 0.272661 -0.385179 0.70615
vt 0.268203 -0.37889 0.62566
vt 0.27436098 -0.386405 0.627112
vt 0.275075 -0.385043 0.649764
vt 0.270167 -0.378833 0.648337
vt 0.260467 -0.384532 0.653987
vt 0.263873 -0.383495 0.671153
vt 0.266373 -0.392048 0.653824
vt 0.268626 -0.389706 0.671499
vt 0.260872 -0.384488 0.654716
vt 0.268239 -0.378919 0.626168
vt 0.270167 -0.378833 0.648337
vt 0.263873 -0.383495 0.671153
vt 0.266422 -0.391971 0.654103
vt 0.268626 -0.389706 0.671499
vt 0.275075 -0.385043 0.649764
vt 0.27422 -0.386291 0.628919
vt 0.26762 -0.390096 0.660969
vt 0.263509 -0.3842 0.659642
vt 0.273318 -0.385538 0.640786
vt 0.269089 -0.379642 0.638646
vt 0.2707 -0.299125 0.392101
vt 0.257651 -0.289142 0.392324
vt 0.275498 -0.281647 0.355639
vt 0.289677 -0.29163 0.360422
vt 0.276587 -0.281627 0.363917
vt 0.289777 -0.291134 0.368624
vt 0.259765 -0.288764 0.398299
vt 0.271998 -0.298272 0.398529
vt 0.290749 -0.284866 0.472252
vt 0.289159 -0.282589 0.508393
vt 0.287008 -0.281373 0.469989
vt 0.281662 -0.283995 0.48049
vt 0.285346 -0.287488 0.482248
vt 0.281378 -0.281526 0.405764
vt 0.290222 -0.288644 0.409789
vt 0.283487 -0.281474 0.427574
vt 0.290419 -0.287356 0.431082
vt 0.269461 -0.28687 0.429595
vt 0.273931 -0.28589 0.446534
vt 0.27792 -0.293988 0.431282
vt 0.28064 -0.291772 0.448504
vt 0.270026 -0.286828 0.430381
vt 0.281413 -0.281554 0.406249
vt 0.283487 -0.281474 0.427574
vt 0.273931 -0.28589 0.446534
vt 0.277983 -0.293915 0.431559
vt 0.28064 -0.291772 0.448504
vt 0.290419 -0.287356 0.431082
vt 0.289952 -0.288535 0.411394
vt 0.273683 -0.286556 0.435721
vt 0.279501 -0.29214 0.438356
vt 0.288233 -0.287824 0.421958
vt 0.282245 -0.282239 0.418158
vt 0.294951 -0.20095 0.106954
vt 0.326052 -0.184736 0.075421
vt 0.371207 -0.193998 0.096548
vt 0.24935 -0.191688 0.104162
vt 0.365541 -0.193535 0.10369
vt 0.325591 -0.184714 0.084241
vt 0.257264 -0.191335 0.110051
vt 0.297977 -0.200155 0.114043
vt 0.32206 -0.185556 0.235074
vt 0.323347 -0.184441 0.195696
vt 0.330862 -0.187681 0.20135699
vt 0.310232 -0.186873 0.201496
vt 0.317881 -0.190113 0.206096
vt 0.324234 -0.184606 0.128514
vt 0.346061 -0.191209 0.141368
vt 0.323843 -0.18455 0.151416
vt 0.339615 -0.190006 0.161575
vt 0.286261 -0.189562 0.143679
vt 0.296334 -0.188646 0.162781
vt 0.308799 -0.196166 0.150219
vt 0.312568 -0.194102 0.169177
vt 0.287752 -0.189523 0.144718
vt 0.324183 -0.184632 0.129011
vt 0.296334 -0.188646 0.162781
vt 0.323843 -0.18455 0.151416
vt 0.308912 -0.196098 0.150537
vt 0.312568 -0.194102 0.169177
vt 0.339615 -0.190006 0.161575
vt 0.344811 -0.191108 0.142552
vt 0.297012 -0.189267 0.151934
vt 0.31155398 -0.194448 0.158362
vt 0.337113 -0.190444 0.150597
vt 0.323052 -0.185264 0.141201
vt 0.680819 -0.102175 0.333463
vt 0.69977 -0.10894 0.292096
vt 0.697813 -0.093547 0.349442
vt 0.717711 -0.100312 0.313906
vt 0.68041 -0.101495 0.326753
vt 0.69697 -0.093278 0.341784
vt 0.716203 -0.099721 0.307556
vt 0.698704 -0.107938 0.287145
vt 0.673583 -0.0899 0.211682
vt 0.681843 -0.089886 0.246628
vt 0.673307 -0.092904 0.242334
vt 0.690246 -0.092253 0.231724
vt 0.681308 -0.095271 0.22652599
vt 0.678078 -0.098082 0.29313
vt 0.692097 -0.091931 0.303578
vt 0.689064 -0.091234 0.283999
vt 0.676649 -0.096317 0.275779
vt 0.707602 -0.096754 0.276329
vt 0.702355 -0.09522 0.260682
vt 0.692757 -0.102905996 0.262587
vt 0.689225 -0.100303 0.250108
vt 0.706864 -0.09667 0.275417
vt 0.692042 -0.091943 0.303098
vt 0.689064 -0.091234 0.283999
vt 0.702355 -0.09522 0.260682
vt 0.692689 -0.102829 0.262436
vt 0.689225 -0.100303 0.250108
vt 0.676649 -0.096317 0.275779
vt 0.678353 -0.097948 0.291677
vt 0.701904 -0.096119 0.269638
vt 0.691004 -0.100953 0.258759
vt 0.680227 -0.097068 0.28218
vt 0.690654 -0.092233 0.291337
# 1869 texture coords

g Object

usemtl Horns
s 41
f 1975/2075/1986 1974/2076/1987 1973/2077/1988 1972/2078/1989
s 42
f 1975/2075/1986 1978/2079/1990 1977/2080/1991 1976/2081/1992
s 43
f 1976/2081/1992 1979/2082/1993 1974/2076/1987 1975/2075/1986
s 41
f 1972/2078/1989 1980/2083/1994 1978/2079/1990 1975/2075/1986
s 44
f 1984/2087/1998 1983/2084/1995 1982/2085/1996 1981/2086/1997
s 45
f 1986/2088/1999 1985/2089/2000 1983/2084/1995 1984/2087/1998
s 44
f 1984/2087/1998 1988/2091/2002 1987/2090/2001 1986/2088/1999
f 1981/2086/1997 1989/2092/2003 1988/2091/2002 1984/2087/1998
s 46
f 1991/2094/2005 1990/2093/2004 1973/2077/1988 1974/2076/1987
s 47
f 1993/2096/2007 1992/2095/2006 1980/2083/1994 1972/2078/1989
s 48
f 1995/2097/2008 1994/2098/2009 1987/2090/2001 1988/2091/2002
s 45
f 1996/2099/2010 1987/2090/2001 1994/2098/2009
s 44
f 1988/2091/2002 1989/2092/2003 1997/2100/2011 1995/2097/2008
f 1981/2086/1997 1982/2085/1996 1999/2101/2012 1998/2102/2013
s 42
f 1978/2079/1990 1980/2083/1994 2001/2104/2015 2000/2103/2014
s 45
f 1986/2088/1999 1987/2090/2001 1996/2099/2010 2002/2105/2016
s 42
f 2001/2104/2015 1980/2083/1994 1992/2095/2006
s 45
f 2004/2107/2018 1985/2089/2000 2003/2106/2017
s 49
f 2006/2108/2019 2005/2109/2020 1982/2085/1996 1983/2084/1995
s 50
f 1999/2101/2012 1982/2085/1996 2005/2109/2020
s 41
f 2007/2110/2021 1973/2077/1988 1990/2093/2004
s 43
f 2009/2112/2023 2008/2111/2022 1979/2082/1993 1976/2081/1992
s 44
f 1998/2102/2013 2010/2113/2024 1989/2092/2003 1981/2086/1997
s 51
f 2000/2103/2014 2011/2114/2025 1977/2080/1991 1978/2079/1990
s 52
f 2002/2105/2016 2003/2106/2017 1985/2089/2000 1986/2088/1999
s 45
f 1983/2084/1995 1985/2089/2000 2004/2107/2018 2006/2108/2019
s 41
f 1972/2078/1989 1973/2077/1988 2007/2110/2021 1993/2096/2007
s 44
f 1997/2100/2011 1989/2092/2003 2010/2113/2024
s 43
f 2012/2115/2026 1977/2080/1991 2011/2114/2025
f 1974/2076/1987 1979/2082/1993 2013/2116/2027 1991/2094/2005
f 1976/2081/1992 1977/2080/1991 2012/2115/2026 2009/2112/2023
f 2013/2116/2027 1979/2082/1993 2008/2111/2022
s 42
f 2000/2103/2014 2001/2104/2015 2015/2118/2029 2014/2117/2028
s 49
f 2017/2119/2030 2016/2120/2031 2005/2109/2020 2006/2108/2019
s 53
f 2019/2122/2033 2013/2116/2027 2008/2111/2022 2018/2121/2032
s 54
f 2021/2123/2034 2020/2124/2035 2010/2113/2024 1998/2102/2013
s 55
f 2023/2125/2036 1996/2099/2010 1994/2098/2009 2022/2126/2037
s 44
f 1998/2102/2013 1999/2101/2012 2024/2127/2038 2021/2123/2034
s 48
f 2025/2128/2039 2022/2126/2037 1994/2098/2009 1995/2097/2008
s 43
f 2027/2130/2041 2012/2115/2026 2011/2114/2025 2026/2129/2040
s 55
f 2002/2105/2016 1996/2099/2010 2023/2125/2036 2028/2131/2042
s 45
f 2006/2108/2019 2004/2107/2018 2029/2132/2043 2017/2119/2030
s 56
f 2031/2133/2044 2030/2134/2045 1992/2095/2006 1993/2096/2007
s 52
f 2028/2131/2042 2032/2135/2046 2003/2106/2017 2002/2105/2016
s 57
f 1995/2097/2008 1997/2100/2011 2033/2136/2047 2025/2128/2039
s 41
f 1993/2096/2007 2007/2110/2021 2034/2137/2048 2031/2133/2044
s 58
f 2014/2117/2028 2026/2129/2040 2011/2114/2025 2000/2103/2014
s 59
f 2035/2138/2049 2018/2121/2032 2008/2111/2022 2009/2112/2023
s 50
f 2024/2127/2038 1999/2101/2012 2005/2109/2020 2016/2120/2031
s 43
f 2009/2112/2023 2012/2115/2026 2027/2130/2041 2035/2138/2049
s 49
f 2029/2132/2043 2004/2107/2018 2003/2106/2017 2032/2135/2046
s 43
f 1991/2094/2005 2013/2116/2027 2019/2122/2033 2036/2139/2050
s 46
f 2036/2139/2050 2037/2140/2051 1990/2093/2004 1991/2094/2005
s 57
f 2033/2136/2047 1997/2100/2011 2010/2113/2024 2020/2124/2035
s 41
f 2034/2137/2048 2007/2110/2021 1990/2093/2004 2037/2140/2051
s 42
f 2015/2118/2029 2001/2104/2015 1992/2095/2006 2030/2134/2045
s 60
f 2039/2144/2053 2019/2142/2033 2018/2141/2032 2038/2143/2052
s 61
f 2041/2148/2055 2034/2145/2048 2037/2147/2051 2040/2146/2054
s 48
f 2043/2150/2057 2033/2136/2047 2020/2124/2035 2042/2149/2056
f 2025/2128/2039 2033/2136/2047 2043/2150/2057 2044/2151/2058
s 52
f 2028/2131/2042 2023/2125/2036 2046/2152/2059 2045/2153/2060
s 49
f 2048/2154/2061 2047/2155/2062 2016/2120/2031 2017/2119/2030
s 61
f 2031/2156/2044 2034/2145/2048 2041/2148/2055 2049/2157/2063
s 42
f 2014/2158/2028 2015/2160/2029 2051/2161/2065 2050/2159/2064
s 59
f 2035/2163/2049 2027/2164/2041 2053/2162/2066 2052/2165/2067
s 44
f 2054/2166/2068 2042/2149/2056 2020/2124/2035 2021/2123/2034
s 60
f 2055/2167/2069 2040/2146/2054 2037/2147/2051 2036/2168/2050
s 52
f 2046/2152/2059 2023/2125/2036 2022/2126/2037 2056/2169/2070
f 2045/2153/2060 2057/2170/2071 2032/2135/2046 2028/2131/2042
s 44
f 2021/2123/2034 2024/2127/2038 2058/2171/2072 2054/2166/2068
s 60
f 2036/2168/2050 2019/2142/2033 2039/2144/2053 2055/2167/2069
s 50
f 2058/2171/2072 2024/2127/2038 2016/2120/2031 2047/2155/2062
s 62
f 2044/2151/2058 2056/2169/2070 2022/2126/2037 2025/2128/2039
s 63
f 2053/2162/2066 2027/2164/2041 2026/2172/2040 2059/2173/2073
s 59
f 2052/2165/2067 2038/2143/2052 2018/2141/2032 2035/2163/2049
s 49
f 2060/2174/2074 2029/2132/2043 2032/2135/2046 2057/2170/2071
s 45
f 2017/2119/2030 2029/2132/2043 2060/2174/2074 2048/2154/2061
s 56
f 2049/2157/2063 2061/2175/2075 2030/2176/2045 2031/2156/2044
s 64
f 2051/2161/2065 2015/2160/2029 2030/2176/2045 2061/2175/2075
s 58
f 2050/2159/2064 2059/2173/2073 2026/2172/2040 2014/2158/2028
s 49
f 2063/2177/2076 2060/2174/2074 2057/2170/2071 2062/2178/2077
s 52
f 2065/2179/2078 2046/2152/2059 2056/2169/2070 2064/2180/2079
s 62
f 2066/2181/2080 2064/2180/2079 2056/2169/2070 2044/2151/2058
s 59
f 2068/2183/2082 2067/2182/2081 2038/2143/2052 2052/2165/2067
s 62
f 2044/2151/2058 2043/2150/2057 2069/2184/2083 2066/2181/2080
f 2069/2184/2083 2043/2150/2057 2042/2149/2056 2070/2185/2084
s 50
f 2054/2166/2068 2058/2171/2072 2072/2187/2086 2071/2186/2085
s 56
f 2074/2188/2087 2073/2189/2088 2061/2175/2075 2049/2157/2063
f 2049/2157/2063 2041/2148/2055 2075/2190/2089 2074/2188/2087
s 52
f 2045/2153/2060 2046/2152/2059 2065/2179/2078 2076/2191/2090
s 49
f 2078/2193/2092 2077/2192/2091 2047/2155/2062 2048/2154/2061
s 64
f 2050/2159/2064 2051/2161/2065 2080/2195/2094 2079/2194/2093
s 60
f 2082/2197/2096 2081/2196/2095 2040/2146/2054 2055/2167/2069
s 52
f 2076/2191/2090 2062/2178/2077 2057/2170/2071 2045/2153/2060
s 50
f 2071/2186/2085 2070/2185/2084 2042/2149/2056 2054/2166/2068
s 59
f 2052/2165/2067 2053/2162/2066 2083/2198/2097 2068/2183/2082
s 50
f 2072/2187/2086 2058/2171/2072 2047/2155/2062 2077/2192/2091
s 56
f 2075/2190/2089 2041/2148/2055 2040/2146/2054 2081/2196/2095
s 60
f 2055/2167/2069 2039/2144/2053 2084/2199/2098 2082/2197/2096
s 64
f 2079/2194/2093 2085/2200/2099 2059/2173/2073 2050/2159/2064
s 59
f 2084/2199/2098 2039/2144/2053 2038/2143/2052 2067/2182/2081
s 63
f 2083/2198/2097 2053/2162/2066 2059/2173/2073 2085/2200/2099
s 64
f 2080/2195/2094 2051/2161/2065 2061/2175/2075 2073/2189/2088
s 49
f 2048/2154/2061 2060/2174/2074 2063/2177/2076 2078/2193/2092
s 62
f 2066/2181/2080 1968/2201/2100 2064/2180/2079
s 49
f 2077/2192/2091 1967/2202/2101 1971/2203/2102 2072/2187/2086
f 2078/2193/2092 1967/2202/2101 2077/2192/2091
f 2078/2193/2092 2063/2177/2076 1967/2202/2101
s 56
f 2073/2189/2088 1970/2204/2103 1969/2205/2104 2080/2195/2094
s 60
f 2082/2197/2096 2084/2199/2098 1964/2206/2105
s 52
f 2076/2191/2090 1965/2207/2106 2062/2178/2077
s 59
f 2068/2183/2082 1966/2208/2107 2067/2182/2081
s 56
f 2074/2188/2087 1970/2204/2103 2073/2189/2088
s 64
f 2079/2194/2093 1969/2205/2104 2085/2200/2099
f 2085/2200/2099 1969/2205/2104 1966/2208/2107 2083/2198/2097
s 52
f 2076/2191/2090 2065/2179/2078 1965/2207/2106
s 60
f 2082/2197/2096 1964/2206/2105 2081/2196/2095
s 50
f 2071/2186/2085 1971/2203/2102 2070/2185/2084
s 62
f 2064/2180/2079 1968/2201/2100 1965/2207/2106 2065/2179/2078
s 52
f 2062/2178/2077 1965/2207/2106 1967/2202/2101 2063/2177/2076
s 50
f 2070/2185/2084 1971/2203/2102 1968/2201/2100 2069/2184/2083
s 60
f 2081/2196/2095 1964/2206/2105 1970/2204/2103 2075/2190/2089
s 59
f 2067/2182/2081 1966/2208/2107 1964/2206/2105 2084/2199/2098
s 56
f 2074/2188/2087 2075/2190/2089 1970/2204/2103
s 62
f 2066/2181/2080 2069/2184/2083 1968/2201/2100
s 64
f 2079/2194/2093 2080/2195/2094 1969/2205/2104
s 65
f 2071/2186/2085 2072/2187/2086 1971/2203/2102
s 59
f 2068/2183/2082 2083/2198/2097 1966/2208/2107
s 66
f 2089/2209/2108 2088/2210/2109 2087/2211/2110 2086/2212/2111
f 2091/2213/2112 2088/2210/2109 2089/2209/2108 2090/2214/2113
f 2092/2215/2114 2087/2211/2110 2088/2210/2109 2091/2213/2112
f 2090/2214/2113 2089/2209/2108 2086/2212/2111 2093/2216/2115
f 2093/2216/2115 2086/2212/2111 2087/2211/2110 2092/2215/2114
f 2095/2217/2116 2098/2218/2117 2094/2219/2118
f 2094/2219/2118 2098/2218/2117 2096/2220/2119
f 2096/2220/2119 2098/2218/2117 2097/2221/2120
f 2097/2221/2120 2098/2218/2117 2095/2217/2116
f 2103/2222/2121 2091/2213/2112 2090/2214/2113 2110/2223/2122
f 2109/2224/2123 2095/2217/2116 2094/2219/2118 2105/2225/2124
f 2104/2226/2125 2092/2215/2114 2091/2213/2112 2103/2222/2121
f 2105/2225/2124 2094/2219/2118 2096/2220/2119 2106/2227/2126
f 2107/2228/2127 2093/2216/2115 2092/2215/2114 2104/2226/2125
f 2106/2227/2126 2096/2220/2119 2097/2221/2120 2108/2229/2128
f 2110/2223/2122 2090/2214/2113 2093/2216/2115 2107/2228/2127
f 2108/2229/2128 2097/2221/2120 2095/2217/2116 2109/2224/2123
f 2111/2230/2129 2104/2226/2125 2103/2222/2121 2118/2231/2130
f 2117/2233/2132 2105/2225/2124 2106/2227/2126 2113/2232/2131
f 2112/2234/2133 2107/2228/2127 2104/2226/2125 2111/2230/2129
f 2113/2232/2131 2106/2227/2126 2108/2229/2128 2114/2235/2134
f 2114/2235/2134 2108/2229/2128 2109/2224/2123 2115/2236/2135
f 2116/2237/2136 2110/2223/2122 2107/2228/2127 2112/2234/2133
f 2115/2236/2135 2109/2224/2123 2105/2225/2124 2117/2233/2132
f 2118/2231/2130 2103/2222/2121 2110/2223/2122 2116/2237/2136
f 2102/2239/2138 2112/2234/2133 2111/2230/2129 2101/2238/2137
f 2101/2238/2137 2113/2232/2131 2114/2235/2134 2102/2239/2138
f 2102/2239/2138 2114/2235/2134 2115/2236/2135 2100/2240/2139
f 2100/2240/2139 2116/2237/2136 2112/2234/2133 2102/2239/2138
f 2100/2240/2139 2115/2236/2135 2117/2233/2132 2099/2241/2140
f 2099/2241/2140 2118/2231/2130 2116/2237/2136 2100/2240/2139
f 2099/2241/2140 2117/2233/2132 2113/2232/2131 2101/2238/2137
f 2101/2238/2137 2111/2230/2129 2118/2231/2130 2099/2241/2140
usemtl Bodyskin
f 2151/2244/2143 2136/2242/2141 2130/2243/2142 2150/2245/2144
f 2153/2246/2145 3183/2249/2148 3185/2247/2146 2152/2248/2147
f 2149/2251/2150 3184/2250/2149 3183/2249/2148 2153/2246/2145
f 2154/2252/2151 2129/2253/2152 2136/2242/2141 2151/2244/2143
usemtl Hand_wear and lower pant
f 2979/2255/2154 2143/2254/2153 2148/2257/2156 2980/2256/2155
f 2924/2258/2157 2147/2261/2160 2146/2259/2158 3009/2260/2159
f 3032/2263/2162 2144/2262/2161 2143/2254/2153 2979/2255/2154
f 3009/2260/2159 2146/2259/2158 2145/2265/2164 3010/2264/2163
usemtl Bodyskin
f 2170/2267/2166 2120/2266/2165 2133/2269/2168 2169/2268/2167
f 2169/2268/2167 2134/2270/2169 2123/2271/2170 2170/2267/2166
f 2168/2273/2172 2128/2272/2171 2134/2270/2169 2169/2268/2167
f 2169/2268/2167 2133/2269/2168 2125/2274/2173 2168/2273/2172
f 2182/2277/2176 2174/2275/2174 2173/2276/2175 2181/2278/2177
f 2173/2281/2175 2172/2279/2178 2180/2280/2179 2181/2282/2177
f 2183/2284/2181 2175/2283/2180 2174/2275/2174 2182/2277/2176
f 2176/2286/2183 2175/2283/2180 2183/2284/2181 2184/2285/2182
f 2177/2287/2184 2176/2286/2183 2184/2285/2182 2185/2288/2185
f 2178/2289/2186 2177/2287/2184 2185/2288/2185 2186/2290/2187
f 2179/2293/2189 2178/2292/2186 2186/2294/2187 2187/2291/2188
f 2172/2279/2178 2179/2293/2189 2187/2291/2188 2180/2280/2179
f 2546/2296/2191 2544/2298/2193 2668/2297/2192 2669/2295/2190
usemtl Dress
f 2669/2299/2190 2670/2300/2194 2166/2301/2195 2546/2302/2191
f 2198/2306/2199 2165/2305/2198 2167/2304/2197 2196/2303/2196
f 2196/2303/2196 2663/2308/2201 2660/2307/2200 2198/2306/2199
usemtl Hand_wear and lower pant
f 2209/2311/2204 2119/2309/2202 2131/2310/2203 2210/2312/2205
f 2210/2312/2205 2132/2313/2206 2121/2314/2207 2209/2311/2204
f 2204/2315/2208 2144/2262/2161 3032/2263/2162 3029/2316/2209
f 3029/2316/2209 3010/2264/2163 2145/2265/2164 2204/2315/2208
usemtl Bodyskin
f 2199/2317/2210 2150/2245/2144 2130/2243/2142 3192/2318/2211
usemtl Dress
f 2549/2321/2214 2162/2320/2213 2171/2322/2215 2214/2319/2212
usemtl Bodyskin
f 2214/2323/2212 2533/2324/2216 2548/2326/2217 2549/2325/2214
f 3193/2328/2219 2129/2253/2152 2154/2252/2151 2212/2327/2218
f 2213/2331/2222 2529/2333/2224 3235/2332/2223 2527/2330/2221 2215/2329/2220
usemtl Dress
f 2547/2334/2225 2161/2335/2226 2162/2320/2213 2549/2321/2214
usemtl Hand_wear and lower pant
f 2201/2336/2227 2147/2261/2160 2924/2258/2157 2923/2337/2228
f 2923/2337/2228 2980/2256/2155 2148/2257/2156 2201/2336/2227
usemtl Dress
f 2546/2302/2191 2166/2301/2195 2161/2335/2226 2547/2334/2225
usemtl Bodyskin
f 2215/2329/2220 2527/2330/2221 2528/2338/2229 2197/2339/2230
usemtl Hand_wear and lower pant
f 2287/2340/2231 2288/2341/2232 2132/2313/2206 2210/2312/2205
f 2210/2312/2205 2131/2310/2203 2286/2342/2233 2287/2340/2231
usemtl Bodyskin
f 2202/2344/2235 2530/2343/2234 2533/2324/2216 2214/2323/2212
usemtl Dress
f 2214/2319/2212 2171/2322/2215 2163/2346/2236 2202/2345/2235
f 2217/2347/2237 2165/2305/2198 2198/2306/2199 2216/2348/2238
f 2216/2350/2238 2198/2352/2199 2660/2349/2200 2661/2351/2239
f 2218/2353/2240 2164/2356/2243 2671/2354/2241 2672/2355/2242
f 2219/2357/2244 2202/2345/2235 2163/2346/2236 2220/2358/2245
usemtl Bodyskin
f 2534/2360/2246 2530/2343/2234 2202/2344/2235 2219/2359/2244
usemtl Dress
f 2220/2358/2245 2163/2346/2236 2164/2356/2243 2218/2353/2240
f 2221/2361/2247 2127/2363/2249 2208/2362/2248 2222/2364/2250
f 2222/2364/2250 3192/2366/2211 2130/2365/2142 2221/2361/2247
f 3188/2367/2251 3192/2366/2211 2222/2364/2250
f 2222/2364/2250 2208/2362/2248 2541/2368/2252 3188/2367/2251
f 2223/2372/2256 2122/2371/2255 2135/2370/2254 2224/2369/2253
f 2224/2369/2253 2136/2373/2141 2129/2374/2152 2223/2372/2256
f 2537/2377/2259 2540/2378/2260 2203/2376/2258 2525/2375/2257
f 2525/2375/2257 3193/2380/2219 3187/2379/2261
f 2223/2372/2256 2129/2374/2152 3193/2380/2219 2525/2375/2257
f 2525/2375/2257 2203/2376/2258 2122/2371/2255 2223/2372/2256
f 2221/2361/2247 2130/2365/2142 2136/2373/2141 2224/2369/2253
f 2224/2369/2253 2135/2370/2254 2127/2363/2249 2221/2361/2247
usemtl Bodyskin
f 2235/2384/2265 2231/2382/2263 2230/2383/2264 2234/2381/2262
f 2234/2381/2262 2230/2383/2264 2229/2386/2267 2252/2385/2266
f 2237/2388/2269 2232/2387/2268 2231/2382/2263 2235/2384/2265
f 2238/2389/2270 2226/2390/2271 2233/2392/2273 2239/2391/2272
f 2252/2385/2266 2229/2386/2267 2228/2393/2274 2251/2394/2275
f 2251/2394/2275 2228/2393/2274 2227/2395/2276 2255/2396/2277
f 2239/2391/2272 2233/2392/2273 2232/2387/2268 2237/2388/2269
f 2255/2396/2277 2227/2395/2276 2226/2390/2271 2238/2389/2270
f 2242/2397/2278 2235/2384/2265 2234/2381/2262 2243/2398/2279
f 2243/2398/2279 2234/2381/2262 2252/2385/2266 2253/2399/2280
f 2244/2402/2283 2236/2401/2282 2240/2400/2281 2245/2403/2284
f 2246/2404/2285 2238/2389/2270 2239/2391/2272 2247/2405/2286
f 2245/2403/2284 2240/2400/2281 2241/2406/2287 2248/2407/2288
f 2247/2405/2286 2239/2391/2272 2237/2388/2269 2249/2408/2289
f 2249/2408/2289 2237/2388/2269 2235/2384/2265 2242/2397/2278
f 2254/2409/2290 2255/2396/2277 2238/2389/2270 2246/2404/2285
f 2253/2399/2280 2252/2385/2266 2258/2410/2291 2259/2411/2292
f 2250/2413/2294 2253/2399/2280 2259/2411/2292 2256/2412/2293
f 2252/2385/2266 2251/2394/2275 2257/2414/2295 2258/2410/2291
f 2261/2416/2297 2255/2396/2277 2254/2409/2290 2260/2415/2296
f 2251/2394/2275 2255/2396/2277 2261/2416/2297 2257/2414/2295
f 2254/2409/2290 2250/2419/2294 2256/2418/2293 2260/2417/2296
f 2236/2420/2282 2258/2410/2291 2257/2414/2295 2240/2400/2281
f 2244/2421/2283 2259/2411/2292 2258/2410/2291 2236/2420/2282
f 2245/2403/2284 2256/2418/2293 2259/2422/2292 2244/2402/2283
f 2240/2400/2281 2257/2414/2295 2261/2416/2297 2241/2406/2287
f 2248/2407/2288 2260/2417/2296 2256/2418/2293 2245/2403/2284
f 2241/2406/2287 2261/2416/2297 2260/2423/2296 2248/2407/2288
f 2262/2426/2299 2128/2425/2171 2168/2427/2172 2263/2424/2298
f 2263/2428/2298 2250/2419/2294 2254/2409/2290 2262/2429/2299
f 2263/2424/2298 2168/2427/2172 2125/2430/2173 2264/2431/2300
f 2264/2431/2300 2253/2399/2280 2250/2413/2294 2263/2424/2298
f 2266/2432/2301 2123/2271/2170 2134/2270/2169 2265/2433/2302
f 2265/2433/2302 2246/2404/2285 2247/2405/2286 2266/2432/2301
f 2267/2435/2304 2120/2266/2165 2170/2267/2166 2268/2434/2303
f 2268/2434/2303 2249/2408/2289 2242/2436/2278 2267/2435/2304
f 2264/2431/2300 2125/2430/2173 2133/2438/2168 2269/2437/2305
f 2269/2437/2305 2243/2398/2279 2253/2399/2280 2264/2431/2300
f 2265/2433/2302 2134/2270/2169 2128/2272/2171 2262/2429/2299
f 2262/2429/2299 2254/2409/2290 2246/2404/2285 2265/2433/2302
f 2268/2434/2303 2170/2267/2166 2123/2271/2170 2266/2432/2301
f 2266/2432/2301 2247/2405/2286 2249/2408/2289 2268/2434/2303
f 2269/2439/2305 2133/2269/2168 2120/2266/2165 2267/2435/2304
f 2267/2440/2304 2242/2397/2278 2243/2398/2279 2269/2437/2305
usemtl Hand_wear and lower pant
f 2285/2442/2307 2276/2444/2309 2763/2443/2308 2764/2441/2306
f 2764/2441/2306 2763/2443/2308 2274/2446/2311 2289/2445/2310
f 2281/2447/2312 2275/2448/2313 2272/2450/2315 2280/2449/2314
f 2282/2451/2316 2270/2452/2317 2276/2444/2309 2285/2442/2307
f 2283/2453/2318 2271/2454/2319 2270/2452/2317 2282/2451/2316
f 2289/2445/2310 2274/2446/2311 2273/2456/2321 2284/2455/2320
f 2284/2455/2320 2273/2456/2321 2275/2448/2313 2281/2447/2312
f 2280/2449/2314 2272/2450/2315 2271/2454/2319 2283/2453/2318
f 2291/2458/2323 2131/2310/2203 2119/2309/2202 2290/2457/2322
f 2290/2457/2322 2283/2453/2318 2282/2451/2316 2291/2458/2323
f 2292/2459/2324 2286/2342/2233 2131/2310/2203 2291/2458/2323
f 2291/2458/2323 2282/2451/2316 2285/2442/2307 2292/2459/2324
f 2293/2461/2326 2132/2313/2206 2288/2341/2232 2294/2460/2325
f 2294/2460/2325 2289/2445/2310 2284/2455/2320 2293/2461/2326
f 2295/2462/2327 2121/2314/2207 2132/2313/2206 2293/2461/2326
f 2293/2461/2326 2284/2455/2320 2281/2447/2312 2295/2462/2327
f 2296/2463/2328 2209/2311/2204 2121/2314/2207 2295/2462/2327
f 2295/2462/2327 2281/2447/2312 2280/2449/2314 2296/2463/2328
f 2298/2464/2329 2126/2465/2330 2207/2466/2331 2297/2467/2332
f 2297/2467/2332 2278/2468/2333 2279/2469/2334 2298/2464/2329
f 2290/2457/2322 2119/2309/2202 2209/2311/2204 2296/2463/2328
f 2296/2463/2328 2280/2449/2314 2283/2453/2318 2290/2457/2322
f 2297/2467/2332 2207/2466/2331 2124/2470/2335 2299/2471/2336
f 2299/2471/2336 2277/2472/2337 2278/2468/2333 2297/2467/2332
f 2300/2474/2339 2286/2342/2233 2292/2459/2324 2301/2473/2338
f 2301/2473/2338 2299/2471/2336 2124/2470/2335 2300/2474/2339
f 2302/2475/2340 2277/2472/2337 2299/2471/2336 2301/2473/2338
f 2301/2473/2338 2292/2459/2324 2285/2442/2307 2302/2475/2340
f 2304/2476/2341 2207/2466/2331 2126/2465/2330 2303/2477/2342
f 2303/2477/2342 2288/2341/2232 2287/2340/2231 2304/2476/2341
f 2305/2479/2344 2764/2441/2306 2289/2445/2310 2306/2478/2343
f 2306/2478/2343 2279/2469/2334 2278/2468/2333 2305/2479/2344
f 2303/2477/2342 2126/2465/2330 2298/2464/2329 2307/2480/2345
f 2307/2480/2345 2294/2460/2325 2288/2341/2232 2303/2477/2342
f 2302/2475/2340 2285/2442/2307 2764/2441/2306 2305/2479/2344
f 2305/2479/2344 2278/2468/2333 2277/2472/2337 2302/2475/2340
f 2306/2478/2343 2289/2445/2310 2294/2460/2325 2307/2480/2345
f 2307/2480/2345 2298/2464/2329 2279/2469/2334 2306/2478/2343
f 2300/2474/2339 2124/2470/2335 2207/2466/2331 2304/2476/2341
f 2304/2476/2341 2287/2340/2231 2286/2342/2233 2300/2474/2339
f 2927/2481/2346 2921/2484/2349 2922/2483/2348 2928/2482/2347
f 2975/2486/2351 2982/2485/2350 2921/2484/2349 2927/2481/2346
f 2928/2482/2347 2922/2483/2348 3007/2487/2352 2977/2488/2353
f 3001/2489/2354 3031/2490/2355 2981/2491/2356 2995/2492/2357
f 2970/2494/2359 3030/2493/2358 3031/2490/2355 3001/2489/2354
f 2995/2492/2357 2981/2491/2356 2982/2485/2350 2975/2486/2351
f 2977/2488/2353 3007/2487/2352 3008/2495/2360 2969/2496/2361
f 2969/2496/2361 3008/2495/2360 3030/2493/2358 2970/2494/2359
usemtl Dress
f 2316/2500/2363 2208/2497/2248 2127/2498/2249 2317/2499/2362
f 2317/2499/2362 2672/2355/2242 3178/2501/2364 2316/2500/2363
f 2536/2503/2365 2541/2502/2252 2208/2497/2248 2316/2500/2363
f 2316/2500/2363 3178/2501/2364 3180/2504/2366 2536/2503/2365
f 2317/2499/2362 2127/2498/2249 2135/2505/2254 2318/2506/2367
f 2318/2506/2367 2218/2353/2240 2672/2355/2242 2317/2499/2362
f 2319/2507/2368 2122/2371/2255 2203/2376/2258 2320/2508/2369
f 2320/2510/2369 2219/2357/2244 2220/2358/2245 2319/2509/2368
f 2318/2511/2367 2135/2370/2254 2122/2371/2255 2319/2507/2368
f 2319/2509/2368 2220/2358/2245 2218/2353/2240 2318/2506/2367
f 2320/2510/2369 2203/2376/2258 2540/2378/2260 2538/2512/2370
f 2538/2512/2370 2534/2513/2246 2219/2357/2244 2320/2510/2369
usemtl Bodyskin
f 2352/2515/2372 2332/2517/2374 2338/2514/2371 2353/2516/2373
f 2354/2520/2377 3186/2521/2378 3181/2518/2375 2355/2519/2376
f 2355/2519/2376 3181/2518/2375 3182/2522/2379 2351/2523/2380
f 2353/2516/2373 2338/2514/2371 2331/2525/2382 2356/2524/2381
usemtl Hand_wear and lower pant
f 2912/2526/2383 2350/2529/2386 2345/2527/2384 2942/2528/2385
f 2951/2531/2388 2348/2533/2390 2349/2530/2387 2952/2532/2389
f 2942/2528/2385 2345/2527/2384 2346/2534/2391 2955/2535/2392
f 3028/2537/2394 2347/2536/2393 2348/2533/2390 2951/2531/2388
usemtl Bodyskin
f 2371/2541/2398 2335/2538/2395 2322/2539/2396 2372/2540/2397
f 2372/2540/2397 2325/2543/2400 2336/2542/2399 2371/2541/2398
f 2371/2541/2398 2336/2542/2399 2330/2544/2401 2370/2545/2402
f 2370/2545/2402 2327/2546/2403 2335/2538/2395 2371/2541/2398
f 2383/2548/2405 2375/2549/2406 2376/2550/2407 2384/2547/2404
f 2383/2548/2405 2382/2552/2409 2374/2551/2408 2375/2549/2406
f 2384/2547/2404 2376/2550/2407 2377/2553/2410 2385/2554/2411
f 2386/2556/2413 2385/2554/2411 2377/2553/2410 2378/2555/2412
f 2387/2557/2414 2386/2556/2413 2378/2555/2412 2379/2558/2415
f 2388/2560/2417 2387/2557/2414 2379/2558/2415 2380/2559/2416
f 2389/2562/2419 2388/2560/2417 2380/2559/2416 2381/2561/2418
f 2382/2566/2409 2389/2564/2419 2381/2563/2418 2374/2565/2408
f 2662/2568/2421 2668/2297/2192 2544/2569/2193 2545/2567/2420
usemtl Dress
f 2545/2570/2420 2368/2571/2422 2665/2573/2423 2662/2572/2421
f 2398/2577/2427 2369/2574/2424 2367/2576/2426 2400/2575/2425
f 2400/2575/2425 2531/2579/2429 2532/2578/2428 2398/2577/2427
usemtl Hand_wear and lower pant
f 2412/2581/2431 2333/2580/2430 2321/2582/2432 2411/2583/2433
f 2411/2583/2433 2323/2585/2435 2334/2584/2434 2412/2581/2431
f 2956/2586/2436 2955/2535/2392 2346/2534/2391 2406/2587/2437
f 2406/2587/2437 2347/2536/2393 3028/2537/2394 2956/2586/2436
usemtl Bodyskin
f 3191/2589/2439 2332/2517/2374 2352/2515/2372 2401/2588/2438
usemtl Dress
f 2416/2590/2440 2373/2591/2441 2364/2592/2442 2550/2593/2443
usemtl Bodyskin
f 2550/2595/2443 2548/2326/2217 2533/2324/2216 2416/2594/2440
f 2414/2597/2445 2356/2524/2381 2331/2525/2382 3194/2596/2444
f 2417/2599/2447 2527/2330/2221 3235/2332/2223 2529/2333/2224 2415/2598/2446
usemtl Dress
f 2550/2593/2443 2364/2592/2442 2363/2600/2448 2543/2601/2449
usemtl Hand_wear and lower pant
f 2911/2602/2450 2952/2532/2389 2349/2530/2387 2403/2603/2451
f 2403/2603/2451 2350/2529/2386 2912/2526/2383 2911/2602/2450
usemtl Dress
f 2543/2601/2449 2363/2600/2448 2368/2571/2422 2545/2570/2420
usemtl Hairs
f 2399/2605/2452 2528/2606/2229 2527/2604/2221 2417/2607/2447
usemtl Hand_wear and lower pant
f 2412/2581/2431 2334/2584/2434 2492/2609/2454 2490/2608/2453
f 2490/2608/2453 2489/2610/2455 2333/2580/2430 2412/2581/2431
usemtl Bodyskin
f 2416/2594/2440 2533/2324/2216 2530/2343/2234 2404/2611/2456
usemtl Dress
f 2404/2612/2456 2365/2613/2457 2373/2591/2441 2416/2590/2440
f 2418/2614/2458 2400/2575/2425 2367/2576/2426 2419/2615/2459
f 2535/2616/2460 2531/2579/2429 2400/2575/2425 2418/2614/2458
f 2666/2618/2462 2664/2619/2463 2366/2617/2461 2420/2620/2464
f 2422/2621/2465 2365/2613/2457 2404/2612/2456 2421/2622/2466
usemtl Bodyskin
f 2421/2623/2466 2404/2611/2456 2530/2343/2234 2534/2360/2246
usemtl Dress
f 2420/2620/2464 2366/2617/2461 2365/2613/2457 2422/2621/2465
f 2424/2627/2470 2410/2624/2467 2329/2626/2469 2423/2625/2468
f 2423/2625/2468 2332/2629/2374 3191/2628/2439 2424/2627/2470
f 2424/2627/2470 3191/2628/2439 3188/2367/2251
f 3188/2367/2251 2541/2368/2252 2410/2624/2467 2424/2627/2470
f 2426/2633/2474 2337/2632/2473 2324/2631/2472 2425/2630/2471
f 2425/2630/2471 2331/2635/2382 2338/2634/2371 2426/2633/2474
f 2526/2637/2476 2405/2636/2475 2540/2378/2260 2537/2377/2259
f 3187/2379/2261 3194/2638/2444 2526/2637/2476
f 2526/2637/2476 3194/2638/2444 2331/2635/2382 2425/2630/2471
f 2425/2630/2471 2324/2631/2472 2405/2636/2475 2526/2637/2476
f 2426/2633/2474 2338/2634/2371 2332/2629/2374 2423/2625/2468
f 2423/2625/2468 2329/2626/2469 2337/2632/2473 2426/2633/2474
usemtl Bodyskin
f 2436/2639/2477 2432/2641/2479 2433/2640/2478 2437/2642/2480
f 2454/2643/2481 2431/2644/2482 2432/2641/2479 2436/2639/2477
f 2437/2642/2480 2433/2640/2478 2434/2646/2484 2439/2645/2483
f 2441/2647/2485 2435/2649/2487 2428/2650/2488 2440/2648/2486
f 2453/2652/2490 2430/2651/2489 2431/2644/2482 2454/2643/2481
f 2457/2654/2492 2429/2653/2491 2430/2651/2489 2453/2652/2490
f 2439/2645/2483 2434/2646/2484 2435/2649/2487 2441/2647/2485
f 2440/2648/2486 2428/2650/2488 2429/2653/2491 2457/2654/2492
f 2445/2655/2493 2436/2639/2477 2437/2642/2480 2444/2656/2494
f 2455/2657/2495 2454/2643/2481 2436/2639/2477 2445/2655/2493
f 2447/2659/2497 2442/2658/2496 2438/2660/2498 2446/2661/2499
f 2449/2662/2500 2441/2647/2485 2440/2648/2486 2448/2663/2501
f 2450/2664/2502 2443/2665/2503 2442/2658/2496 2447/2659/2497
f 2451/2666/2504 2439/2645/2483 2441/2647/2485 2449/2662/2500
f 2444/2656/2494 2437/2642/2480 2439/2645/2483 2451/2666/2504
f 2448/2663/2501 2440/2648/2486 2457/2654/2492 2456/2667/2505
f 2461/2668/2506 2460/2669/2507 2454/2643/2481 2455/2657/2495
f 2458/2670/2508 2461/2668/2506 2455/2657/2495 2452/2671/2509
f 2460/2669/2507 2459/2672/2510 2453/2652/2490 2454/2643/2481
f 2462/2674/2512 2456/2667/2505 2457/2654/2492 2463/2673/2511
f 2459/2672/2510 2463/2673/2511 2457/2654/2492 2453/2652/2490
f 2462/2674/2512 2458/2670/2508 2452/2671/2509 2456/2667/2505
f 2442/2675/2496 2459/2672/2510 2460/2669/2507 2438/2676/2498
f 2438/2676/2498 2460/2669/2507 2461/2668/2506 2446/2677/2499
f 2446/2677/2499 2461/2668/2506 2458/2670/2508 2447/2678/2497
f 2443/2679/2503 2463/2673/2511 2459/2672/2510 2442/2675/2496
f 2447/2678/2497 2458/2670/2508 2462/2674/2512 2450/2680/2502
f 2450/2680/2502 2462/2674/2512 2463/2673/2511 2443/2679/2503
f 2465/2681/2513 2370/2545/2402 2330/2544/2401 2464/2682/2514
f 2464/2682/2514 2456/2667/2505 2452/2671/2509 2465/2681/2513
f 2466/2683/2515 2327/2546/2403 2370/2545/2402 2465/2681/2513
f 2465/2681/2513 2452/2671/2509 2455/2657/2495 2466/2683/2515
f 2467/2685/2517 2336/2542/2399 2325/2543/2400 2468/2684/2516
f 2468/2684/2516 2449/2686/2500 2448/2687/2501 2467/2685/2517
f 2470/2689/2519 2372/2540/2397 2322/2539/2396 2469/2688/2518
f 2469/2688/2518 2444/2656/2494 2451/2666/2504 2470/2689/2519
f 2471/2690/2520 2335/2538/2395 2327/2546/2403 2466/2683/2515
f 2466/2683/2515 2455/2657/2495 2445/2655/2493 2471/2690/2520
f 2464/2682/2514 2330/2544/2401 2336/2542/2399 2467/2685/2517
f 2467/2685/2517 2448/2663/2501 2456/2667/2505 2464/2682/2514
f 2468/2684/2516 2325/2543/2400 2372/2540/2397 2470/2689/2519
f 2470/2689/2519 2451/2691/2504 2449/2686/2500 2468/2684/2516
f 2469/2688/2518 2322/2539/2396 2335/2538/2395 2471/2690/2520
f 2471/2690/2520 2445/2655/2493 2444/2656/2494 2469/2688/2518
usemtl Hand_wear and lower pant
f 2491/2692/2521 2477/2694/2523 2479/2695/2524 2488/2693/2522
f 2493/2697/2526 2476/2696/2525 2477/2694/2523 2491/2692/2521
f 2483/2698/2527 2474/2699/2528 2478/2701/2530 2484/2700/2529
f 2488/2693/2522 2479/2695/2524 2472/2702/2531 2485/2703/2532
f 2485/2703/2532 2472/2702/2531 2473/2704/2533 2486/2705/2534
f 2487/2707/2536 2475/2706/2535 2476/2696/2525 2493/2697/2526
f 2484/2700/2529 2478/2701/2530 2475/2706/2535 2487/2707/2536
f 2486/2705/2534 2473/2704/2533 2474/2699/2528 2483/2698/2527
f 2494/2708/2537 2321/2582/2432 2333/2580/2430 2495/2709/2538
f 2495/2709/2538 2485/2703/2532 2486/2705/2534 2494/2708/2537
f 2495/2709/2538 2333/2580/2430 2489/2610/2455 2496/2710/2539
f 2496/2710/2539 2488/2693/2522 2485/2703/2532 2495/2709/2538
f 2498/2712/2541 2492/2609/2454 2334/2584/2434 2497/2711/2540
f 2497/2711/2540 2487/2707/2536 2493/2697/2526 2498/2712/2541
f 2497/2711/2540 2334/2584/2434 2323/2585/2435 2499/2713/2542
f 2499/2713/2542 2484/2700/2529 2487/2707/2536 2497/2711/2540
f 2499/2713/2542 2323/2585/2435 2411/2583/2433 2500/2714/2543
f 2500/2714/2543 2483/2698/2527 2484/2700/2529 2499/2713/2542
f 2501/2717/2546 2409/2716/2545 2328/2718/2547 2502/2715/2544
f 2502/2715/2544 2482/2719/2548 2481/2720/2549 2501/2717/2546
f 2500/2714/2543 2411/2583/2433 2321/2582/2432 2494/2708/2537
f 2494/2708/2537 2486/2705/2534 2483/2698/2527 2500/2714/2543
f 2503/2722/2551 2326/2721/2550 2409/2716/2545 2501/2717/2546
f 2501/2717/2546 2481/2720/2549 2480/2723/2552 2503/2722/2551
f 2505/2724/2553 2496/2710/2539 2489/2610/2455 2504/2725/2554
f 2504/2725/2554 2326/2721/2550 2503/2722/2551 2505/2724/2553
f 2505/2724/2553 2503/2722/2551 2480/2723/2552 2506/2726/2555
f 2506/2726/2555 2488/2693/2522 2496/2710/2539 2505/2724/2553
f 2507/2727/2556 2328/2718/2547 2409/2716/2545 2508/2728/2557
f 2508/2728/2557 2490/2608/2453 2492/2609/2454 2507/2727/2556
f 2510/2730/2559 2493/2697/2526 2491/2692/2521 2509/2729/2558
f 2509/2729/2558 2481/2720/2549 2482/2719/2548 2510/2730/2559
f 2511/2731/2560 2502/2715/2544 2328/2718/2547 2507/2727/2556
f 2507/2727/2556 2492/2609/2454 2498/2712/2541 2511/2731/2560
f 2509/2729/2558 2491/2692/2521 2488/2693/2522 2506/2726/2555
f 2506/2726/2555 2480/2723/2552 2481/2720/2549 2509/2729/2558
f 2511/2731/2560 2498/2712/2541 2493/2697/2526 2510/2730/2559
f 2510/2730/2559 2482/2719/2548 2502/2715/2544 2511/2731/2560
f 2508/2728/2557 2409/2716/2545 2326/2721/2550 2504/2725/2554
f 2504/2725/2554 2489/2610/2455 2490/2608/2453 2508/2728/2557
f 3016/2732/2561 2954/2735/2564 2909/2733/2562 2913/2734/2563
f 2913/2734/2563 2909/2733/2562 2910/2737/2566 2914/2736/2565
f 3015/2738/2567 2953/2739/2568 2954/2735/2564 3016/2732/2561
f 3025/2742/2571 2941/2743/2572 2957/2740/2569 2961/2741/2570
f 2961/2741/2570 2957/2740/2569 2958/2745/2574 2962/2744/2573
f 2914/2736/2565 2910/2737/2566 2941/2743/2572 3025/2742/2571
f 3034/2746/2575 3027/2747/2576 2953/2739/2568 3015/2738/2567
f 2962/2744/2573 2958/2745/2574 3027/2747/2576 3034/2746/2575
usemtl Dress
f 2521/2748/2577 2329/2626/2469 2410/2624/2467 2520/2749/2578
f 2520/2749/2578 3179/2750/2579 2666/2618/2462 2521/2748/2577
f 2520/2749/2578 2410/2624/2467 2541/2368/2252 2536/2751/2365
f 2536/2503/2365 3180/2504/2366 3179/2750/2579 2520/2749/2578
f 2522/2752/2580 2337/2632/2473 2329/2626/2469 2521/2748/2577
f 2521/2748/2577 2666/2618/2462 2420/2620/2464 2522/2752/2580
f 2524/2753/2581 2405/2636/2475 2324/2631/2472 2523/2754/2582
f 2523/2754/2582 2422/2621/2465 2421/2622/2466 2524/2753/2581
f 2523/2754/2582 2324/2631/2472 2337/2632/2473 2522/2752/2580
f 2522/2752/2580 2420/2620/2464 2422/2621/2465 2523/2754/2582
f 2538/2512/2370 2540/2378/2260 2405/2636/2475 2524/2753/2581
f 2524/2753/2581 2421/2622/2466 2534/2513/2246 2538/2512/2370
usemtl Bodyskin
f 2545/2567/2420 2544/2569/2193 2552/2756/2584 2553/2755/2583
f 2543/2757/2449 2545/2567/2420 2553/2755/2583 2551/2758/2585
f 2546/2760/2191 2547/2759/2225 2555/2761/2586 2554/2762/2587
f 2544/2569/2193 2546/2760/2191 2554/2762/2587 2552/2756/2584
f 2555/2761/2586 2547/2759/2225 2549/2763/2214 2557/2764/2588
f 2549/2763/2214 2548/2326/2217 2556/2765/2589 2557/2764/2588
f 2558/2766/2590 2550/2595/2443 2543/2757/2449 2551/2758/2585
f 2548/2326/2217 2550/2595/2443 2558/2766/2590 2556/2765/2589
f 2560/2768/2592 2553/2755/2583 2552/2756/2584 2559/2767/2591
f 2559/2767/2591 2592/2769/2593 2591/2770/2594 2560/2768/2592
f 2561/2771/2595 2551/2758/2585 2553/2755/2583 2560/2768/2592
f 2560/2768/2592 2591/2770/2594 2605/2772/2596 2561/2771/2595
f 2563/2774/2598 2555/2761/2586 2557/2764/2588 2562/2773/2597
f 2562/2773/2597 2603/2776/2600 2597/2775/2599 2563/2774/2598
f 2564/2777/2601 2558/2766/2590 2551/2758/2585 2561/2771/2595
f 2561/2771/2595 2605/2772/2596 2599/2778/2602 2564/2777/2601
f 2565/2779/2603 2556/2765/2589 2558/2766/2590 2564/2777/2601
f 2564/2777/2601 2599/2778/2602 2598/2780/2604 2565/2779/2603
f 2559/2767/2591 2552/2756/2584 2554/2762/2587 2566/2781/2605
f 2566/2781/2605 2596/2782/2606 2592/2769/2593 2559/2767/2591
f 2566/2781/2605 2554/2762/2587 2555/2761/2586 2563/2774/2598
f 2563/2774/2598 2597/2775/2599 2596/2782/2606 2566/2781/2605
f 2562/2773/2597 2557/2764/2588 2556/2765/2589 2565/2779/2603
f 2565/2779/2603 2598/2780/2604 2603/2776/2600 2562/2773/2597
f 2574/2784/2608 2604/2785/2609 2593/2786/2610 2575/2783/2607
usemtl Hairs
f 2579/2789/2613 2600/2788/2612 2601/2787/2611 2578/2790/2614
usemtl Bodyskin
f 2577/2794/2618 2594/2793/2617 2595/2791/2615 2580/2792/2616
usemtl Hairs
f 2581/2795/2619 2602/2796/2620 2600/2788/2612 2579/2789/2613
f 2580/2798/2616 2595/2797/2615 2602/2796/2620 2581/2795/2619
f 2578/2790/2614 2601/2787/2611 2604/2800/2609 2574/2799/2608
f 2729/2802/2622 2730/2803/2623 2614/2801/2621 2588/2804/2624
f 2590/2807/2627 2615/2806/2626 2616/2808/2628 2589/2805/2625
f 2589/2805/2625 2616/2808/2628 2728/2810/2630 2727/2809/2629
f 2588/2804/2624 2614/2801/2621 2615/2806/2626 2590/2807/2627
usemtl Bodyskin
f 2591/2812/2594 2592/2811/2593 2625/2813/2631 2593/2786/2610
f 2596/2814/2606 2597/2815/2599 2595/2791/2615 2594/2793/2617
f 2598/2819/2604 2599/2818/2602 2601/2816/2611 2600/2817/2612
f 2597/2815/2599 2603/2820/2600 2602/2821/2620 2595/2791/2615
f 2592/2811/2593 2596/2814/2606 2594/2793/2617 2625/2813/2631
f 2603/2820/2600 2598/2819/2604 2600/2817/2612 2602/2821/2620
f 2599/2818/2602 2605/2822/2596 2604/2785/2609 2601/2816/2611
f 2605/2822/2596 2591/2812/2594 2593/2786/2610 2604/2785/2609
f 2703/2823/2632 2577/2794/2618 2580/2792/2616 2704/2824/2633
f 2608/2827/2636 2586/2825/2634 2585/2826/2635 2606/2828/2637
usemtl Hairs
f 2704/2829/2633 2580/2798/2616 2581/2795/2619 2613/2830/2638
f 2613/2830/2638 2700/2831/2639 2704/2829/2633
usemtl Bodyskin
f 2705/2832/2640 2574/2784/2608 2575/2783/2607 2708/2833/2641
f 2609/2834/2642 2583/2836/2644 2582/2835/2643 2610/2837/2645
usemtl Hairs
f 2613/2830/2638 2581/2795/2619 2579/2789/2613 2612/2838/2646
f 2612/2838/2646 2579/2789/2613 2578/2790/2614 2611/2839/2647
f 2611/2839/2647 2578/2790/2614 2574/2799/2608 2705/2840/2640
f 2705/2840/2640 2706/2841/2648 2611/2839/2647
f 2417/2607/2447 2730/2803/2623 2723/2842/2649 2399/2605/2452
usemtl Bodyskin
f 2529/2333/2224 2615/2844/2626 2614/2843/2621 2415/2598/2446
usemtl Hairs
f 2415/2845/2446 2614/2801/2621 2730/2803/2623 2417/2607/2447
f 2197/2848/2230 2724/2846/2650 2728/2810/2630 2215/2847/2220
f 2215/2847/2220 2728/2810/2630 2616/2808/2628 2213/2849/2222
f 2213/2851/2222 2616/2852/2628 2615/2850/2626 2529/2853/2224
usemtl Bodyskin
f 2617/2856/2653 2587/2854/2651 2759/2855/2652
f 2619/2859/2656 2576/2860/2657 2607/2857/2654 2620/2858/2655
f 2620/2858/2655 2708/2833/2641 2575/2783/2607 2619/2859/2656
f 2618/2861/2658 2707/2862/2659 2708/2833/2641 2620/2858/2655
f 2620/2858/2655 2607/2857/2654 2584/2863/2660 2618/2861/2658
f 2625/2813/2631 2576/2860/2657 2619/2859/2656
f 2619/2859/2656 2575/2783/2607 2593/2786/2610 2625/2813/2631
f 2625/2813/2631 2594/2793/2617 2577/2794/2618 2621/2864/2661
f 2621/2864/2661 2576/2860/2657 2625/2813/2631
f 2621/2864/2661 2577/2794/2618 2703/2823/2632 2622/2865/2662
f 2622/2865/2662 2607/2857/2654 2576/2860/2657 2621/2864/2661
f 2623/2866/2663 2584/2863/2660 2607/2857/2654 2622/2865/2662
f 2622/2865/2662 2703/2823/2632 2701/2867/2664 2623/2866/2663
f 2759/2855/2652 2587/2854/2651 2624/2868/2665
usemtl Horns
f 2737/2872/2669 2750/2871/2668 2732/2869/2666 2731/2870/2667
f 2739/2873/2670 2743/2876/2673 2746/2875/2672 2745/2874/2671
f 2733/2878/2675 2734/2880/2677 2744/2877/2674 2741/2879/2676
f 2747/2882/2679 2748/2884/2681 2752/2883/2680 2735/2881/2678
f 2737/2872/2669 2731/2870/2667 2738/2885/2682
f 2739/2873/2670 2745/2874/2671 2740/2886/2683
f 2747/2882/2679 2735/2881/2678 2736/2887/2684
f 2742/2888/2685 2733/2878/2675 2741/2879/2676
usemtl Bodyskin
f 2636/2890/2687 2725/2889/2686 2617/2856/2653
f 2636/2890/2687 2723/2891/2649 2725/2889/2686
usemtl Hairs
f 2636/2892/2687 2760/2893/2688 2723/2842/2649
usemtl Bodyskin
f 2636/2890/2687 2759/2855/2652 2760/2894/2688
f 2636/2890/2687 2617/2856/2653 2759/2855/2652
f 2637/2895/2689 2761/2896/2690 2759/2855/2652
usemtl Hairs
f 2637/2897/2689 2724/2846/2650 2761/2898/2690
usemtl Bodyskin
f 2637/2895/2689 2726/2899/2691 2724/2900/2650
f 2637/2895/2689 2624/2868/2665 2726/2899/2691
f 2637/2895/2689 2759/2855/2652 2624/2868/2665
usemtl Hairs
f 2638/2901/2692 2724/2846/2650 2197/2848/2230
f 2638/2901/2692 2761/2898/2690 2724/2846/2650
f 2638/2901/2692 2762/2902/2693 2761/2898/2690
usemtl Bodyskin
f 2638/2903/2692 2528/2338/2229 2762/2904/2693
usemtl Hairs
f 2638/2901/2692 2197/2848/2230 2528/2606/2229
usemtl Bodyskin
f 2639/2907/2694 2762/2905/2693 2528/2906/2229
usemtl Hairs
f 2639/2908/2694 2760/2893/2688 2762/2902/2693
f 2639/2908/2694 2723/2842/2649 2760/2893/2688
f 2639/2908/2694 2399/2605/2452 2723/2842/2649
f 2639/2908/2694 2528/2606/2229 2399/2605/2452
usemtl Horns
f 2756/2909/2695 2732/2869/2666 2750/2871/2668 2749/2910/2696
f 2749/2910/2696 2760/2912/2688 2759/2911/2652 2756/2909/2695
f 2757/2913/2697 2744/2914/2674 2734/2880/2677 2755/2915/2698
f 2755/2915/2698 2759/2911/2652 2761/2916/2690 2757/2913/2697
f 2753/2917/2699 2746/2875/2672 2743/2919/2673 2758/2918/2700
f 2758/2918/2700 2761/2916/2690 2762/2920/2693 2753/2917/2699
f 2751/2922/2702 2752/2883/2680 2748/2884/2681 2754/2921/2701
f 2754/2921/2701 2762/2920/2693 2760/2912/2688 2751/2922/2702
usemtl Bodyskin
f 2645/2925/2704 2664/2924/2463 2665/2926/2423 2644/2923/2703
f 2644/2927/2703 2380/2559/2416 2379/2558/2415 2645/2928/2704
f 2646/2929/2705 2381/2561/2418 2380/2559/2416 2644/2923/2703
f 2644/2923/2703 2665/2926/2423 2368/2930/2422 2646/2929/2705
f 2647/2932/2707 2177/2287/2184 2178/2292/2186 2648/2931/2706
f 2648/2931/2706 2670/2934/2194 2671/2933/2241 2647/2932/2707
f 2649/2935/2708 2166/2936/2195 2670/2934/2194 2648/2931/2706
f 2648/2931/2706 2178/2292/2186 2179/2293/2189 2649/2935/2708
f 2650/2938/2709 2161/2937/2226 2166/2936/2195 2649/2935/2708
f 2649/2935/2708 2179/2293/2189 2172/2279/2178 2650/2938/2709
f 2652/2939/2710 2163/2940/2236 2171/2941/2215 2651/2942/2711
f 2651/2942/2711 2174/2275/2174 2175/2283/2180 2652/2939/2710
f 2653/2943/2712 2173/2281/2175 2174/2275/2174 2651/2942/2711
f 2651/2942/2711 2171/2941/2215 2162/2944/2213 2653/2943/2712
f 2654/2946/2713 2164/2945/2243 2163/2940/2236 2652/2939/2710
f 2652/2939/2710 2175/2283/2180 2176/2286/2183 2654/2946/2713
f 2653/2943/2712 2162/2944/2213 2161/2937/2226 2650/2938/2709
f 2650/2938/2709 2172/2279/2178 2173/2281/2175 2653/2943/2712
f 2647/2932/2707 2671/2933/2241 2164/2945/2243 2654/2946/2713
f 2654/2946/2713 2176/2286/2183 2177/2287/2184 2647/2932/2707
f 2646/2929/2705 2368/2930/2422 2363/2948/2448 2655/2947/2714
f 2655/2947/2714 2374/2551/2408 2381/2561/2418 2646/2929/2705
f 2656/2950/2715 2366/2949/2461 2664/2924/2463 2645/2925/2704
f 2645/2928/2704 2379/2558/2415 2378/2555/2412 2656/2951/2715
f 2655/2947/2714 2363/2948/2448 2364/2952/2442 2657/2953/2716
f 2657/2953/2716 2375/2549/2406 2374/2551/2408 2655/2947/2714
f 2658/2954/2717 2365/2955/2457 2366/2949/2461 2656/2950/2715
f 2656/2951/2715 2378/2555/2412 2377/2553/2410 2658/2956/2717
f 2658/2954/2717 2377/2553/2410 2376/2550/2407 2659/2957/2718
f 2659/2957/2718 2373/2958/2441 2365/2955/2457 2658/2954/2717
f 2657/2953/2716 2364/2952/2442 2373/2958/2441 2659/2957/2718
f 2659/2957/2718 2376/2550/2407 2375/2549/2406 2657/2953/2716
f 3180/2961/2366 2667/2959/2719 2678/2960/2720
f 2667/2962/2719 2668/2297/2192 2677/2964/2721 2678/2963/2720
f 2668/2297/2192 2662/2568/2421 2675/2965/2722 2677/2964/2721
usemtl Dress
f 2674/2967/2724 2665/2573/2423 2664/2619/2463 2673/2966/2723
f 2662/2572/2421 2665/2573/2423 2674/2967/2724 2675/2968/2722
f 2676/2969/2725 2666/2618/2462 3179/2750/2579
f 2673/2966/2723 2664/2619/2463 2666/2618/2462 2676/2969/2725
usemtl Bodyskin
f 2669/2295/2190 2668/2297/2192 2680/2971/2727 2681/2970/2726
f 2680/2973/2727 2668/2974/2192 2667/2972/2719 2679/2975/2728
usemtl Dress
f 2670/2300/2194 2669/2299/2190 2681/2977/2726 2682/2976/2729
f 2683/2978/2730 2671/2354/2241 2670/2300/2194 2682/2976/2729
f 3178/2501/2364 2672/2355/2242 2684/2979/2731
f 2684/2979/2731 2672/2355/2242 2671/2354/2241 2683/2978/2730
usemtl Bodyskin
f 2679/2980/2728 2667/2959/2719 3180/2961/2366
usemtl Dress
f 2398/2577/2427 2675/2968/2722 2674/2967/2724 2369/2574/2424
f 2369/2574/2424 2674/2967/2724 2673/2966/2723 2367/2576/2426
f 2419/2615/2459 2676/2969/2725 3179/2750/2579 2418/2614/2458
f 2367/2576/2426 2673/2966/2723 2676/2969/2725 2419/2615/2459
f 2531/2579/2429 2678/2981/2720 2677/2982/2721 2532/2578/2428
f 2532/2578/2428 2677/2982/2721 2675/2968/2722 2398/2577/2427
f 2535/2616/2460 3180/2504/2366 2678/2981/2720 2531/2579/2429
f 2418/2614/2458 3179/2750/2579 3180/2504/2366 2535/2616/2460
f 2196/2303/2196 2681/2977/2726 2680/2983/2727 2663/2308/2201
f 2663/2308/2201 2680/2983/2727 2679/2984/2728 2660/2307/2200
f 2660/2307/2200 2679/2984/2728 3180/2504/2366 2661/2985/2239
f 2661/2985/2239 3180/2504/2366 3178/2501/2364 2216/2348/2238
f 2165/2305/2198 2683/2978/2730 2682/2976/2729 2167/2304/2197
f 2167/2304/2197 2682/2976/2729 2681/2977/2726 2196/2303/2196
f 2217/2347/2237 2684/2979/2731 2683/2978/2730 2165/2305/2198
f 2216/2348/2238 3178/2501/2364 2684/2979/2731 2217/2347/2237
f 2685/2986/2732 3187/2988/2261 2526/2989/2476 2686/2987/2733
usemtl Bodyskin
f 2686/2992/2733 2427/2993/2735 2539/2990/2734 2685/2991/2732
usemtl Dress
f 2686/2987/2733 2526/2989/2476 2537/2995/2259 2687/2994/2736
usemtl Bodyskin
f 2687/2996/2736 2542/2997/2737 2427/2993/2735 2686/2992/2733
f 2688/2998/2738 2225/2999/2739 2542/2997/2737 2687/2996/2736
usemtl Dress
f 2687/2994/2736 2537/2995/2259 2525/3000/2257 2688/3001/2738
usemtl Bodyskin
f 2685/2991/2732 2539/2990/2734 2225/2999/2739 2688/2998/2738
usemtl Dress
f 2688/3003/2738 2525/3002/2257 3187/2988/2261 2685/2986/2732
usemtl Bodyskin
f 2709/3004/2740 2707/2862/2659 2618/2861/2658 2690/3005/2741
f 2690/3005/2741 2617/2856/2653 2725/2889/2686 2709/3004/2740
f 2691/3006/2742 2587/2854/2651 2617/2856/2653 2690/3005/2741
f 2690/3005/2741 2618/2861/2658 2584/2863/2660 2691/3007/2742
usemtl Hairs
f 2693/3009/2744 2612/2838/2646 2611/2839/2647 2692/3008/2743
f 2692/3008/2743 2588/2804/2624 2590/2807/2627 2693/3009/2744
usemtl Bodyskin
f 2694/3010/2745 2585/2826/2635 2586/2825/2634 2695/3011/2746
usemtl Hairs
f 2699/3015/2748 2727/3014/2629 2726/3013/2691 2702/3012/2747
f 2692/3008/2743 2611/2839/2647 2706/2841/2648 2710/3016/2749
f 2710/3016/2749 2729/2802/2622 2588/2804/2624 2692/3008/2743
usemtl Bodyskin
f 2691/3007/2742 2584/2863/2660 2623/2866/2663 2697/3017/2750
f 2697/3018/2750 2624/2868/2665 2587/2854/2651 2691/3006/2742
f 2696/3019/2751 2582/2835/2643 2583/2836/2644 2689/3020/2752
usemtl Hairs
f 2709/3021/2740 2725/3024/2686 2729/3022/2622 2710/3023/2749
f 2699/3026/2748 2700/2831/2639 2613/2830/2638 2698/3025/2753
f 2698/3027/2753 2589/2805/2625 2727/2809/2629 2699/3028/2748
f 2698/3027/2753 2613/2830/2638 2612/2838/2646 2693/3009/2744
f 2693/3009/2744 2590/2807/2627 2589/2805/2625 2698/3027/2753
usemtl Bodyskin
f 2702/3029/2747 2726/2899/2691 2624/2868/2665 2697/3018/2750
f 2697/3018/2750 2623/3031/2663 2701/3030/2664 2702/3029/2747
f 2711/3032/2754 2708/2833/2641 2707/2862/2659 2712/3033/2755
f 2712/3033/2755 2583/2836/2644 2609/2834/2642 2711/3032/2754
f 2713/3034/2756 2689/3020/2752 2583/2836/2644 2712/3033/2755
f 2712/3033/2755 2707/2862/2659 2709/3004/2740 2713/3034/2756
f 2713/3034/2756 2709/3004/2740 2710/3036/2749 2714/3035/2757
f 2714/3035/2757 2696/3019/2751 2689/3020/2752 2713/3034/2756
f 2716/3039/2759 2706/3038/2648 2705/2832/2640 2715/3037/2758
f 2715/3037/2758 2610/2837/2645 2582/2835/2643 2716/3039/2759
f 2711/3032/2754 2609/2834/2642 2610/2837/2645 2715/3037/2758
f 2715/3037/2758 2705/2832/2640 2708/2833/2641 2711/3032/2754
f 2716/3039/2759 2582/2835/2643 2696/3019/2751 2714/3035/2757
f 2714/3035/2757 2710/3036/2749 2706/3038/2648 2716/3039/2759
f 2717/3040/2760 2701/2867/2664 2703/2823/2632 2718/3041/2761
f 2718/3042/2761 2606/2828/2637 2585/2826/2635 2717/3043/2760
f 2719/3044/2762 2702/3029/2747 2701/3030/2664 2717/3043/2760
f 2717/3043/2760 2585/2826/2635 2694/3010/2745 2719/3044/2762
f 2720/3045/2763 2699/3046/2748 2702/3029/2747 2719/3044/2762
f 2719/3044/2762 2694/3010/2745 2695/3011/2746 2720/3045/2763
f 2721/3050/2765 2704/3047/2633 2700/3048/2639 2722/3049/2764
f 2722/3049/2764 2586/2825/2634 2608/2827/2636 2721/3050/2765
f 2722/3049/2764 2700/3048/2639 2699/3046/2748 2720/3045/2763
f 2720/3045/2763 2695/3011/2746 2586/2825/2634 2722/3049/2764
f 2721/3050/2765 2608/2827/2636 2606/2828/2637 2718/3042/2761
f 2718/3041/2761 2703/2823/2632 2704/2824/2633 2721/3051/2765
usemtl Horns
f 2631/3052/2766 2731/2870/2667 2732/2869/2666 2627/3053/2767
f 2627/3053/2767 2734/2880/2677 2733/2878/2675 2631/3052/2766
f 2635/3055/2769 2736/2887/2684 2735/2881/2678 2632/3054/2768
f 2632/3054/2768 2737/2872/2669 2738/2885/2682 2635/3055/2769
f 2634/3056/2770 2739/2873/2670 2740/2886/2683 2635/3055/2769
f 2635/3055/2769 2742/2888/2685 2741/2879/2676 2634/3056/2770
f 2630/3057/2771 2743/2876/2673 2739/2873/2670 2634/3056/2770
f 2634/3056/2770 2741/2879/2676 2744/2877/2674 2630/3057/2771
f 2633/3058/2772 2745/2874/2671 2746/2875/2672 2629/3059/2773
f 2629/3059/2773 2748/2884/2681 2747/2882/2679 2633/3058/2772
f 2640/3060/2774 2749/2910/2696 2750/2871/2668 2628/3061/2775
f 2628/3061/2775 2752/2883/2680 2751/2922/2702 2640/3060/2774
f 2629/3059/2773 2746/2875/2672 2753/2917/2699 2643/3062/2776
f 2643/3062/2776 2754/2921/2701 2748/2884/2681 2629/3059/2773
f 2635/3055/2769 2740/2886/2683 2745/2874/2671 2633/3058/2772
f 2633/3058/2772 2747/2882/2679 2736/2887/2684 2635/3055/2769
f 2641/3063/2777 2755/2915/2698 2734/2880/2677 2627/3053/2767
f 2627/3053/2767 2732/2869/2666 2756/2909/2695 2641/3063/2777
f 2630/3064/2771 2744/2914/2674 2757/2913/2697 2642/3065/2778
f 2642/3065/2778 2758/2918/2700 2743/2919/2673 2630/3064/2771
f 2631/3052/2766 2733/2878/2675 2742/2888/2685 2635/3055/2769
f 2635/3055/2769 2738/2885/2682 2731/2870/2667 2631/3052/2766
f 2628/3061/2775 2750/2871/2668 2737/2872/2669 2632/3054/2768
f 2632/3054/2768 2735/2881/2678 2752/2883/2680 2628/3061/2775
f 2640/3060/2774 2751/2922/2702 2760/2912/2688
f 2640/3060/2774 2760/2912/2688 2749/2910/2696
f 2641/3063/2777 2759/2911/2652 2755/2915/2698
f 2641/3063/2777 2756/2909/2695 2759/2911/2652
f 2643/3062/2776 2753/2917/2699 2762/2920/2693
f 2643/3062/2776 2762/2920/2693 2754/2921/2701
f 2642/3065/2778 2761/2916/2690 2758/2918/2700
f 2642/3065/2778 2757/2913/2697 2761/2916/2690
usemtl Hand_wear and lower pant
f 2765/3068/2781 2142/3069/2782 2200/3067/2780 2766/3066/2779
f 2767/3070/2783 2137/3071/2784 2142/3069/2782 2765/3068/2781
f 2769/3075/2788 2140/3074/2787 2139/3072/2785 2768/3073/2786
f 2771/3077/2790 2205/3078/2791 2138/3076/2789 2770/3079/2792
f 2770/3079/2792 2138/3076/2789 2137/3071/2784 2767/3070/2783
f 2772/3081/2794 2141/3080/2793 2140/3074/2787 2769/3075/2788
f 2766/3066/2779 2200/3067/2780 2141/3080/2793 2772/3081/2794
f 2768/3073/2786 2139/3072/2785 2205/3078/2791 2771/3077/2790
f 2773/3084/2797 2343/3082/2795 2402/3083/2796 2774/3085/2798
f 2775/3086/2799 2342/3087/2800 2343/3082/2795 2773/3084/2797
f 2776/3088/2801 2407/3090/2803 2341/3089/2802 2777/3091/2804
f 2778/3092/2805 2344/3093/2806 2339/3095/2808 2779/3094/2807
f 2774/3085/2798 2402/3083/2796 2344/3093/2806 2778/3092/2805
f 2780/3096/2809 2340/3097/2810 2407/3090/2803 2776/3088/2801
f 2777/3091/2804 2341/3089/2802 2342/3087/2800 2775/3086/2799
f 2779/3094/2807 2339/3095/2808 2340/3097/2810 2780/3096/2809
f 2783/3099/2812 2782/3100/2813 2798/3101/2814 2799/3098/2811
f 2781/3102/2815 2784/3104/2817 2800/3105/2818 2797/3103/2816
f 2785/3106/2819 2783/3099/2812 2799/3098/2811 2801/3107/2820
f 2800/3105/2818 2784/3104/2817 2786/3108/2821 2802/3109/2822
f 2803/3110/2823 2787/3111/2824 2781/3102/2815 2797/3103/2816
f 2782/3100/2813 2788/3113/2826 2804/3112/2825 2798/3101/2814
f 2805/3117/2830 2789/3115/2828 2792/3114/2827 2808/3116/2829
f 2791/3120/2833 2790/3119/2832 2806/3118/2831 2807/3121/2834
f 2802/3109/2822 2786/3108/2821 2789/3115/2828 2805/3117/2830
f 2790/3119/2832 2785/3106/2819 2801/3107/2820 2806/3118/2831
f 2809/3122/2835 2793/3123/2836 2787/3111/2824 2803/3110/2823
f 2788/3113/2826 2794/3125/2838 2810/3124/2837 2804/3112/2825
f 2792/3114/2827 2796/3127/2840 2812/3126/2839 2808/3116/2829
f 2795/3128/2841 2791/3120/2833 2807/3121/2834 2811/3129/2842
f 2812/3126/2839 2796/3127/2840 2793/3123/2836 2809/3122/2835
f 2794/3125/2838 2795/3128/2841 2811/3129/2842 2810/3124/2837
f 2778/3092/2805 2797/3103/2816 2800/3105/2818 2774/3085/2798
f 2402/3083/2796 2799/3098/2811 2798/3101/2814 2344/3093/2806
f 2774/3085/2798 2800/3105/2818 2802/3109/2822 2773/3084/2797
f 2343/3082/2795 2801/3107/2820 2799/3098/2811 2402/3083/2796
f 2779/3094/2807 2803/3110/2823 2797/3103/2816 2778/3092/2805
f 2344/3093/2806 2798/3101/2814 2804/3112/2825 2339/3095/2808
f 2775/3086/2799 2805/3117/2830 2808/3116/2829 2777/3091/2804
f 2341/3089/2802 2807/3121/2834 2806/3118/2831 2342/3087/2800
f 2773/3084/2797 2802/3109/2822 2805/3117/2830 2775/3086/2799
f 2342/3087/2800 2806/3118/2831 2801/3107/2820 2343/3082/2795
f 2780/3096/2809 2809/3122/2835 2803/3110/2823 2779/3094/2807
f 2339/3095/2808 2804/3112/2825 2810/3124/2837 2340/3097/2810
f 2777/3091/2804 2808/3116/2829 2812/3126/2839 2776/3088/2801
f 2407/3090/2803 2811/3129/2842 2807/3121/2834 2341/3089/2802
f 2340/3097/2810 2810/3124/2837 2811/3129/2842 2407/3090/2803
f 2776/3088/2801 2812/3126/2839 2809/3122/2835 2780/3096/2809
f 2815/3130/2843 2814/3131/2844 2830/3133/2846 2831/3132/2845
f 2813/3136/2849 2816/3135/2848 2832/3134/2847 2829/3137/2850
f 2817/3138/2851 2815/3130/2843 2831/3132/2845 2833/3139/2852
f 2832/3134/2847 2816/3135/2848 2818/3140/2853 2834/3141/2854
f 2821/3145/2858 2820/3143/2856 2836/3142/2855 2837/3144/2857
f 2835/3148/2861 2819/3146/2859 2822/3147/2860 2838/3149/2862
f 2823/3151/2864 2826/3150/2863 2842/3152/2865 2839/3153/2866
f 2825/3154/2867 2824/3157/2870 2840/3155/2868 2841/3156/2869
f 2824/3157/2870 2828/3159/2872 2844/3158/2871 2840/3155/2868
f 2843/3161/2874 2827/3160/2873 2823/3151/2864 2839/3153/2866
f 2838/3149/2862 2822/3147/2860 2813/3136/2849 2829/3137/2850
f 2814/3131/2844 2821/3145/2858 2837/3144/2857 2830/3133/2846
f 2842/3152/2865 2826/3150/2863 2819/3146/2859 2835/3148/2861
f 2820/3143/2856 2825/3154/2867 2841/3156/2869 2836/3142/2855
f 2834/3141/2854 2818/3140/2853 2827/3160/2873 2843/3161/2874
f 2828/3159/2872 2817/3138/2851 2833/3139/2852 2844/3158/2871
f 2772/3081/2794 2829/3137/2850 2832/3134/2847 2766/3066/2779
f 2200/3067/2780 2831/3132/2845 2830/3133/2846 2141/3080/2793
f 2142/3069/2782 2833/3139/2852 2831/3132/2845 2200/3067/2780
f 2766/3066/2779 2832/3134/2847 2834/3141/2854 2765/3068/2781
f 2768/3073/2786 2835/3148/2861 2838/3149/2862 2769/3075/2788
f 2140/3074/2787 2837/3144/2857 2836/3142/2855 2139/3072/2785
f 2205/3078/2791 2841/3156/2869 2840/3155/2868 2138/3076/2789
f 2770/3079/2792 2839/3153/2866 2842/3152/2865 2771/3077/2790
f 2767/3070/2783 2843/3161/2874 2839/3153/2866 2770/3079/2792
f 2138/3076/2789 2840/3155/2868 2844/3158/2871 2137/3071/2784
f 2141/3080/2793 2830/3133/2846 2837/3144/2857 2140/3074/2787
f 2769/3075/2788 2838/3149/2862 2829/3137/2850 2772/3081/2794
f 2139/3072/2785 2836/3142/2855 2841/3156/2869 2205/3078/2791
f 2771/3077/2790 2842/3152/2865 2835/3148/2861 2768/3073/2786
f 2137/3071/2784 2844/3158/2871 2833/3139/2852 2142/3069/2782
f 2765/3068/2781 2834/3141/2854 2843/3161/2874 2767/3070/2783
f 2846/3163/2876 2350/2529/2386 2403/2603/2451 2845/3162/2875
f 2845/3162/2875 2784/3104/2817 2781/3102/2815 2846/3163/2876
f 2845/3162/2875 2403/2603/2451 2349/2530/2387 2847/3164/2877
f 2847/3164/2877 2786/3108/2821 2784/3104/2817 2845/3162/2875
f 2849/3165/2878 2406/2587/2437 2346/2534/2391 2848/3166/2879
f 2848/3166/2879 2793/3123/2836 2796/3127/2840 2849/3165/2878
f 2850/3168/2881 2348/2533/2390 2347/2536/2393 2851/3167/2880
f 2851/3167/2880 2792/3114/2827 2789/3115/2828 2850/3168/2881
f 2852/3169/2882 2345/2527/2384 2350/2529/2386 2846/3163/2876
f 2846/3163/2876 2781/3102/2815 2787/3111/2824 2852/3169/2882
f 2847/3164/2877 2349/2530/2387 2348/2533/2390 2850/3168/2881
f 2850/3168/2881 2789/3115/2828 2786/3108/2821 2847/3164/2877
f 2848/3166/2879 2346/2534/2391 2345/2527/2384 2852/3169/2882
f 2852/3169/2882 2787/3111/2824 2793/3123/2836 2848/3166/2879
f 2851/3167/2880 2347/2536/2393 2406/2587/2437 2849/3165/2878
f 2849/3165/2878 2796/3127/2840 2792/3114/2827 2851/3167/2880
f 2853/3170/2883 2147/2261/2160 2201/2336/2227 2854/3171/2884
f 2854/3171/2884 2816/3135/2848 2813/3136/2849 2853/3170/2883
f 2854/3171/2884 2201/2336/2227 2148/2257/2156 2855/3172/2885
f 2855/3172/2885 2818/3140/2853 2816/3135/2848 2854/3171/2884
f 2857/3173/2886 2204/2315/2208 2145/2265/2164 2856/3174/2887
f 2856/3174/2887 2819/3146/2859 2826/3150/2863 2857/3173/2886
f 2859/3175/2888 2143/2254/2153 2144/2262/2161 2858/3176/2889
f 2858/3176/2889 2823/3151/2864 2827/3160/2873 2859/3175/2888
f 2858/3176/2889 2144/2262/2161 2204/2315/2208 2857/3173/2886
f 2857/3173/2886 2826/3150/2863 2823/3151/2864 2858/3176/2889
f 2860/3177/2890 2146/2259/2158 2147/2261/2160 2853/3170/2883
f 2853/3170/2883 2813/3136/2849 2822/3147/2860 2860/3177/2890
f 2856/3174/2887 2145/2265/2164 2146/2259/2158 2860/3177/2890
f 2860/3177/2890 2822/3147/2860 2819/3146/2859 2856/3174/2887
f 2855/3172/2885 2148/2257/2156 2143/2254/2153 2859/3175/2888
f 2859/3175/2888 2827/3160/2873 2818/3140/2853 2855/3172/2885
f 2861/3179/2892 2782/3100/2813 2783/3099/2812 2862/3178/2891
usemtl Bodyskin
f 2862/3180/2891 2401/2588/2438 2352/2515/2372 2861/3181/2892
f 2863/3183/2893 2351/3182/2380 2401/2588/2438 2862/3180/2891
usemtl Hand_wear and lower pant
f 2862/3178/2891 2783/3099/2812 2785/3106/2819 2863/3184/2893
f 2864/3185/2894 2788/3113/2826 2782/3100/2813 2861/3179/2892
usemtl Bodyskin
f 2861/3181/2892 2352/2515/2372 2353/2516/2373 2864/3186/2894
usemtl Hand_wear and lower pant
f 2865/3187/2895 2790/3119/2832 2791/3120/2833 2866/3188/2896
usemtl Bodyskin
f 2866/3190/2896 2354/2520/2377 2355/2519/2376 2865/3189/2895
usemtl Hand_wear and lower pant
f 2867/3191/2897 2794/3125/2838 2788/3113/2826 2864/3185/2894
usemtl Bodyskin
f 2864/3186/2894 2353/2516/2373 2356/2524/2381 2867/3192/2897
usemtl Hand_wear and lower pant
f 2863/3184/2893 2785/3106/2819 2790/3119/2832 2865/3187/2895
usemtl Bodyskin
f 2865/3189/2895 2355/2519/2376 2351/3193/2380 2863/3183/2893
f 2867/3192/2897 2356/2524/2381 2414/2597/2445 2868/3194/2898
usemtl Hand_wear and lower pant
f 2868/3195/2898 2795/3128/2841 2794/3125/2838 2867/3191/2897
f 2866/3188/2896 2791/3120/2833 2795/3128/2841 2868/3195/2898
usemtl Bodyskin
f 2868/3194/2898 2414/2597/2445 2354/2520/2377 2866/3190/2896
usemtl Hand_wear and lower pant
f 2870/3196/2899 2814/3131/2844 2815/3130/2843 2869/3197/2900
usemtl Bodyskin
f 2869/3201/2900 2199/3198/2210 2149/3200/2150 2870/3199/2899
f 2871/3202/2901 2150/3203/2144 2199/3198/2210 2869/3201/2900
usemtl Hand_wear and lower pant
f 2869/3197/2900 2815/3130/2843 2817/3138/2851 2871/3204/2901
f 2871/3204/2901 2817/3138/2851 2828/3159/2872 2872/3205/2902
usemtl Bodyskin
f 2872/3207/2902 2151/3206/2143 2150/3203/2144 2871/3202/2901
usemtl Hand_wear and lower pant
f 2872/3205/2902 2828/3159/2872 2824/3157/2870 2873/3208/2903
usemtl Bodyskin
f 2873/3209/2903 2154/3210/2151 2151/3206/2143 2872/3207/2902
usemtl Hand_wear and lower pant
f 2873/3208/2903 2824/3157/2870 2825/3154/2867 2874/3211/2904
usemtl Bodyskin
f 2874/3212/2904 2212/3213/2218 2154/3210/2151 2873/3209/2903
usemtl Hand_wear and lower pant
f 2875/3214/2905 2821/3145/2858 2814/3131/2844 2870/3196/2899
usemtl Bodyskin
f 2870/3199/2899 2149/3200/2150 2153/3215/2145 2875/3216/2905
f 2876/3218/2906 2152/3217/2147 2212/3213/2218 2874/3212/2904
usemtl Hand_wear and lower pant
f 2874/3211/2904 2825/3154/2867 2820/3143/2856 2876/3219/2906
f 2876/3219/2906 2820/3143/2856 2821/3145/2858 2875/3214/2905
usemtl Bodyskin
f 2875/3216/2905 2153/3215/2145 2152/3220/2147 2876/3218/2906
usemtl Hand_wear and lower pant
f 2919/3223/2909 2915/3222/2908 2916/3224/2910 2920/3221/2907
f 2998/3226/2912 3014/3225/2911 2915/3222/2908 2919/3223/2909
f 2946/3228/2914 2960/3229/2915 3033/3230/2916 2949/3227/2913
f 2945/3232/2918 2959/3231/2917 2960/3229/2915 2946/3228/2914
f 2920/3221/2907 2916/3224/2910 3026/3234/2920 3003/3233/2919
f 2949/3227/2913 3033/3230/2916 3013/3235/2921 2997/3236/2922
f 2997/3236/2922 3013/3235/2921 3014/3225/2911 2998/3226/2912
f 3003/3233/2919 3026/3234/2920 2959/3231/2917 2945/3232/2918
f 2931/3240/2926 2925/3237/2923 2926/3238/2924 2932/3239/2925
f 3036/3242/2927 2976/3244/2928 2925/3241/2923 2931/3243/2926
f 3012/3245/2929 2968/3246/2930 3002/3248/2932 2983/3247/2931
f 2984/3249/2933 2996/3250/2934 2976/3244/2928 3036/3242/2927
f 2974/3251/2935 2967/3254/2936 2968/3252/2930 3012/3253/2929
f 2973/3256/2938 2978/3255/2937 2967/3257/2936 2974/3251/2935
f 2932/3239/2925 2926/3258/2924 2978/3255/2937 2973/3256/2938
f 2983/3247/2931 3002/3248/2932 2996/3250/2934 2984/3249/2933
f 2935/3260/2940 2479/2695/2524 2477/2694/2523 2936/3259/2939
f 2934/3264/2944 2917/3261/2941 2918/3262/2942 2933/3263/2943
f 2936/3259/2939 2477/2694/2523 2476/2696/2525 2993/3265/2945
f 2991/3267/2947 3000/3266/2946 2917/3261/2941 2934/3264/2944
f 3006/3268/2948 2478/2701/2530 2474/2699/2528 3023/3269/2949
f 3021/3271/2951 2944/3270/2950 2950/3273/2953 3005/3272/2952
f 3024/3275/2955 2473/2704/2533 2472/2702/2531 2947/3274/2954
f 2948/3279/2959 3004/3278/2958 2943/3276/2956 3022/3277/2957
f 2994/3280/2960 2475/2706/2535 2478/2701/2530 3006/3268/2948
f 3005/3272/2952 2950/3273/2953 2999/3281/2961 2992/3282/2962
f 2947/3274/2954 2472/2702/2531 2479/2695/2524 2935/3260/2940
f 2933/3263/2943 2918/3262/2942 3004/3278/2958 2948/3279/2959
f 3023/3269/2949 2474/2699/2528 2473/2704/2533 3024/3275/2955
f 3022/3277/2957 2943/3276/2956 2944/3270/2950 3021/3271/2951
f 2993/3265/2945 2476/2696/2525 2475/2706/2535 2994/3280/2960
f 2992/3282/2962 2999/3281/2961 3000/3266/2946 2991/3267/2947
f 2939/3283/2963 2274/2446/2311 2763/2443/2308 2940/3284/2964
f 2938/3287/2967 2929/3286/2966 2930/3288/2968 2937/3285/2965
f 2987/3289/2969 2273/2456/2321 2274/2446/2311 2939/3283/2963
f 2937/3285/2965 2930/3288/2968 2971/3291/2971 2988/3290/2970
f 3018/3293/2973 2270/2452/2317 2271/2454/2319 2989/3292/2972
f 2990/3294/2974 2985/3297/2977 2986/3295/2975 3020/3296/2976
f 2940/3284/2964 2763/2443/2308 2276/2444/2309 3017/3298/2978
f 3019/3299/2979 3035/3300/2980 2929/3286/2966 2938/3287/2967
f 2965/3302/2982 2272/2450/2315 2275/2448/2313 2966/3301/2981
f 2964/3304/2984 2972/3306/2986 3011/3303/2983 2963/3305/2985
f 3017/3298/2978 2276/2444/2309 2270/2452/2317 3018/3293/2973
f 3020/3296/2976 2986/3295/2975 3035/3300/2980 3019/3299/2979
f 2966/3301/2981 2275/2448/2313 2273/2456/2321 2987/3289/2969
f 2988/3290/2970 2971/3291/2971 2972/3306/2986 2964/3304/2984
f 2989/3292/2972 2271/2454/2319 2272/2450/2315 2965/3302/2982
f 2963/3305/2985 3011/3303/2983 2985/3297/2977 2990/3294/2974
f 3037/3308/2988 2910/2737/2566 2909/2733/2562 3038/3307/2987
f 3040/3309/2989 2911/2602/2450 2912/2526/2383 3039/3310/2990
f 3045/3312/2992 2913/2734/2563 2914/2736/2565 3046/3311/2991
f 3048/3313/2993 2916/3224/2910 2915/3222/2908 3047/3314/2994
f 3043/3315/2995 2918/3262/2942 2917/3261/2941 3044/3316/2996
f 3042/3317/2997 2919/3223/2909 2920/3221/2907 3041/3318/2998
f 3128/3319/2999 2922/2483/2348 2921/2484/2349 3061/3320/3000
f 3063/3321/3001 2923/2337/2228 2924/2258/2157 3127/3322/3002
f 3106/3324/3004 2926/3258/2924 2925/3241/2923 3068/3323/3003
f 3066/3325/3005 2927/2481/2346 2928/2482/2347 3105/3326/3006
f 3059/3328/3008 2930/3288/2968 2929/3286/2966 3060/3327/3007
f 3058/3330/3010 2931/3240/2926 2932/3239/2925 3057/3329/3009
f 3051/3331/3011 2934/3264/2944 2933/3263/2943 3052/3332/3012
f 3050/3333/3013 2935/3260/2940 2936/3259/2939 3049/3334/3014
f 3055/3336/3016 2938/3287/2967 2937/3285/2965 3056/3335/3015
f 3054/3337/3017 2939/3283/2963 2940/3284/2964 3053/3338/3018
f 3078/3339/3019 2941/2743/2572 2910/2737/2566 3037/3308/2988
f 3039/3310/2990 2912/2526/2383 2942/2528/2385 3077/3340/3020
f 3079/3341/3021 2944/3270/2950 2943/3276/2956 3080/3342/3022
f 3082/3344/3024 2945/3232/2918 2946/3228/2914 3081/3343/3023
f 3103/3345/3025 2947/3274/2954 2935/3260/2940 3050/3333/3013
f 3052/3332/3012 2933/3263/2943 2948/3279/2959 3104/3346/3026
f 3081/3343/3023 2946/3228/2914 2949/3227/2913 3156/3347/3027
f 3155/3348/3028 2950/3273/2953 2944/3270/2950 3079/3341/3021
f 3071/3350/3030 2951/2531/2388 2952/2532/2389 3072/3349/3029
f 3070/3351/3031 2954/2735/2564 2953/2739/2568 3069/3352/3032
f 3137/3353/3033 2955/2535/2392 2956/2586/2436 3143/3354/3034
f 3144/3356/3036 2958/2745/2574 2957/2740/2569 3138/3355/3035
f 3115/3357/3037 2960/3229/2915 2959/3231/2917 3102/3358/3038
f 3100/3359/3039 2961/2741/2570 2962/2744/2573 3117/3360/3040
f 3125/3361/3041 2964/3304/2984 2963/3305/2985 3126/3362/3042
f 3124/3364/3044 2965/3302/2982 2966/3301/2981 3123/3363/3043
f 3119/3366/3046 2968/3246/2930 2967/3257/2936 3120/3365/3045
f 3122/3368/3048 2969/2496/2361 2970/2494/2359 3121/3367/3047
f 3141/3370/3050 2972/3306/2986 2971/3291/2971 3095/3369/3049
f 3096/3371/3051 2973/3256/2938 2974/3251/2935 3142/3372/3052
f 3065/3373/3053 2975/2486/2351 2927/2481/2346 3066/3325/3005
f 3068/3323/3003 2925/3241/2923 2976/3244/2928 3067/3374/3054
f 3158/3375/3055 2977/2488/2353 2969/2496/2361 3122/3368/3048
f 3120/3365/3045 2967/3257/2936 2978/3255/2937 3157/3376/3056
f 3111/3377/3057 2979/2255/2154 2980/2256/2155 3064/3378/3058
f 3062/3380/3060 2982/2485/2350 2981/2491/2356 3113/3379/3059
f 3109/3382/3062 2983/3247/2931 2984/3249/2933 3090/3381/3061
f 3088/3386/3064 2986/3383/2975 2985/3385/2977 3107/3384/3063
f 3123/3363/3043 2966/3301/2981 2987/3289/2969 3145/3387/3065
f 3146/3388/3066 2988/3290/2970 2964/3304/2984 3125/3361/3041
f 3132/3389/3067 2989/3292/2972 2965/3302/2982 3124/3364/3044
f 3126/3362/3042 2963/3305/2985 2990/3294/2974 3131/3390/3068
f 3092/3391/3069 2992/3282/2962 2991/3267/2947 3129/3392/3070
f 3130/3393/3071 2993/3265/2945 2994/3280/2960 3094/3394/3072
f 3145/3387/3065 2987/3289/2969 2939/3283/2963 3054/3337/3017
f 3056/3335/3015 2937/3285/2965 2988/3290/2970 3146/3388/3066
f 3134/3395/3073 2995/2492/2357 2975/2486/2351 3065/3373/3053
f 3067/3374/3054 2976/3244/2928 2996/3250/2934 3136/3396/3074
f 3162/3397/3075 2997/3236/2922 2998/3226/2912 3163/3398/3076
f 3164/3400/3078 3000/3266/2946 2999/3281/2961 3161/3399/3077
f 3133/3401/3079 3001/2489/2354 2995/2492/2357 3134/3395/3073
f 3136/3396/3074 2996/3250/2934 3002/3248/2932 3135/3402/3080
f 3098/3403/3081 3003/3233/2919 2945/3232/2918 3082/3344/3024
f 3080/3342/3022 2943/3276/2956 3004/3278/2958 3097/3404/3082
f 3091/3405/3083 3005/3272/2952 2992/3282/2962 3092/3391/3069
f 3094/3394/3072 2994/3280/2960 3006/3268/2948 3093/3406/3084
f 3044/3316/2996 2917/3261/2941 3000/3266/2946 3164/3400/3078
f 3163/3398/3076 2998/3226/2912 2919/3223/2909 3042/3317/2997
f 3153/3407/3085 3008/2495/2360 3007/2487/2352 3139/3408/3086
f 3140/3409/3087 3009/2260/2159 3010/2264/2163 3151/3410/3088
f 3049/3334/3014 2936/3259/2939 2993/3265/2945 3130/3393/3071
f 3129/3392/3070 2991/3267/2947 2934/3264/2944 3051/3331/3011
f 3105/3326/3006 2928/2482/2347 2977/2488/2353 3158/3375/3055
f 3157/3376/3056 2978/3255/2937 2926/3258/2924 3106/3324/3004
f 3107/3412/3063 2985/3297/2977 3011/3303/2983 3108/3411/3089
f 3110/3413/3090 3012/3245/2929 2983/3247/2931 3109/3382/3062
f 3160/3414/3091 3014/3225/2911 3013/3235/2921 3149/3415/3092
f 3150/3417/3094 3015/2738/2567 3016/2732/2561 3159/3416/3093
f 3083/3418/3095 3017/3298/2978 3018/3293/2973 3084/3419/3096
f 3086/3421/3098 3020/3296/2976 3019/3299/2979 3085/3420/3097
f 3156/3347/3027 2949/3227/2913 2997/3236/2922 3162/3397/3075
f 3161/3399/3077 2999/3281/2961 2950/3273/2953 3155/3348/3028
f 3073/3423/3100 3022/3277/2957 3021/3271/2951 3074/3422/3099
f 3076/3424/3101 3023/3269/2949 3024/3275/2955 3075/3425/3102
f 3046/3311/2991 2914/2736/2565 3025/2742/2571 3099/3426/3103
f 3101/3427/3104 3026/3234/2920 2916/3224/2910 3048/3313/2993
f 3077/3340/3020 2942/2528/2385 2955/2535/2392 3137/3353/3033
f 3138/3355/3035 2957/2740/2569 2941/2743/2572 3078/3339/3019
f 3139/3408/3086 3007/2487/2352 2922/2483/2348 3128/3319/2999
f 3127/3322/3002 2924/2258/2157 3009/2260/2159 3140/3409/3087
f 3093/3406/3084 3006/3268/2948 3023/3269/2949 3076/3424/3101
f 3074/3422/3099 3021/3271/2951 3005/3272/2952 3091/3405/3083
f 3147/3428/3105 3027/2747/2576 2958/2745/2574 3144/3356/3036
f 3143/3354/3034 2956/2586/2436 3028/2537/2394 3148/3429/3106
f 3041/3318/2998 2920/3221/2907 3003/3233/2919 3098/3403/3081
f 3097/3404/3082 3004/3278/2958 2918/3262/2942 3043/3315/2995
f 3072/3349/3029 2952/2532/2389 2911/2602/2450 3040/3309/2989
f 3038/3307/2987 2909/2733/2562 2954/2735/2564 3070/3351/3031
f 3151/3410/3088 3010/2264/2163 3029/2316/2209 3152/3430/3107
f 3154/3431/3108 3030/2493/2358 3008/2495/2360 3153/3407/3085
f 3104/3346/3026 2948/3279/2959 3022/3277/2957 3073/3423/3100
f 3075/3425/3102 3024/3275/2955 2947/3274/2954 3103/3345/3025
f 3057/3329/3009 2932/3239/2925 2973/3256/2938 3096/3371/3051
f 3095/3369/3049 2971/3291/2971 2930/3288/2968 3059/3328/3008
f 3113/3379/3059 2981/2491/2356 3031/2490/2355 3114/3432/3109
f 3112/3433/3110 3032/2263/2162 2979/2255/2154 3111/3377/3057
f 3061/3320/3000 2921/2484/2349 2982/2485/2350 3062/3380/3060
f 3064/3378/3058 2980/2256/2155 2923/2337/2228 3063/3321/3001
f 3152/3430/3107 3029/2316/2209 3032/2263/2162 3112/3433/3110
f 3114/3432/3109 3031/2490/2355 3030/2493/2358 3154/3431/3108
f 3142/3372/3052 2974/3251/2935 3012/3253/2929 3110/3434/3090
f 3108/3411/3089 3011/3303/2983 2972/3306/2986 3141/3370/3050
f 3047/3314/2994 2915/3222/2908 3014/3225/2911 3160/3414/3091
f 3159/3416/3093 3016/2732/2561 2913/2734/2563 3045/3312/2992
f 3099/3426/3103 3025/2742/2571 2961/2741/2570 3100/3359/3039
f 3102/3358/3038 2959/3231/2917 3026/3234/2920 3101/3427/3104
f 3148/3429/3106 3028/2537/2394 2951/2531/2388 3071/3350/3030
f 3069/3352/3032 2953/2739/2568 3027/2747/2576 3147/3428/3105
f 3149/3415/3092 3013/3235/2921 3033/3230/2916 3116/3435/3111
f 3118/3436/3112 3034/2746/2575 3015/2738/2567 3150/3417/3094
f 3085/3420/3097 3019/3299/2979 2938/3287/2967 3055/3336/3016
f 3053/3338/3018 2940/3284/2964 3017/3298/2978 3083/3418/3095
f 3084/3419/3096 3018/3293/2973 2989/3292/2972 3132/3389/3067
f 3131/3390/3068 2990/3294/2974 3020/3296/2976 3086/3421/3098
f 3117/3360/3040 2962/2744/2573 3034/2746/2575 3118/3436/3112
f 3116/3435/3111 3033/3230/2916 2960/3229/2915 3115/3357/3037
f 3087/3437/3113 3035/3438/2980 2986/3383/2975 3088/3386/3064
f 3090/3381/3061 2984/3249/2933 3036/3242/2927 3089/3439/3114
f 3060/3327/3007 2929/3286/2966 3035/3300/2980 3087/3440/3113
f 3089/3439/3114 3036/3242/2927 2931/3243/2926 3058/3441/3010
f 3121/3367/3047 2970/2494/2359 3001/2489/2354 3133/3401/3079
f 3135/3402/3080 3002/3248/2932 2968/3246/2930 3119/3366/3046
f 2358/3442/3115 3037/3308/2988 3038/3307/2987 2408/3443/3116
f 2408/3443/3116 3040/3309/2989 3039/3310/2990 2358/3442/3115
f 2877/3444/3117 3042/3317/2997 3041/3318/2998 2878/3445/3118
f 2878/3445/3118 3043/3315/2995 3044/3316/2996 2877/3444/3117
f 2513/3447/3120 3045/3312/2992 3046/3311/2991 2514/3446/3119
f 2514/3446/3119 3048/3313/2993 3047/3314/2994 2513/3447/3120
f 2893/3449/3122 3050/3333/3013 3049/3334/3014 2894/3448/3121
f 2894/3448/3121 3051/3331/3011 3052/3332/3012 2893/3449/3122
f 2901/3451/3124 3054/3337/3017 3053/3338/3018 2902/3450/3123
f 2902/3450/3123 3055/3336/3016 3056/3335/3015 2901/3451/3124
f 2885/3452/3125 3058/3330/3010 3057/3329/3009 2886/3453/3126
f 2886/3453/3126 3059/3328/3008 3060/3327/3007 2885/3452/3125
f 2206/3454/3127 3061/3320/3000 3062/3380/3060 2156/3455/3128
f 2156/3455/3128 3064/3378/3058 3063/3321/3001 2206/3454/3127
f 2310/3457/3130 3065/3373/3053 3066/3325/3005 2309/3456/3129
f 2309/3456/3129 3068/3323/3003 3067/3374/3054 2310/3457/3130
f 2359/3459/3132 3070/3351/3031 3069/3352/3032 2360/3458/3131
f 2360/3458/3131 3071/3350/3030 3072/3349/3029 2359/3459/3132
f 2899/3460/3133 3073/3423/3100 3074/3422/3099 2896/3461/3134
f 2896/3461/3134 3076/3424/3101 3075/3425/3102 2899/3460/3133
f 2358/3442/3115 3039/3310/2990 3077/3340/3020 2357/3462/3135
f 2357/3462/3135 3078/3339/3019 3037/3308/2988 2358/3442/3115
f 2880/3463/3136 3079/3341/3021 3080/3342/3022 2882/3464/3137
f 2882/3464/3137 3082/3344/3024 3081/3343/3023 2880/3463/3136
f 2906/3466/3139 3083/3418/3095 3084/3419/3096 2904/3465/3138
f 2904/3465/3138 3086/3421/3098 3085/3420/3097 2906/3466/3139
f 2887/3467/3140 3087/3437/3113 3088/3386/3064 2890/3468/3141
f 2890/3468/3141 3090/3381/3061 3089/3439/3114 2887/3467/3140
f 2897/3470/3143 3091/3405/3083 3092/3391/3069 2900/3469/3142
f 2900/3469/3142 3094/3394/3072 3093/3406/3084 2897/3470/3143
f 2892/3471/3144 3095/3369/3049 3059/3328/3008 2886/3453/3126
f 2886/3453/3126 3057/3329/3009 3096/3371/3051 2892/3471/3144
f 2883/3472/3145 3097/3404/3082 3043/3315/2995 2878/3445/3118
f 2878/3445/3118 3041/3318/2998 3098/3403/3081 2883/3472/3145
f 2516/3474/3147 3099/3426/3103 3100/3359/3039 2517/3473/3146
f 2517/3473/3146 3102/3358/3038 3101/3427/3104 2516/3474/3147
f 2899/3460/3133 3075/3425/3102 3103/3345/3025 2898/3475/3148
f 2898/3475/3148 3104/3346/3026 3073/3423/3100 2899/3460/3133
f 2893/3449/3122 3052/3332/3012 3104/3346/3026 2898/3475/3148
f 2898/3475/3148 3103/3345/3025 3050/3333/3013 2893/3449/3122
f 2309/3456/3129 3066/3325/3005 3105/3326/3006 2308/3476/3149
f 2308/3476/3149 3106/3324/3004 3068/3323/3003 2309/3456/3129
f 2514/3446/3119 3046/3311/2991 3099/3426/3103 2516/3474/3147
f 2516/3474/3147 3101/3427/3104 3048/3313/2993 2514/3446/3119
f 2889/3478/3151 3107/3412/3063 3108/3411/3089 2888/3477/3150
f 2888/3477/3150 3110/3434/3090 3109/3479/3062 2889/3478/3151
f 2160/3481/3153 3112/3433/3110 3111/3377/3057 2155/3480/3152
f 2155/3480/3152 3113/3379/3059 3114/3432/3109 2160/3481/3153
f 2519/3483/3155 3116/3435/3111 3115/3357/3037 2518/3482/3154
f 2518/3482/3154 3117/3360/3040 3118/3436/3112 2519/3483/3155
f 2897/3470/3143 3093/3406/3084 3076/3424/3101 2896/3461/3134
f 2896/3461/3134 3074/3422/3099 3091/3405/3083 2897/3470/3143
f 2314/3485/3157 3119/3366/3046 3120/3365/3045 2315/3484/3156
f 2315/3484/3156 3122/3368/3048 3121/3367/3047 2314/3485/3157
f 2907/3487/3159 3124/3364/3044 3123/3363/3043 2908/3486/3158
f 2908/3486/3158 3125/3361/3041 3126/3362/3042 2907/3487/3159
f 2359/3459/3132 3072/3349/3029 3040/3309/2989 2408/3443/3116
f 2408/3443/3116 3038/3307/2987 3070/3351/3031 2359/3459/3132
f 2206/3454/3127 3063/3321/3001 3127/3322/3002 2157/3488/3160
f 2157/3488/3160 3128/3319/2999 3061/3320/3000 2206/3454/3127
f 2900/3469/3142 3092/3391/3069 3129/3392/3070 2895/3489/3161
f 2895/3489/3161 3130/3393/3071 3094/3394/3072 2900/3469/3142
f 2907/3487/3159 3126/3362/3042 3131/3390/3068 2905/3490/3162
f 2905/3490/3162 3132/3389/3067 3124/3364/3044 2907/3487/3159
f 2313/3491/3163 3133/3401/3079 3134/3395/3073 2312/3492/3164
f 2312/3492/3164 3136/3396/3074 3135/3402/3080 2313/3491/3163
f 2357/3462/3135 3077/3340/3020 3137/3353/3033 2362/3493/3165
f 2362/3493/3165 3138/3355/3035 3078/3339/3019 2357/3462/3135
f 2158/3494/3166 3139/3408/3086 3128/3319/2999 2157/3488/3160
f 2157/3488/3160 3127/3322/3002 3140/3409/3087 2158/3494/3166
f 2905/3490/3162 3131/3390/3068 3086/3421/3098 2904/3465/3138
f 2904/3465/3138 3084/3419/3096 3132/3389/3067 2905/3490/3162
f 2887/3496/3140 3089/3495/3114 3058/3330/3010 2885/3452/3125
f 2885/3452/3125 3060/3327/3007 3087/3440/3113 2887/3496/3140
f 2891/3497/3167 3141/3370/3050 3095/3369/3049 2892/3471/3144
f 2892/3471/3144 3096/3371/3051 3142/3372/3052 2891/3497/3167
f 2891/3497/3167 3142/3372/3052 3110/3434/3090 2888/3477/3150
f 2888/3477/3150 3108/3411/3089 3141/3370/3050 2891/3497/3167
f 2902/3450/3123 3053/3338/3018 3083/3418/3095 2906/3466/3139
f 2906/3466/3139 3085/3420/3097 3055/3336/3016 2902/3450/3123
f 2155/3480/3152 3111/3377/3057 3064/3378/3058 2156/3455/3128
f 2156/3455/3128 3062/3380/3060 3113/3379/3059 2155/3480/3152
f 2362/3493/3165 3137/3353/3033 3143/3354/3034 2413/3498/3168
f 2413/3498/3168 3144/3356/3036 3138/3355/3035 2362/3493/3165
f 2903/3499/3169 3145/3387/3065 3054/3337/3017 2901/3451/3124
f 2901/3451/3124 3056/3335/3015 3146/3388/3066 2903/3499/3169
f 2360/3458/3131 3069/3352/3032 3147/3428/3105 2361/3500/3170
f 2361/3500/3170 3148/3429/3106 3071/3350/3030 2360/3458/3131
f 2413/3498/3168 3143/3354/3034 3148/3429/3106 2361/3500/3170
f 2361/3500/3170 3147/3428/3105 3144/3356/3036 2413/3498/3168
f 2515/3501/3171 3149/3415/3092 3116/3435/3111 2519/3483/3155
f 2519/3483/3155 3118/3436/3112 3150/3417/3094 2515/3501/3171
f 2159/3502/3172 3151/3410/3088 3152/3430/3107 2211/3503/3173
f 2211/3503/3173 3154/3431/3108 3153/3407/3085 2159/3502/3172
f 2160/3481/3153 3114/3432/3109 3154/3431/3108 2211/3503/3173
f 2211/3503/3173 3152/3430/3107 3112/3433/3110 2160/3481/3153
f 2881/3504/3174 3155/3348/3028 3079/3341/3021 2880/3463/3136
f 2880/3463/3136 3081/3343/3023 3156/3347/3027 2881/3504/3174
f 2313/3491/3163 3135/3402/3080 3119/3366/3046 2314/3485/3157
f 2314/3485/3157 3121/3367/3047 3133/3401/3079 2313/3491/3163
f 2315/3484/3156 3120/3365/3045 3157/3376/3056 2311/3505/3175
f 2311/3505/3175 3158/3375/3055 3122/3368/3048 2315/3484/3156
f 2908/3486/3158 3123/3363/3043 3145/3387/3065 2903/3499/3169
f 2903/3499/3169 3146/3388/3066 3125/3361/3041 2908/3486/3158
f 2512/3506/3176 3159/3416/3093 3045/3312/2992 2513/3447/3120
f 2513/3447/3120 3047/3314/2994 3160/3414/3091 2512/3506/3176
f 2895/3489/3161 3129/3392/3070 3051/3331/3011 2894/3448/3121
f 2894/3448/3121 3049/3334/3014 3130/3393/3071 2895/3489/3161
f 2312/3492/3164 3134/3395/3073 3065/3373/3053 2310/3457/3130
f 2310/3457/3130 3067/3374/3054 3136/3396/3074 2312/3492/3164
f 2158/3494/3166 3140/3409/3087 3151/3410/3088 2159/3502/3172
f 2159/3502/3172 3153/3407/3085 3139/3408/3086 2158/3494/3166
f 2884/3507/3177 3161/3399/3077 3155/3348/3028 2881/3504/3174
f 2881/3504/3174 3156/3347/3027 3162/3397/3075 2884/3507/3177
f 2517/3473/3146 3100/3359/3039 3117/3360/3040 2518/3482/3154
f 2518/3482/3154 3115/3357/3037 3102/3358/3038 2517/3473/3146
f 2889/3508/3151 3109/3382/3062 3090/3381/3061 2890/3468/3141
f 2890/3468/3141 3088/3386/3064 3107/3384/3063 2889/3508/3151
f 2879/3509/3178 3163/3398/3076 3042/3317/2997 2877/3444/3117
f 2877/3444/3117 3044/3316/2996 3164/3400/3078 2879/3509/3178
f 2515/3501/3171 3150/3417/3094 3159/3416/3093 2512/3506/3176
f 2512/3506/3176 3160/3414/3091 3149/3415/3092 2515/3501/3171
f 2882/3464/3137 3080/3342/3022 3097/3404/3082 2883/3472/3145
f 2883/3472/3145 3098/3403/3081 3082/3344/3024 2882/3464/3137
f 2884/3507/3177 3162/3397/3075 3163/3398/3076 2879/3509/3178
f 2879/3509/3178 3164/3400/3078 3161/3399/3077 2884/3507/3177
f 2311/3505/3175 3157/3376/3056 3106/3324/3004 2308/3476/3149
f 2308/3476/3149 3105/3326/3006 3158/3375/3055 2311/3505/3175
usemtl Bodyskin
f 2542/2997/2737 3166/3511/3180 3165/3510/3179 2427/2993/2735
f 2427/2993/2735 3165/3510/3179 3167/3512/3181 2539/2990/2734
f 2225/2999/2739 3168/3513/3182 3166/3511/3180 2542/2997/2737
f 2539/2990/2734 3167/3512/3181 3168/3514/3182 2225/2999/2739
f 3166/3511/3180 3170/3515/3183 3169/3516/3184 3165/3510/3179
f 3165/3510/3179 3169/3516/3184 3171/3517/3185 3167/3512/3181
f 3168/3519/3182 3172/3518/3186 3170/3515/3183 3166/3511/3180
f 3167/3512/3181 3171/3517/3185 3172/3518/3186 3168/3520/3182
f 3169/3516/3184 3174/3522/3188 3173/3521/3187 3171/3517/3185
f 3171/3517/3185 3173/3521/3187 3175/3523/3189 3172/3518/3186
f 3170/3515/3183 3176/3524/3190 3174/3522/3188 3169/3516/3184
f 3172/3518/3186 3175/3523/3189 3176/3524/3190 3170/3515/3183
f 3176/3524/3190 3175/3523/3189 3173/3521/3187 3174/3522/3188
usemtl Dress
f 3183/3528/2148 3184/3527/2149 3182/3525/2379 3181/3526/2375
f 3185/3529/2146 3183/3528/2148 3181/3526/2375 3186/3530/2378
f 3189/3531/3191 3191/2628/2439 3182/3525/2379
f 3189/3531/3191 3188/2367/2251 3191/2628/2439
f 3189/3531/3191 3192/2366/2211 3188/2367/2251
f 3189/3531/3191 3184/3527/2149 3192/2366/2211
f 3189/3531/3191 3182/3525/2379 3184/3527/2149
f 3190/3532/3192 3187/2379/2261 3193/2380/2219
f 3190/3532/3192 3194/2638/2444 3187/2379/2261
f 3190/3532/3192 3186/3530/2378 3194/2638/2444
f 3190/3532/3192 3185/3529/2146 3186/3530/2378
f 3190/3532/3192 3193/2380/2219 3185/3529/2146
usemtl Bodyskin
f 3191/2589/2439 2351/3533/2380 3182/2522/2379
f 3191/2589/2439 2401/2588/2438 2351/3534/2380
f 3192/2318/2211 2149/2251/2150 2199/2317/2210
f 3192/2318/2211 3184/2250/2149 2149/2251/2150
f 3194/2596/2444 2354/2520/2377 2414/2597/2445
f 3194/2596/2444 3186/2521/2378 2354/2520/2377
f 3193/2328/2219 2152/3535/2147 3185/2247/2146
f 3193/2328/2219 2212/2327/2218 2152/3536/2147
usemtl Jewelry and tailtip
f 3195/3540/3196 3199/3538/3194 3221/3539/3195 3218/3537/3193
f 3199/3538/3194 3197/3542/3198 3213/3541/3197 3221/3539/3195
f 3220/3543/3199 3222/3546/3202 3200/3545/3201 3196/3544/3200
f 3222/3546/3202 3211/3547/3203 3198/3548/3204 3200/3545/3201
f 3217/3551/3207 3215/3552/3208 3207/3549/3205 3201/3550/3206
f 3215/3552/3208 3214/3553/3209 3203/3554/3210 3207/3549/3205
f 3202/3557/3213 3208/3555/3211 3216/3556/3212 3219/3558/3214
f 3208/3555/3211 3204/3559/3215 3212/3560/3216 3216/3556/3212
f 3206/3562/3218 3214/3553/3209 3215/3552/3208 3209/3561/3217
f 3209/3561/3217 3216/3556/3212 3212/3560/3216 3206/3562/3218
f 3209/3561/3217 3215/3552/3208 3217/3551/3207 3205/3563/3219
f 3205/3563/3219 3219/3558/3214 3216/3556/3212 3209/3561/3217
f 3210/3564/3220 3211/3547/3203 3222/3546/3202
f 3210/3564/3220 3221/3539/3195 3213/3541/3197
f 3210/3564/3220 3222/3546/3202 3220/3543/3199
f 3210/3564/3220 3218/3537/3193 3221/3539/3195
f 3223/3565/3221 3214/3553/3209 3206/3562/3218 3224/3566/3222
f 3224/3566/3222 3210/3564/3220 3213/3541/3197 3223/3565/3221
f 3223/3565/3221 3213/3541/3197 3197/3542/3198 3225/3567/3223
f 3225/3567/3223 3203/3554/3210 3214/3553/3209 3223/3565/3221
f 3227/3568/3224 3199/3538/3194 3195/3540/3196 3226/3569/3225
f 3226/3569/3225 3201/3550/3206 3207/3549/3205 3227/3568/3224
f 3228/3570/3226 3204/3559/3215 3208/3555/3211 3229/3571/3227
f 3229/3571/3227 3200/3573/3201 3198/3572/3204 3228/3570/3226
f 3230/3574/3228 3202/3576/3213 3219/3577/3214 3231/3575/3229
f 3231/3575/3229 3220/3543/3199 3196/3544/3200 3230/3574/3228
f 3231/3575/3229 3219/3558/3214 3205/3563/3219 3232/3578/3230
f 3232/3578/3230 3210/3564/3220 3220/3543/3199 3231/3575/3229
f 3233/3579/3231 3218/3537/3193 3210/3564/3220 3232/3578/3230
f 3232/3578/3230 3205/3563/3219 3217/3551/3207 3233/3579/3231
f 3234/3580/3232 3211/3547/3203 3210/3564/3220 3224/3566/3222
f 3224/3566/3222 3206/3562/3218 3212/3560/3216 3234/3580/3232
f 3229/3571/3227 3208/3555/3211 3202/3557/3213 3230/3581/3228
f 3230/3581/3228 3196/3582/3200 3200/3573/3201 3229/3571/3227
f 3233/3579/3231 3217/3551/3207 3201/3550/3206 3226/3569/3225
f 3226/3569/3225 3195/3540/3196 3218/3537/3193 3233/3579/3231
f 3228/3583/3226 3198/3548/3204 3211/3547/3203 3234/3580/3232
f 3234/3580/3232 3212/3585/3216 3204/3584/3215 3228/3583/3226
f 3225/3567/3223 3197/3542/3198 3199/3538/3194 3227/3568/3224
f 3227/3568/3224 3207/3549/3205 3203/3554/3210 3225/3567/3223
usemtl Hand_wear and lower pant
f 3258/3587/3234 3236/3589/3236 3237/3586/3233 3262/3588/3235
f 3260/3593/3240 3239/3591/3238 3238/3592/3239 3256/3590/3237
f 3263/3595/3242 3240/3596/3243 3241/3594/3241 3265/3597/3244
f 3264/3599/3246 3243/3598/3245 3242/3600/3247 3261/3601/3248
f 3257/3602/3249 3245/3603/3250 3244/3604/3251 3266/3605/3252
f 3267/3606/3253 3246/3607/3254 3247/3609/3256 3259/3608/3255
f 3262/3588/3235 3237/3586/3233 3240/3596/3243 3263/3595/3242
f 3261/3601/3248 3242/3600/3247 3239/3591/3238 3260/3593/3240
f 3265/3597/3244 3241/3594/3241 3248/3611/3258 3254/3610/3257
f 3252/3612/3259 3249/3613/3260 3243/3598/3245 3264/3599/3246
f 3266/3605/3252 3244/3604/3251 3250/3615/3262 3253/3614/3261
f 3255/3617/3264 3251/3616/3263 3246/3607/3254 3267/3606/3253
f 3254/3610/3257 3248/3611/3258 3251/3616/3263 3255/3617/3264
f 3253/3614/3261 3250/3615/3262 3249/3613/3260 3252/3612/3259
f 3256/3590/3237 3238/3592/3239 3245/3603/3250 3257/3602/3249
f 3259/3608/3255 3247/3609/3256 3236/3589/3236 3258/3587/3234
f 2395/3618/3265 3253/3614/3261 3252/3612/3259 2394/3619/3266
f 2394/3619/3266 3254/3610/3257 3255/3617/3264 2395/3618/3265
f 2390/3621/3268 3256/3590/3237 3257/3602/3249 2397/3620/3267
f 2397/3620/3267 3259/3608/3255 3258/3587/3234 2390/3621/3268
f 2392/3623/3270 3261/3601/3248 3260/3593/3240 2391/3622/3269
f 2391/3622/3269 3262/3588/3235 3263/3595/3242 2392/3623/3270
f 2393/3624/3271 3264/3599/3246 3261/3601/3248 2392/3623/3270
f 2392/3623/3270 3263/3595/3242 3265/3597/3244 2393/3624/3271
f 2390/3621/3268 3258/3587/3234 3262/3588/3235 2391/3622/3269
f 2391/3622/3269 3260/3593/3240 3256/3590/3237 2390/3621/3268
f 2397/3620/3267 3257/3602/3249 3266/3605/3252 2396/3625/3272
f 2396/3625/3272 3267/3606/3253 3259/3608/3255 2397/3620/3267
f 2395/3618/3265 3255/3617/3264 3267/3606/3253 2396/3625/3272
f 2396/3625/3272 3266/3605/3252 3253/3614/3261 2395/3618/3265
f 2394/3619/3266 3252/3612/3259 3264/3599/3246 2393/3624/3271
f 2393/3624/3271 3265/3597/3244 3254/3610/3257 2394/3619/3266
f 3286/3627/3274 3268/3628/3275 3269/3629/3276 3287/3626/3273
f 3285/3631/3278 3271/3630/3277 3270/3632/3279 3284/3633/3280
f 3287/3626/3273 3269/3629/3276 3272/3634/3281 3288/3635/3282
f 3289/3637/3284 3273/3636/3283 3271/3630/3277 3285/3631/3278
f 3290/3638/3285 3274/3641/3288 3275/3639/3286 3291/3640/3287
f 3293/3644/3291 3277/3645/3292 3276/3642/3289 3292/3643/3290
f 3294/3649/3296 3278/3648/3295 3279/3647/3294 3295/3646/3293
f 3297/3650/3297 3281/3653/3300 3280/3651/3298 3296/3652/3299
f 3291/3640/3287 3275/3639/3286 3278/3648/3295 3294/3649/3296
f 3296/3652/3299 3280/3651/3298 3277/3645/3292 3293/3644/3291
f 3298/3655/3302 3282/3654/3301 3274/3641/3288 3290/3638/3285
f 3292/3643/3290 3276/3642/3289 3283/3656/3303 3299/3657/3304
f 3288/3635/3282 3272/3634/3281 3282/3654/3301 3298/3655/3302
f 3299/3657/3304 3283/3656/3303 3273/3636/3283 3289/3637/3284
f 3295/3646/3293 3279/3647/3294 3268/3628/3275 3286/3627/3274
f 3284/3633/3280 3270/3632/3279 3281/3653/3300 3297/3650/3297
f 2188/3658/3305 3285/3631/3278 3284/3633/3280 2189/3659/3306
f 2189/3659/3306 3286/3627/3274 3287/3626/3273 2188/3658/3305
f 2188/3658/3305 3287/3626/3273 3288/3635/3282 2195/3660/3307
f 2195/3660/3307 3289/3637/3284 3285/3631/3278 2188/3658/3305
f 2193/3662/3309 3290/3638/3285 3291/3640/3287 2192/3661/3308
f 2192/3661/3308 3293/3644/3291 3292/3643/3290 2193/3662/3309
f 2191/3663/3310 3294/3649/3296 3295/3646/3293 2190/3664/3311
f 2190/3664/3311 3297/3650/3297 3296/3652/3299 2191/3663/3310
f 2189/3659/3306 3284/3633/3280 3297/3650/3297 2190/3664/3311
f 2190/3664/3311 3295/3646/3293 3286/3627/3274 2189/3659/3306
f 2195/3660/3307 3288/3635/3282 3298/3655/3302 2194/3665/3312
f 2194/3665/3312 3299/3657/3304 3289/3637/3284 2195/3660/3307
f 2191/3663/3310 3296/3652/3299 3293/3644/3291 2192/3661/3308
f 2192/3661/3308 3291/3640/3287 3294/3649/3296 2191/3663/3310
f 2194/3665/3312 3298/3655/3302 3290/3638/3285 2193/3662/3309
f 2193/3662/3309 3292/3643/3290 3299/3657/3304 2194/3665/3312
f 3301/3667/3314 3244/3604/3251 3245/3603/3250 3300/3666/3313
f 3302/3668/3315 3250/3615/3262 3244/3604/3251 3301/3667/3314
f 3303/3670/3317 3242/3600/3247 3243/3598/3245 3304/3669/3316
f 3305/3671/3318 3238/3592/3239 3239/3591/3238 3306/3672/3319
f 3307/3673/3320 3249/3613/3260 3250/3615/3262 3302/3668/3315
f 3304/3669/3316 3243/3598/3245 3249/3613/3260 3307/3673/3320
f 3306/3672/3319 3239/3591/3238 3242/3600/3247 3303/3670/3317
f 3300/3666/3313 3245/3603/3250 3238/3592/3239 3305/3671/3318
f 3308/3675/3322 3273/3636/3283 3283/3656/3303 3309/3674/3321
f 3310/3676/3323 3271/3630/3277 3273/3636/3283 3308/3675/3322
f 3311/3677/3324 3270/3632/3279 3271/3630/3277 3310/3676/3323
f 3313/3679/3326 3277/3645/3292 3280/3651/3298 3312/3678/3325
f 3314/3680/3327 3276/3642/3289 3277/3645/3292 3313/3679/3326
f 3312/3678/3325 3280/3651/3298 3281/3653/3300 3315/3681/3328
f 3315/3681/3328 3281/3653/3300 3270/3632/3279 3311/3677/3324
f 3309/3674/3321 3283/3656/3303 3276/3642/3289 3314/3680/3327
f 3322/3682/3329 2431/3685/2482 2430/3683/2489 3323/3684/3330
f 3325/3687/3332 3301/3667/3314 3300/3666/3313 3324/3686/3331
f 3323/3684/3330 2430/3683/2489 2429/3688/2491 3316/3689/3333
f 3318/3690/3334 3302/3668/3315 3301/3667/3314 3325/3687/3332
f 3316/3689/3333 2429/3688/2491 2428/3692/2488 3317/3691/3335
f 3319/3693/3336 3307/3673/3320 3302/3668/3315 3318/3690/3334
f 3317/3691/3335 2428/3692/2488 2435/3695/2487 3321/3694/3337
f 3320/3696/3338 3304/3669/3316 3307/3673/3320 3319/3693/3336
f 3327/3697/3339 2432/3698/2479 2431/3685/2482 3322/3682/3329
f 3324/3686/3331 3300/3666/3313 3305/3671/3318 3326/3699/3340
f 3330/3700/3341 2434/3703/2484 2433/3701/2478 3331/3702/3342
f 3329/3704/3343 3306/3672/3319 3303/3670/3317 3328/3705/3344
f 3331/3702/3342 2433/3701/2478 2432/3698/2479 3327/3697/3339
f 3326/3699/3340 3305/3671/3318 3306/3672/3319 3329/3704/3343
f 3321/3694/3337 2435/3695/2487 2434/3703/2484 3330/3700/3341
f 3328/3705/3344 3303/3670/3317 3304/3669/3316 3320/3696/3338
usemtl Bodyskin
f 3355/3706/3345 2227/2395/2276 2228/2393/2274 3352/3707/3346
usemtl Hand_wear and lower pant
f 3353/3708/3347 3309/3674/3321 3314/3680/3327 3354/3709/3348
usemtl Bodyskin
f 3352/3707/3346 2228/2393/2274 2229/2386/2267 3351/3710/3349
usemtl Hand_wear and lower pant
f 3350/3711/3350 3308/3675/3322 3309/3674/3321 3353/3708/3347
usemtl Bodyskin
f 3346/3712/3351 2233/2392/2273 2226/2390/2271 3347/3713/3352
usemtl Hand_wear and lower pant
f 3345/3715/3354 3313/3679/3326 3312/3678/3325 3344/3714/3353
usemtl Bodyskin
f 3349/3716/3355 2230/2383/2264 2231/2382/2263 3342/3717/3356
usemtl Hand_wear and lower pant
f 3340/3719/3358 3311/3677/3324 3310/3676/3323 3348/3718/3357
usemtl Bodyskin
f 3342/3717/3356 2231/2382/2263 2232/2387/2268 3343/3720/3359
usemtl Hand_wear and lower pant
f 3341/3721/3360 3315/3681/3328 3311/3677/3324 3340/3719/3358
usemtl Bodyskin
f 3347/3713/3352 2226/2390/2271 2227/2395/2276 3355/3706/3345
usemtl Hand_wear and lower pant
f 3354/3709/3348 3314/3680/3327 3313/3679/3326 3345/3715/3354
usemtl Bodyskin
f 3343/3720/3359 2232/2387/2268 2233/2392/2273 3346/3712/3351
usemtl Hand_wear and lower pant
f 3344/3714/3353 3312/3678/3325 3315/3681/3328 3341/3721/3360
usemtl Bodyskin
f 3351/3710/3349 2229/2386/2267 2230/2383/2264 3349/3716/3355
usemtl Hand_wear and lower pant
f 3348/3718/3357 3310/3676/3323 3308/3675/3322 3350/3711/3350
f 3360/3722/3361 3341/3721/3360 3340/3719/3358 3361/3723/3362
f 3363/3725/3363 3342/3726/3356 3343/3724/3359 3362/3727/3364
f 3367/3728/3365 3345/3715/3354 3344/3714/3353 3370/3729/3366
f 3371/3730/3367 3346/3731/3351 3347/3733/3352 3365/3732/3368
f 3361/3723/3362 3340/3719/3358 3348/3718/3357 3369/3734/3369
f 3368/3735/3370 3349/3736/3355 3342/3726/3356 3363/3725/3363
f 3369/3734/3369 3348/3718/3357 3350/3711/3350 3357/3737/3371
f 3359/3738/3372 3351/3739/3349 3349/3736/3355 3368/3735/3370
f 3358/3740/3373 3352/3741/3346 3351/3739/3349 3359/3738/3372
f 3357/3737/3371 3350/3711/3350 3353/3708/3347 3356/3742/3374
f 3356/3742/3374 3353/3708/3347 3354/3709/3348 3366/3743/3375
f 3364/3745/3376 3355/3744/3345 3352/3741/3346 3358/3740/3373
f 3366/3743/3375 3354/3709/3348 3345/3715/3354 3367/3728/3365
f 3365/3732/3368 3347/3733/3352 3355/3744/3345 3364/3745/3376
f 3370/3729/3366 3344/3714/3353 3341/3721/3360 3360/3722/3361
f 3362/3727/3364 3343/3724/3359 3346/3731/3351 3371/3730/3367
f 3334/3747/3378 3357/3737/3371 3356/3742/3374 3332/3746/3377
f 3332/3746/3377 3358/3740/3373 3359/3738/3372 3334/3747/3378
f 3339/3749/3380 3360/3722/3361 3361/3723/3362 3338/3748/3379
f 3338/3748/3379 3363/3725/3363 3362/3727/3364 3339/3749/3380
f 3335/3751/3382 3365/3732/3368 3364/3745/3376 3333/3750/3381
f 3333/3750/3381 3366/3743/3375 3367/3728/3365 3335/3751/3382
f 3332/3746/3377 3356/3742/3374 3366/3743/3375 3333/3750/3381
f 3333/3750/3381 3364/3745/3376 3358/3740/3373 3332/3746/3377
f 3334/3747/3378 3359/3738/3372 3368/3735/3370 3337/3752/3383
f 3337/3752/3383 3369/3734/3369 3357/3737/3371 3334/3747/3378
f 3337/3752/3383 3368/3735/3370 3363/3725/3363 3338/3748/3379
f 3338/3748/3379 3361/3723/3362 3369/3734/3369 3337/3752/3383
f 3336/3753/3384 3370/3729/3366 3360/3722/3361 3339/3749/3380
f 3339/3749/3380 3362/3727/3364 3371/3730/3367 3336/3753/3384
f 3335/3751/3382 3367/3728/3365 3370/3729/3366 3336/3753/3384
f 3336/3753/3384 3371/3730/3367 3365/3732/3368 3335/3751/3382
usemtl Bodyskin
f 3373/3754/3385 2187/2291/2188 2186/2294/2187 3372/3755/3386
usemtl Hand_wear and lower pant
f 3372/3757/3386 3282/3654/3301 3272/3634/3281 3373/3756/3385
usemtl Bodyskin
f 3374/3758/3387 2180/2280/2179 2187/2291/2188 3373/3754/3385
usemtl Hand_wear and lower pant
f 3373/3756/3385 3272/3634/3281 3269/3629/3276 3374/3759/3387
usemtl Bodyskin
f 3375/3760/3388 2181/2282/2177 2180/2280/2179 3374/3758/3387
usemtl Hand_wear and lower pant
f 3374/3759/3387 3269/3629/3276 3268/3628/3275 3375/3761/3388
usemtl Bodyskin
f 3376/3763/3389 2182/2277/2176 2181/2278/2177 3375/3762/3388
usemtl Hand_wear and lower pant
f 3375/3761/3388 3268/3628/3275 3279/3647/3294 3376/3764/3389
usemtl Bodyskin
f 3377/3766/3391 2184/2285/2182 2183/2284/2181 3378/3765/3390
usemtl Hand_wear and lower pant
f 3378/3767/3390 3278/3648/3295 3275/3639/3286 3377/3768/3391
usemtl Bodyskin
f 3379/3769/3392 2185/2288/2185 2184/2285/2182 3377/3766/3391
usemtl Hand_wear and lower pant
f 3377/3768/3391 3275/3639/3286 3274/3641/3288 3379/3770/3392
usemtl Bodyskin
f 3372/3771/3386 2186/2290/2187 2185/2288/2185 3379/3769/3392
usemtl Hand_wear and lower pant
f 3379/3770/3392 3274/3641/3288 3282/3654/3301 3372/3757/3386
usemtl Bodyskin
f 3378/3765/3390 2183/2284/2181 2182/2277/2176 3376/3763/3389
usemtl Hand_wear and lower pant
f 3376/3764/3389 3279/3647/3294 3278/3648/3295 3378/3767/3390
usemtl Bodyskin
f 3380/3773/3394 2388/2560/2417 2389/2562/2419 3381/3772/3393
usemtl Hand_wear and lower pant
f 3381/3774/3393 3247/3609/3256 3246/3607/3254 3380/3775/3394
usemtl Bodyskin
f 3382/3776/3395 2387/2557/2414 2388/2560/2417 3380/3773/3394
usemtl Hand_wear and lower pant
f 3380/3775/3394 3246/3607/3254 3251/3616/3263 3382/3777/3395
usemtl Bodyskin
f 3383/3778/3396 2386/2556/2413 2387/2557/2414 3382/3776/3395
usemtl Hand_wear and lower pant
f 3382/3777/3395 3251/3616/3263 3248/3611/3258 3383/3779/3396
usemtl Bodyskin
f 3384/3780/3397 2382/2552/2409 2383/2548/2405 3385/3781/3398
usemtl Hand_wear and lower pant
f 3385/3783/3398 3237/3586/3233 3236/3589/3236 3384/3782/3397
usemtl Bodyskin
f 3386/3784/3399 2385/2554/2411 2386/2556/2413 3383/3778/3396
usemtl Hand_wear and lower pant
f 3383/3779/3396 3248/3611/3258 3241/3594/3241 3386/3785/3399
usemtl Bodyskin
f 3385/3781/3398 2383/2548/2405 2384/2547/2404 3387/3786/3400
usemtl Hand_wear and lower pant
f 3387/3787/3400 3240/3596/3243 3237/3586/3233 3385/3783/3398
usemtl Bodyskin
f 3381/3772/3393 2389/2562/2419 2382/2552/2409 3384/3780/3397
usemtl Hand_wear and lower pant
f 3384/3782/3397 3236/3589/3236 3247/3609/3256 3381/3774/3393
usemtl Bodyskin
f 3387/3786/3400 2384/2547/2404 2385/2554/2411 3386/3784/3399
usemtl Hand_wear and lower pant
f 3386/3785/3399 3241/3594/3241 3240/3596/3243 3387/3787/3400
f 3403/3789/3402 3327/3697/3339 3322/3682/3329 3410/3788/3401
f 3411/3790/3403 3324/3686/3331 3326/3699/3340 3405/3791/3404
f 3410/3788/3401 3322/3682/3329 3323/3684/3330 3408/3792/3405
f 3409/3793/3406 3325/3687/3332 3324/3686/3331 3411/3790/3403
f 3402/3794/3407 3331/3702/3342 3327/3697/3339 3403/3789/3402
f 3405/3791/3404 3326/3699/3340 3329/3704/3343 3404/3795/3408
f 3406/3797/3410 3316/3689/3333 3317/3691/3335 3400/3796/3409
f 3401/3799/3412 3319/3693/3336 3318/3690/3334 3407/3798/3411
f 3398/3801/3414 3321/3694/3337 3330/3700/3341 3399/3800/3413
f 3397/3803/3416 3328/3705/3344 3320/3696/3338 3396/3802/3415
f 3399/3800/3413 3330/3700/3341 3331/3702/3342 3402/3794/3407
f 3404/3795/3408 3329/3704/3343 3328/3705/3344 3397/3803/3416
f 3408/3792/3405 3323/3684/3330 3316/3689/3333 3406/3797/3410
f 3407/3798/3411 3318/3690/3334 3325/3687/3332 3409/3793/3406
f 3400/3796/3409 3317/3691/3335 3321/3694/3337 3398/3801/3414
f 3396/3802/3415 3320/3696/3338 3319/3693/3336 3401/3799/3412
f 3395/3804/3417 3397/3803/3416 3396/3802/3415 3394/3805/3418
f 3394/3805/3418 3398/3801/3414 3399/3800/3413 3395/3804/3417
f 3392/3806/3419 3400/3796/3409 3398/3801/3414 3394/3805/3418
f 3394/3805/3418 3396/3802/3415 3401/3799/3412 3392/3806/3419
f 3391/3807/3420 3402/3794/3407 3403/3789/3402 3388/3808/3421
f 3388/3808/3421 3405/3791/3404 3404/3795/3408 3391/3807/3420
f 3395/3804/3417 3399/3800/3413 3402/3794/3407 3391/3807/3420
f 3391/3807/3420 3404/3795/3408 3397/3803/3416 3395/3804/3417
f 3393/3809/3422 3406/3797/3410 3400/3796/3409 3392/3806/3419
f 3392/3806/3419 3401/3799/3412 3407/3798/3411 3393/3809/3422
f 3390/3810/3423 3408/3792/3405 3406/3797/3410 3393/3809/3422
f 3393/3809/3422 3407/3798/3411 3409/3793/3406 3390/3810/3423
f 3388/3808/3421 3403/3789/3402 3410/3788/3401 3389/3811/3424
f 3389/3811/3424 3411/3790/3403 3405/3791/3404 3388/3808/3421
f 3389/3811/3424 3410/3788/3401 3408/3792/3405 3390/3810/3423
f 3390/3810/3423 3409/3793/3406 3411/3790/3403 3389/3811/3424
usemtl Horns
f 3415/3815/3428 3414/3812/3425 3413/3813/3426 3412/3814/3427
f 3417/3816/3429 3414/3812/3425 3415/3815/3428 3416/3817/3430
f 3418/3818/3431 3413/3813/3426 3414/3812/3425 3417/3816/3429
f 3416/3817/3430 3415/3815/3428 3412/3814/3427 3419/3819/3432
f 3419/3819/3432 3412/3814/3427 3413/3813/3426 3418/3818/3431
f 3421/3822/3435 3424/3820/3433 3420/3821/3434
f 3420/3821/3434 3424/3820/3433 3422/3823/3436
f 3422/3823/3436 3424/3820/3433 3423/3824/3437
f 3423/3824/3437 3424/3820/3433 3421/3822/3435
f 3429/3825/3438 3417/3816/3429 3416/3817/3430 3436/3826/3439
f 3435/3827/3440 3421/3822/3435 3420/3821/3434 3431/3828/3441
f 3430/3829/3442 3418/3818/3431 3417/3816/3429 3429/3825/3438
f 3431/3828/3441 3420/3821/3434 3422/3823/3436 3432/3830/3443
f 3433/3831/3444 3419/3819/3432 3418/3818/3431 3430/3829/3442
f 3432/3830/3443 3422/3823/3436 3423/3824/3437 3434/3832/3445
f 3436/3826/3439 3416/3817/3430 3419/3819/3432 3433/3831/3444
f 3434/3832/3445 3423/3824/3437 3421/3822/3435 3435/3827/3440
f 3437/3833/3446 3430/3829/3442 3429/3825/3438 3444/3834/3447
f 3443/3835/3448 3431/3828/3441 3432/3830/3443 3439/3836/3449
f 3438/3837/3450 3433/3831/3444 3430/3829/3442 3437/3833/3446
f 3439/3836/3449 3432/3830/3443 3434/3832/3445 3440/3838/3451
f 3440/3838/3451 3434/3832/3445 3435/3827/3440 3441/3839/3452
f 3442/3840/3453 3436/3826/3439 3433/3831/3444 3438/3837/3450
f 3441/3839/3452 3435/3827/3440 3431/3828/3441 3443/3835/3448
f 3444/3834/3447 3429/3825/3438 3436/3826/3439 3442/3840/3453
f 3428/3841/3454 3438/3837/3450 3437/3833/3446 3427/3842/3455
f 3427/3842/3455 3439/3836/3449 3440/3838/3451 3428/3841/3454
f 3428/3841/3454 3440/3838/3451 3441/3839/3452 3426/3843/3456
f 3426/3843/3456 3442/3840/3453 3438/3837/3450 3428/3841/3454
f 3426/3843/3456 3441/3839/3452 3443/3835/3448 3425/3844/3457
f 3425/3844/3457 3444/3834/3447 3442/3840/3453 3426/3843/3456
f 3425/3844/3457 3443/3835/3448 3439/3836/3449 3427/3842/3455
f 3427/3842/3455 3437/3833/3446 3444/3834/3447 3425/3844/3457
f 3448/3848/3461 3447/3847/3460 3446/3846/3459 3445/3845/3458
f 3450/3849/3462 3447/3847/3460 3448/3848/3461 3449/3850/3463
f 3451/3851/3464 3446/3846/3459 3447/3847/3460 3450/3849/3462
f 3449/3850/3463 3448/3848/3461 3445/3845/3458 3452/3852/3465
f 3452/3852/3465 3445/3845/3458 3446/3846/3459 3451/3851/3464
f 3454/3853/3466 3457/3854/3467 3453/3855/3468
f 3453/3855/3468 3457/3854/3467 3455/3856/3469
f 3455/3856/3469 3457/3854/3467 3456/3857/3470
f 3456/3857/3470 3457/3854/3467 3454/3853/3466
f 3462/3858/3471 3450/3849/3462 3449/3850/3463 3469/3859/3472
f 3468/3861/3474 3454/3853/3466 3453/3855/3468 3464/3860/3473
f 3463/3862/3475 3451/3851/3464 3450/3849/3462 3462/3858/3471
f 3464/3860/3473 3453/3855/3468 3455/3856/3469 3465/3863/3476
f 3466/3864/3477 3452/3852/3465 3451/3851/3464 3463/3862/3475
f 3465/3863/3476 3455/3856/3469 3456/3857/3470 3467/3865/3478
f 3469/3859/3472 3449/3850/3463 3452/3852/3465 3466/3864/3477
f 3467/3865/3478 3456/3857/3470 3454/3853/3466 3468/3861/3474
f 3470/3866/3479 3463/3862/3475 3462/3858/3471 3477/3867/3480
f 3476/3868/3481 3464/3860/3473 3465/3863/3476 3472/3869/3482
f 3471/3870/3483 3466/3864/3477 3463/3862/3475 3470/3866/3479
f 3472/3869/3482 3465/3863/3476 3467/3865/3478 3473/3871/3484
f 3473/3871/3484 3467/3865/3478 3468/3861/3474 3474/3872/3485
f 3475/3873/3486 3469/3859/3472 3466/3864/3477 3471/3870/3483
f 3474/3872/3485 3468/3861/3474 3464/3860/3473 3476/3868/3481
f 3477/3867/3480 3462/3858/3471 3469/3859/3472 3475/3873/3486
f 3461/3875/3488 3471/3870/3483 3470/3866/3479 3460/3874/3487
f 3460/3874/3487 3472/3869/3482 3473/3871/3484 3461/3875/3488
f 3461/3875/3488 3473/3871/3484 3474/3872/3485 3459/3876/3489
f 3459/3876/3489 3475/3873/3486 3471/3870/3483 3461/3875/3488
f 3459/3876/3489 3474/3872/3485 3476/3868/3481 3458/3877/3490
f 3458/3877/3490 3477/3867/3480 3475/3873/3486 3459/3876/3489
f 3458/3877/3490 3476/3868/3481 3472/3869/3482 3460/3874/3487
f 3460/3874/3487 3470/3866/3479 3477/3867/3480 3458/3877/3490
f 3481/3880/3493 3480/3879/3492 3479/3881/3494 3478/3878/3491
f 3483/3883/3496 3480/3879/3492 3481/3880/3493 3482/3882/3495
f 3484/3884/3497 3479/3881/3494 3480/3879/3492 3483/3883/3496
f 3482/3882/3495 3481/3880/3493 3478/3878/3491 3485/3885/3498
f 3485/3885/3498 3478/3878/3491 3479/3881/3494 3484/3884/3497
f 3487/3888/3501 3490/3886/3499 3486/3887/3500
f 3486/3887/3500 3490/3886/3499 3488/3889/3502
f 3488/3889/3502 3490/3886/3499 3489/3890/3503
f 3489/3890/3503 3490/3886/3499 3487/3888/3501
f 3495/3891/3504 3483/3883/3496 3482/3882/3495 3502/3892/3505
f 3501/3894/3507 3487/3888/3501 3486/3887/3500 3497/3893/3506
f 3496/3895/3508 3484/3884/3497 3483/3883/3496 3495/3891/3504
f 3497/3893/3506 3486/3887/3500 3488/3889/3502 3498/3896/3509
f 3499/3897/3510 3485/3885/3498 3484/3884/3497 3496/3895/3508
f 3498/3896/3509 3488/3889/3502 3489/3890/3503 3500/3898/3511
f 3502/3892/3505 3482/3882/3495 3485/3885/3498 3499/3897/3510
f 3500/3898/3511 3489/3890/3503 3487/3888/3501 3501/3894/3507
f 3503/3899/3512 3496/3895/3508 3495/3891/3504 3510/3900/3513
f 3509/3902/3515 3497/3893/3506 3498/3896/3509 3505/3901/3514
f 3504/3903/3516 3499/3897/3510 3496/3895/3508 3503/3899/3512
f 3505/3901/3514 3498/3896/3509 3500/3898/3511 3506/3904/3517
f 3506/3904/3517 3500/3898/3511 3501/3894/3507 3507/3905/3518
f 3508/3906/3519 3502/3892/3505 3499/3897/3510 3504/3903/3516
f 3507/3905/3518 3501/3894/3507 3497/3893/3506 3509/3902/3515
f 3510/3900/3513 3495/3891/3504 3502/3892/3505 3508/3906/3519
f 3494/3908/3521 3504/3903/3516 3503/3899/3512 3493/3907/3520
f 3493/3907/3520 3505/3901/3514 3506/3904/3517 3494/3908/3521
f 3494/3908/3521 3506/3904/3517 3507/3905/3518 3492/3909/3522
f 3492/3909/3522 3508/3906/3519 3504/3903/3516 3494/3908/3521
f 3492/3909/3522 3507/3905/3518 3509/3902/3515 3491/3910/3523
f 3491/3910/3523 3510/3900/3513 3508/3906/3519 3492/3909/3522
f 3491/3910/3523 3509/3902/3515 3505/3901/3514 3493/3907/3520
f 3493/3907/3520 3503/3899/3512 3510/3900/3513 3491/3910/3523
f 3514/3911/3524 3513/3913/3526 3512/3914/3527 3511/3912/3525
f 3516/3916/3529 3513/3913/3526 3514/3911/3524 3515/3915/3528
f 3517/3917/3530 3512/3914/3527 3513/3913/3526 3516/3916/3529
f 3515/3915/3528 3514/3911/3524 3511/3912/3525 3518/3918/3531
f 3518/3918/3531 3511/3912/3525 3512/3914/3527 3517/3917/3530
f 3520/3921/3534 3523/3919/3532 3519/3920/3533
f 3519/3920/3533 3523/3919/3532 3521/3922/3535
f 3521/3922/3535 3523/3919/3532 3522/3923/3536
f 3522/3923/3536 3523/3919/3532 3520/3921/3534
f 3528/3925/3538 3516/3916/3529 3515/3915/3528 3535/3924/3537
f 3534/3927/3540 3520/3921/3534 3519/3920/3533 3530/3926/3539
f 3529/3928/3541 3517/3917/3530 3516/3916/3529 3528/3925/3538
f 3530/3926/3539 3519/3920/3533 3521/3922/3535 3531/3929/3542
f 3532/3930/3543 3518/3918/3531 3517/3917/3530 3529/3928/3541
f 3531/3929/3542 3521/3922/3535 3522/3923/3536 3533/3931/3544
f 3535/3924/3537 3515/3915/3528 3518/3918/3531 3532/3930/3543
f 3533/3931/3544 3522/3923/3536 3520/3921/3534 3534/3927/3540
f 3536/3932/3545 3529/3928/3541 3528/3925/3538 3543/3933/3546
f 3542/3934/3547 3530/3926/3539 3531/3929/3542 3538/3935/3548
f 3537/3936/3549 3532/3930/3543 3529/3928/3541 3536/3932/3545
f 3538/3935/3548 3531/3929/3542 3533/3931/3544 3539/3937/3550
f 3539/3937/3550 3533/3931/3544 3534/3927/3540 3540/3938/3551
f 3541/3939/3552 3535/3924/3537 3532/3930/3543 3537/3936/3549
f 3540/3938/3551 3534/3927/3540 3530/3926/3539 3542/3934/3547
f 3543/3933/3546 3528/3925/3538 3535/3924/3537 3541/3939/3552
f 3527/3941/3554 3537/3936/3549 3536/3932/3545 3526/3940/3553
f 3526/3940/3553 3538/3935/3548 3539/3937/3550 3527/3941/3554
f 3527/3941/3554 3539/3937/3550 3540/3938/3551 3525/3942/3555
f 3525/3942/3555 3541/3939/3552 3537/3936/3549 3527/3941/3554
f 3525/3942/3555 3540/3938/3551 3542/3934/3547 3524/3943/3556
f 3524/3943/3556 3543/3933/3546 3541/3939/3552 3525/3942/3555
f 3524/3943/3556 3542/3934/3547 3538/3935/3548 3526/3940/3553
f 3526/3940/3553 3536/3932/3545 3543/3933/3546 3524/3943/3556
# 1604 polygons

