# Blender 4.4.0
# www.blender.org
mtllib low-poly-medivial-warrior-renderer.mtl
o BaseMesh
v 0.092131 0.796709 -0.078228
v 0.095950 0.900799 -0.091759
v 0.132955 0.796709 -0.017504
v 0.147899 0.900799 -0.031263
v 0.086501 0.796709 0.083098
v 0.108348 0.900799 0.068610
v 0.134228 1.010367 -0.153744
v 0.182958 0.990198 -0.052830
v 0.134228 1.010367 0.055602
v 0.123583 1.097666 -0.164956
v 0.143826 1.097666 0.038523
v 0.120696 1.180305 -0.138376
v 0.153803 1.206709 -0.067014
v 0.131368 1.167311 0.001590
v 0.074687 1.239426 -0.117830
v 0.083842 1.239616 -0.061336
v 0.065924 1.230561 -0.018263
v 0.031310 0.604650 -0.129357
v 0.030078 0.601191 0.047404
v 0.071205 0.672232 -0.143988
v 0.059301 0.679649 0.080562
v 0.014581 0.583671 0.001843
v 0.125354 0.678143 0.055833
v 0.154293 0.713698 -0.009921
v 0.133551 0.688591 -0.081990
v 0.035883 0.581468 0.041976
v 0.088378 0.635273 0.080951
v 0.037773 0.591166 -0.109800
v 0.018690 0.560836 -0.015648
v 0.094046 0.641378 -0.123915
v 0.186512 0.253748 -0.103835
v 0.149709 0.253748 -0.120277
v 0.157769 0.090934 -0.120075
v 0.136600 0.336849 -0.097329
v 0.180382 0.092590 -0.108217
v 0.174585 0.340070 -0.078400
v 0.190507 0.095310 -0.078242
v 0.189701 0.341813 -0.032331
v 0.186342 0.097573 -0.052841
v 0.173889 0.341533 0.013460
v 0.160362 0.099156 -0.034505
v 0.135756 0.339712 0.032453
v 0.137749 0.098030 -0.046363
v 0.097739 0.337473 0.013425
v 0.127624 0.095310 -0.076337
v 0.082503 0.335653 -0.032573
v 0.135916 0.092590 -0.106869
v 0.098370 0.335998 -0.078421
v 0.198833 0.253748 -0.055135
v 0.184402 0.253748 -0.019062
v 0.146385 0.253748 -0.002155
v 0.108491 0.253748 -0.019099
v 0.095954 0.253748 -0.055583
v 0.111369 0.253748 -0.104081
v 0.177384 0.154682 -0.107668
v 0.187727 0.154158 -0.073517
v 0.177384 0.154682 -0.039367
v 0.152414 0.155945 -0.025221
v 0.127443 0.157209 -0.039367
v 0.117100 0.157733 -0.073517
v 0.152341 0.155350 -0.121813
v 0.127443 0.157209 -0.107668
v 0.091995 0.294862 -0.045977
v 0.103657 0.296132 -0.000208
v 0.139406 0.295756 0.018688
v 0.175868 0.296850 0.000346
v 0.191075 0.298399 -0.043907
v 0.127392 0.397222 -0.099992
v 0.171402 0.400357 -0.078055
v 0.189631 0.401016 -0.025319
v 0.171402 0.399444 0.027397
v 0.127392 0.396563 0.049214
v 0.083383 0.394060 0.027351
v 0.065153 0.393402 -0.025385
v 0.083383 0.394973 -0.078102
v 0.130863 0.471811 -0.104681
v 0.181748 0.475881 -0.078626
v 0.201800 0.477912 -0.017280
v 0.178586 0.477286 0.043227
v 0.126271 0.474699 0.066891
v 0.061668 0.474512 0.040383
v 0.042203 0.472416 -0.020861
v 0.065273 0.472474 -0.080840
v 0.115055 0.537747 -0.101312
v 0.172157 0.546851 -0.074253
v 0.194305 0.550886 -0.012564
v 0.168406 0.547810 0.047882
v 0.110066 0.538989 0.071881
v 0.049591 0.531714 0.043915
v 0.026122 0.527306 -0.018008
v 0.053637 0.531200 -0.078104
v 0.190646 1.017376 -0.009504
v 0.190646 1.002216 -0.056032
v 0.190646 1.009566 -0.117576
v 0.190646 1.102001 -0.151604
v 0.190646 1.167076 -0.134456
v 0.190646 1.188939 -0.069940
v 0.190646 1.103213 0.010899
v 0.190646 1.164652 -0.007294
v 0.173878 0.998559 -0.003792
v 0.127991 0.900799 -0.066587
v 0.177076 0.996625 -0.104394
v 0.190646 1.051268 0.016229
v 0.190646 1.043175 -0.140902
v 0.161872 0.001523 -0.136234
v 0.204998 0.002105 -0.124106
v 0.220952 0.002105 -0.084350
v 0.217676 0.002105 -0.042308
v 0.175679 0.002105 -0.020064
v 0.129638 0.002105 -0.031845
v 0.116599 0.002105 -0.071948
v 0.122790 0.002105 -0.114336
v 0.216097 0.022255 0.105273
v 0.176445 0.035091 0.130086
v 0.128443 0.033970 0.139071
v 0.224532 0.001297 0.107237
v 0.177840 0.002105 0.133913
v 0.121777 0.002105 0.144043
v 0.170048 0.070237 0.009961
v 0.210356 0.047188 -0.002684
v 0.221514 0.002105 -0.000024
v 0.175794 0.002105 0.012493
v 0.129134 0.002105 0.025267
v 0.136720 0.058241 0.019086
v 0.209733 0.043197 -0.050644
v 0.129913 0.043197 -0.042126
v 0.198987 0.038589 -0.130388
v 0.157677 0.037387 -0.141127
v 0.207978 0.045740 -0.085768
v 0.120038 0.045740 -0.075483
v 0.120075 0.038589 -0.121159
v 0.177449 0.017925 0.138395
v 0.226624 0.011103 0.112651
v 0.118857 0.017364 0.147953
v 0.219179 0.022425 -0.003374
v 0.130215 0.027951 0.020156
v 0.173029 0.052224 0.072222
v 0.232271 0.001701 0.057696
v 0.118582 0.002105 0.084655
v 0.221110 0.034721 0.055384
v 0.177097 0.002105 0.075401
v 0.126701 0.046105 0.079078
v 0.232133 0.016764 0.058728
v 0.117535 0.022658 0.084055
v 0.000000 0.796709 -0.114882
v 0.000000 0.900799 -0.117534
v 0.000000 0.796709 0.100004
v 0.000000 0.900799 0.100547
v 0.000000 1.010367 -0.165044
v 0.000000 1.010367 0.095114
v 0.000000 1.110852 -0.175913
v 0.000000 1.096793 0.069884
v 0.000000 1.196050 -0.157201
v 0.000000 1.163398 0.027844
v 0.000000 1.241283 -0.146378
v 0.000000 1.224512 0.023075
v 0.000000 0.612473 -0.134570
v 0.000000 0.602891 0.055216
v 0.000000 0.680166 -0.147207
v 0.000000 0.679067 0.081310
v 0.000000 0.586162 0.001843
v 0.054174 0.900799 -0.112525
v 0.055846 0.796709 -0.106588
v 0.054174 0.900799 0.084579
v 0.052285 0.796709 0.093888
v 0.067114 1.010367 -0.164219
v 0.067114 1.010367 0.075358
v 0.061791 1.104259 -0.174154
v 0.071913 1.097230 0.054204
v 0.052427 1.194624 -0.147903
v 0.037873 1.238816 -0.137658
v 0.054875 1.165963 0.021424
v 0.035359 1.225203 0.014147
v 0.029650 0.679358 0.082007
v 0.015039 0.605113 0.053005
v 0.035603 0.676199 -0.146011
v 0.015655 0.608562 -0.131963
v 0.007291 0.584917 0.001843
v 0.125476 1.584345 -0.130582
v 0.090691 1.374455 -0.134922
v 0.111895 1.397823 0.148150
v 0.149736 1.485536 -0.043920
v 0.038114 1.339566 -0.138720
v 0.031204 1.270054 -0.132128
v 0.075481 1.252496 0.053023
v 0.095876 1.276641 -0.024609
v 0.027688 1.433929 0.146008
v 0.140318 1.421547 -0.084129
v 0.148725 1.462495 -0.089708
v 0.110197 1.441195 0.130837
v 0.106264 1.474441 0.168473
v 0.130704 1.590864 0.052115
v 0.136692 1.592263 -0.060778
v 0.124382 1.369028 -0.050880
v 0.139879 1.410601 0.049727
v 0.062268 1.269689 -0.107893
v 0.144907 1.434996 -0.044932
v 0.151110 1.463770 -0.044143
v 0.147136 1.469393 0.050936
v 0.144239 1.441403 0.050415
v 0.055412 1.240421 0.130023
v 0.038727 1.237296 0.038672
v 0.024698 1.467308 0.188929
v 0.032969 1.383736 0.161861
v 0.048130 1.368105 -0.150592
v 0.144168 1.545238 0.051759
v 0.065073 1.605689 -0.156281
v 0.072007 1.637619 -0.060105
v 0.069013 1.636300 0.052767
v 0.064954 1.439804 -0.206826
v 0.069539 1.495046 -0.202920
v 0.114204 1.574256 0.117481
v 0.113684 1.542413 0.132429
v 0.046599 1.560587 0.171886
v 0.060020 1.610103 0.133444
v 0.145689 1.491962 -0.080221
v 0.066623 1.553696 -0.180836
v 0.111149 1.331772 0.054336
v 0.075883 1.339312 -0.119875
v 0.106153 1.337330 -0.054020
v 0.054607 1.385956 -0.169309
v 0.120330 1.336588 -0.024384
v 0.079375 1.268880 -0.058457
v 0.063054 1.250844 0.002970
v 0.144484 1.396943 -0.045148
v 0.138327 1.400249 -0.060231
v 0.062352 1.225411 0.105954
v 0.083029 1.317382 0.138886
v 0.039202 1.300747 0.146585
v 0.146797 1.441328 -0.016721
v 0.152470 1.478865 -0.018063
v 0.124140 1.430813 -0.172985
v 0.137759 1.485763 -0.172218
v 0.138602 1.375687 -0.029046
v 0.132697 1.541623 -0.148428
v 0.112394 1.393925 -0.144988
v 0.147992 1.530843 -0.028577
v 0.168309 1.461643 -0.086402
v 0.154671 1.462086 -0.046236
v 0.148468 1.433312 -0.047025
v 0.161151 1.420222 -0.095511
v 0.155488 1.410107 -0.060416
v 0.171232 1.484699 -0.086617
v 0.154804 1.410074 -0.070446
v 0.164459 1.474060 -0.054379
v 0.167494 1.486788 -0.075014
v 0.148424 1.502057 -0.061281
v 0.151319 1.420678 -0.098743
v 0.156886 1.461829 -0.103781
v 0.158160 1.491989 -0.100831
v 0.148522 1.401323 -0.081367
v 0.151932 1.511658 -0.072090
v 0.153740 1.433082 -0.055174
v 0.159845 1.462046 -0.054444
v 0.159422 1.425359 -0.083097
v 0.170631 1.461880 -0.099470
v 0.149205 1.397049 -0.048891
v 0.173913 1.491750 -0.096616
v 0.155360 1.399724 -0.076036
v 0.167154 1.505153 -0.073337
v 0.159033 1.483852 -0.046014
v 0.162352 1.458437 -0.081166
v 0.152538 1.458900 -0.065681
v 0.148308 1.435594 -0.066231
v 0.155596 1.433473 -0.078642
v 0.147062 1.422904 -0.069172
v 0.160330 1.474385 -0.082520
v 0.150476 1.423470 -0.070760
v 0.158139 1.474980 -0.075358
v 0.151760 1.465863 -0.065655
v 0.000000 1.374323 -0.185264
v 0.000000 1.431184 0.173749
v 0.000000 1.354948 0.164707
v 0.000000 1.270211 -0.143449
v 0.000000 1.339659 -0.145575
v 0.000000 1.377353 0.204478
v 0.000000 1.650737 -0.059868
v 0.000000 1.465268 0.201437
v 0.000000 1.439007 -0.216833
v 0.000000 1.212078 0.128334
v 0.000000 1.228525 0.148686
v 0.000000 1.614681 -0.164918
v 0.000000 1.649492 0.052982
v 0.000000 1.493062 -0.211729
v 0.000000 1.620145 0.144293
v 0.000000 1.569001 0.180458
v 0.000000 1.558849 -0.187220
v 0.000000 1.359001 -0.165001
v 0.000000 1.228289 0.060031
v 0.000000 1.295855 0.157210
v 0.313933 1.038136 -0.014646
v 0.313933 1.029096 -0.071419
v 0.313933 1.032837 -0.118268
v 0.313933 1.096850 -0.144285
v 0.313933 1.142001 -0.128641
v 0.313933 1.157169 -0.069782
v 0.313933 1.097691 0.003968
v 0.313933 1.140319 -0.012630
v 0.313933 1.061651 0.008831
v 0.313933 1.056036 -0.134521
v 0.573458 1.051145 -0.027333
v 0.576180 1.044605 -0.064216
v 0.578427 1.047312 -0.094651
v 0.579674 1.093623 -0.111553
v 0.578924 1.126287 -0.101390
v 0.576102 1.137261 -0.063152
v 0.572565 1.094231 -0.015240
v 0.573361 1.125070 -0.026023
v 0.572332 1.068157 -0.012081
v 0.579206 1.064095 -0.105210
v 0.707097 1.072515 -0.018138
v 0.708354 1.068240 -0.041804
v 0.708438 1.071768 -0.061079
v 0.709949 1.090080 -0.073874
v 0.709399 1.102976 -0.062325
v 0.707928 1.105958 -0.041027
v 0.706653 1.092297 -0.012060
v 0.705753 1.104112 -0.020690
v 0.706509 1.078131 -0.008339
v 0.709641 1.076464 -0.070330
v 0.476163 1.048539 -0.034536
v 0.420511 1.048278 -0.034297
v 0.420510 1.041187 -0.070215
v 0.476163 1.041499 -0.070200
v 0.448333 1.041930 -0.070063
v 0.420510 1.044122 -0.099853
v 0.476163 1.044412 -0.099629
v 0.448333 1.044815 -0.097539
v 0.476163 1.094269 -0.115972
v 0.420512 1.094334 -0.116313
v 0.448333 1.094180 -0.112797
v 0.420513 1.129750 -0.106415
v 0.476162 1.129435 -0.106145
v 0.448333 1.128998 -0.103622
v 0.420513 1.141649 -0.069179
v 0.476162 1.141249 -0.069171
v 0.448334 1.140695 -0.069103
v 0.420511 1.094994 -0.022521
v 0.476163 1.094924 -0.022844
v 0.476162 1.128125 -0.033270
v 0.420512 1.128431 -0.033021
v 0.420511 1.066723 -0.019444
v 0.476163 1.066854 -0.019789
v 0.476163 1.062481 -0.109838
v 0.420511 1.062319 -0.110136
v 0.448333 1.062705 -0.107071
v 0.131777 0.900799 0.024273
v 0.117319 0.796709 0.044700
v 0.112346 0.796709 -0.059780
v 0.208182 1.019917 -0.010133
v 0.208182 1.010261 -0.057915
v 0.208182 1.012414 -0.117661
v 0.213127 1.045193 -0.139901
v 0.233787 1.179374 -0.069892
v 0.229970 1.157974 -0.008758
v 0.222175 1.101998 0.009374
v 0.213127 1.052897 0.015068
v 0.222175 1.100868 -0.149994
v 0.229970 1.160194 -0.132860
v 0.735244 1.076367 -0.003725
v 0.734899 1.091913 -0.003503
v 0.741715 1.077780 -0.071435
v 0.741715 1.093652 -0.071435
v 0.837736 1.078683 0.021638
v 0.837736 1.101390 0.021638
v 0.845430 1.078683 -0.077093
v 0.845430 1.101390 -0.077093
v 0.740564 1.076405 -0.059392
v 0.738480 1.074012 -0.037580
v 0.736862 1.074028 -0.015683
v 0.736862 1.100880 -0.020652
v 0.738480 1.102309 -0.037580
v 0.740292 1.099653 -0.056542
v 0.854900 1.075561 -0.001588
v 0.857255 1.073653 -0.026230
v 0.856283 1.076104 -0.051189
v 0.856283 1.103970 -0.051189
v 0.857255 1.106421 -0.026230
v 0.854900 1.104513 -0.001588
v 0.948491 1.083347 0.015952
v 0.948491 1.096726 0.015952
v 0.947403 1.095283 0.027339
v 0.947403 1.084790 0.027339
v 0.942601 1.084790 -0.072898
v 0.942601 1.095283 -0.072898
v 0.941513 1.096475 -0.061511
v 0.941513 1.083598 -0.061511
v 0.960870 1.083598 -0.045692
v 0.960870 1.096475 -0.045692
v 0.959782 1.097608 -0.034305
v 0.959782 1.082466 -0.034305
v 0.974014 1.082466 -0.008385
v 0.974014 1.097608 -0.008385
v 0.972926 1.096726 0.003002
v 0.972926 1.083347 0.003002
v 0.886097 1.101917 0.004258
v 0.917294 1.099322 0.010105
v 0.917294 1.080752 0.010105
v 0.886097 1.078156 0.004258
v 0.874292 1.099355 0.023538
v 0.910847 1.097319 0.025438
v 0.874292 1.080719 0.023538
v 0.910847 1.082755 0.025438
v 0.896174 1.103483 -0.020281
v 0.935094 1.100545 -0.014333
v 0.935094 1.079528 -0.014333
v 0.896174 1.076590 -0.020281
v 0.894242 1.101917 -0.000058
v 0.933584 1.099322 0.001472
v 0.894242 1.078156 -0.000058
v 0.933584 1.080752 0.001472
v 0.891145 1.101472 -0.049357
v 0.926007 1.098973 -0.047525
v 0.926007 1.081100 -0.047525
v 0.891145 1.078602 -0.049357
v 0.891430 1.103483 -0.028922
v 0.925606 1.100545 -0.031614
v 0.891430 1.076590 -0.028922
v 0.925606 1.079528 -0.031614
v 0.877820 1.099355 -0.075695
v 0.910210 1.097319 -0.074296
v 0.910210 1.082755 -0.074296
v 0.877820 1.080719 -0.075695
v 0.884693 1.101472 -0.054630
v 0.913103 1.098973 -0.058071
v 0.884693 1.078602 -0.054630
v 0.913103 1.081100 -0.058071
v 0.767873 1.070019 0.015262
v 0.767268 1.084515 0.021589
v 0.821441 1.086867 0.034976
v 0.822249 1.067515 0.026529
v 0.843735 1.045374 0.095507
v 0.849755 1.058976 0.103754
v 0.859990 1.061492 0.090782
v 0.854434 1.048938 0.083170
v 0.818739 1.067288 0.072945
v 0.840474 1.070272 0.068945
v 0.837303 1.052003 0.058304
v 0.815600 1.050248 0.062275
v 0.720342 1.077915 -0.007072
v 0.721682 1.092246 -0.008302
v 0.728198 1.076697 -0.070322
v 0.728198 1.092763 -0.072727
v 0.727010 1.073896 -0.060298
v 0.724962 1.070763 -0.038872
v 0.722798 1.073773 -0.016224
v 0.723230 1.101831 -0.020825
v 0.724962 1.104076 -0.038872
v 0.726859 1.100335 -0.058721
v -0.092131 0.796709 -0.078228
v -0.095950 0.900799 -0.091759
v -0.132955 0.796709 -0.017504
v -0.147899 0.900799 -0.031263
v -0.086501 0.796709 0.083098
v -0.108348 0.900799 0.068610
v -0.134228 1.010367 -0.153744
v -0.182958 0.990198 -0.052830
v -0.134228 1.010367 0.055602
v -0.123583 1.097666 -0.164956
v -0.143826 1.097666 0.038523
v -0.120696 1.180305 -0.138376
v -0.153803 1.206709 -0.067014
v -0.131368 1.167311 0.001590
v -0.074687 1.239426 -0.117830
v -0.083842 1.239616 -0.061336
v -0.065924 1.230561 -0.018263
v -0.031310 0.604650 -0.129357
v -0.030078 0.601191 0.047404
v -0.071205 0.672232 -0.143988
v -0.059301 0.679649 0.080562
v -0.014581 0.583671 0.001843
v -0.125354 0.678143 0.055833
v -0.154293 0.713698 -0.009921
v -0.133551 0.688591 -0.081990
v -0.035883 0.581468 0.041976
v -0.088378 0.635273 0.080951
v -0.037773 0.591166 -0.109800
v -0.018690 0.560836 -0.015648
v -0.094046 0.641378 -0.123915
v -0.186512 0.253748 -0.103835
v -0.149709 0.253748 -0.120277
v -0.157769 0.090934 -0.120075
v -0.136600 0.336849 -0.097329
v -0.180382 0.092590 -0.108217
v -0.174585 0.340070 -0.078400
v -0.190507 0.095310 -0.078242
v -0.189701 0.341813 -0.032331
v -0.186342 0.097573 -0.052841
v -0.173889 0.341533 0.013460
v -0.160362 0.099156 -0.034505
v -0.135756 0.339712 0.032453
v -0.137749 0.098030 -0.046363
v -0.097739 0.337473 0.013425
v -0.127624 0.095310 -0.076337
v -0.082503 0.335653 -0.032573
v -0.135916 0.092590 -0.106869
v -0.098370 0.335998 -0.078421
v -0.198833 0.253748 -0.055135
v -0.184402 0.253748 -0.019062
v -0.146385 0.253748 -0.002155
v -0.108491 0.253748 -0.019099
v -0.095954 0.253748 -0.055583
v -0.111369 0.253748 -0.104081
v -0.177384 0.154682 -0.107668
v -0.187727 0.154158 -0.073517
v -0.177384 0.154682 -0.039367
v -0.152414 0.155945 -0.025221
v -0.127443 0.157209 -0.039367
v -0.117100 0.157733 -0.073517
v -0.152341 0.155350 -0.121813
v -0.127443 0.157209 -0.107668
v -0.091995 0.294862 -0.045977
v -0.103657 0.296132 -0.000208
v -0.139406 0.295756 0.018688
v -0.175868 0.296850 0.000346
v -0.191075 0.298399 -0.043907
v -0.127392 0.397222 -0.099992
v -0.171402 0.400357 -0.078055
v -0.189631 0.401016 -0.025319
v -0.171402 0.399444 0.027397
v -0.127392 0.396563 0.049214
v -0.083383 0.394060 0.027351
v -0.065153 0.393402 -0.025385
v -0.083383 0.394973 -0.078102
v -0.130863 0.471811 -0.104681
v -0.181748 0.475881 -0.078626
v -0.201800 0.477912 -0.017280
v -0.178586 0.477286 0.043227
v -0.126271 0.474699 0.066891
v -0.061668 0.474512 0.040383
v -0.042203 0.472416 -0.020861
v -0.065273 0.472474 -0.080840
v -0.115055 0.537747 -0.101312
v -0.172157 0.546851 -0.074253
v -0.194305 0.550886 -0.012564
v -0.168406 0.547810 0.047882
v -0.110066 0.538989 0.071881
v -0.049591 0.531714 0.043915
v -0.026122 0.527306 -0.018008
v -0.053637 0.531200 -0.078104
v -0.190646 1.017376 -0.009504
v -0.190646 1.002216 -0.056032
v -0.190646 1.009566 -0.117576
v -0.190646 1.102001 -0.151604
v -0.190646 1.167076 -0.134456
v -0.190646 1.188939 -0.069940
v -0.190646 1.103213 0.010899
v -0.190646 1.164652 -0.007294
v -0.173878 0.998559 -0.003792
v -0.127991 0.900799 -0.066587
v -0.177076 0.996625 -0.104394
v -0.190646 1.051268 0.016229
v -0.190646 1.043175 -0.140902
v -0.161872 0.001523 -0.136234
v -0.204998 0.002105 -0.124106
v -0.220952 0.002105 -0.084350
v -0.217676 0.002105 -0.042308
v -0.175679 0.002105 -0.020064
v -0.129638 0.002105 -0.031845
v -0.116599 0.002105 -0.071948
v -0.122790 0.002105 -0.114336
v -0.216097 0.022255 0.105273
v -0.176445 0.035091 0.130086
v -0.128443 0.033970 0.139071
v -0.224532 0.001297 0.107237
v -0.177840 0.002105 0.133913
v -0.121777 0.002105 0.144043
v -0.170048 0.070237 0.009961
v -0.210356 0.047188 -0.002684
v -0.221514 0.002105 -0.000024
v -0.175794 0.002105 0.012493
v -0.129134 0.002105 0.025267
v -0.136720 0.058241 0.019086
v -0.209733 0.043197 -0.050644
v -0.129913 0.043197 -0.042126
v -0.198987 0.038589 -0.130388
v -0.157677 0.037387 -0.141127
v -0.207978 0.045740 -0.085768
v -0.120038 0.045740 -0.075483
v -0.120075 0.038589 -0.121159
v -0.177449 0.017925 0.138395
v -0.226624 0.011103 0.112651
v -0.118857 0.017364 0.147953
v -0.219179 0.022425 -0.003374
v -0.130215 0.027951 0.020156
v -0.173029 0.052224 0.072222
v -0.232271 0.001701 0.057696
v -0.118582 0.002105 0.084655
v -0.221110 0.034721 0.055384
v -0.177097 0.002105 0.075401
v -0.126701 0.046105 0.079078
v -0.232133 0.016764 0.058728
v -0.117535 0.022658 0.084055
v -0.054174 0.900799 -0.112525
v -0.055846 0.796709 -0.106588
v -0.054174 0.900799 0.084579
v -0.052285 0.796709 0.093888
v -0.067114 1.010367 -0.164219
v -0.067114 1.010367 0.075358
v -0.061791 1.104259 -0.174154
v -0.071913 1.097230 0.054204
v -0.052427 1.194624 -0.147903
v -0.037873 1.238816 -0.137658
v -0.054875 1.165963 0.021424
v -0.035359 1.225203 0.014147
v -0.029650 0.679358 0.082007
v -0.015039 0.605113 0.053005
v -0.035603 0.676199 -0.146011
v -0.015655 0.608562 -0.131963
v -0.007291 0.584917 0.001843
v -0.125476 1.584345 -0.130582
v -0.090691 1.374455 -0.134922
v -0.111895 1.397823 0.148150
v -0.149736 1.485536 -0.043920
v -0.038114 1.339566 -0.138720
v -0.031204 1.270054 -0.132128
v -0.075481 1.252496 0.053023
v -0.095876 1.276641 -0.024609
v -0.027688 1.433929 0.146008
v -0.140318 1.421547 -0.084129
v -0.148725 1.462495 -0.089708
v -0.110197 1.441195 0.130837
v -0.106264 1.474441 0.168473
v -0.130704 1.590864 0.052115
v -0.136692 1.592263 -0.060778
v -0.124382 1.369028 -0.050880
v -0.139879 1.410601 0.049727
v -0.062268 1.269689 -0.107893
v -0.144907 1.434996 -0.044932
v -0.151110 1.463770 -0.044143
v -0.147136 1.469393 0.050936
v -0.144239 1.441403 0.050415
v -0.055412 1.240421 0.130023
v -0.038727 1.237296 0.038672
v -0.024698 1.467308 0.188929
v -0.032969 1.383736 0.161861
v -0.048130 1.368105 -0.150592
v -0.144168 1.545238 0.051759
v -0.065073 1.605689 -0.156281
v -0.072007 1.637619 -0.060105
v -0.069013 1.636300 0.052767
v -0.064954 1.439804 -0.206826
v -0.069539 1.495046 -0.202920
v -0.114204 1.574256 0.117481
v -0.113684 1.542413 0.132429
v -0.046599 1.560587 0.171886
v -0.060020 1.610103 0.133444
v -0.145689 1.491962 -0.080221
v -0.066623 1.553696 -0.180836
v -0.111149 1.331772 0.054336
v -0.075883 1.339312 -0.119875
v -0.106153 1.337330 -0.054020
v -0.054607 1.385956 -0.169309
v -0.120330 1.336588 -0.024384
v -0.079375 1.268880 -0.058457
v -0.063054 1.250844 0.002970
v -0.144484 1.396943 -0.045148
v -0.138327 1.400249 -0.060231
v -0.062352 1.225411 0.105954
v -0.083029 1.317382 0.138886
v -0.039202 1.300747 0.146585
v -0.146797 1.441328 -0.016721
v -0.152470 1.478865 -0.018063
v -0.124140 1.430813 -0.172985
v -0.137759 1.485763 -0.172218
v -0.138602 1.375687 -0.029046
v -0.132697 1.541623 -0.148428
v -0.112394 1.393925 -0.144988
v -0.147992 1.530843 -0.028577
v -0.168309 1.461643 -0.086402
v -0.154671 1.462086 -0.046236
v -0.148468 1.433312 -0.047025
v -0.161151 1.420222 -0.095511
v -0.155488 1.410107 -0.060416
v -0.171232 1.484699 -0.086617
v -0.154804 1.410074 -0.070446
v -0.164459 1.474060 -0.054379
v -0.167494 1.486788 -0.075014
v -0.148424 1.502057 -0.061281
v -0.151319 1.420678 -0.098743
v -0.156886 1.461829 -0.103781
v -0.158160 1.491989 -0.100831
v -0.148522 1.401323 -0.081367
v -0.151932 1.511658 -0.072090
v -0.153740 1.433082 -0.055174
v -0.159845 1.462046 -0.054444
v -0.159422 1.425359 -0.083097
v -0.170631 1.461880 -0.099470
v -0.149205 1.397049 -0.048891
v -0.173913 1.491750 -0.096616
v -0.155360 1.399724 -0.076036
v -0.167154 1.505153 -0.073337
v -0.159033 1.483852 -0.046014
v -0.162352 1.458437 -0.081166
v -0.152538 1.458900 -0.065681
v -0.148308 1.435594 -0.066231
v -0.155596 1.433473 -0.078642
v -0.147062 1.422904 -0.069172
v -0.160330 1.474385 -0.082520
v -0.150476 1.423470 -0.070760
v -0.158139 1.474980 -0.075358
v -0.151760 1.465863 -0.065655
v -0.313933 1.038136 -0.014646
v -0.313933 1.029096 -0.071419
v -0.313933 1.032837 -0.118268
v -0.313933 1.096850 -0.144285
v -0.313933 1.142001 -0.128641
v -0.313933 1.157169 -0.069782
v -0.313933 1.097691 0.003968
v -0.313933 1.140319 -0.012630
v -0.313933 1.061651 0.008831
v -0.313933 1.056036 -0.134521
v -0.573458 1.051145 -0.027333
v -0.576180 1.044605 -0.064216
v -0.578427 1.047312 -0.094651
v -0.579674 1.093623 -0.111553
v -0.578924 1.126287 -0.101390
v -0.576102 1.137261 -0.063152
v -0.572565 1.094231 -0.015240
v -0.573361 1.125070 -0.026023
v -0.572332 1.068157 -0.012081
v -0.579206 1.064095 -0.105210
v -0.707097 1.072515 -0.018138
v -0.708354 1.068240 -0.041804
v -0.708438 1.071768 -0.061079
v -0.709949 1.090080 -0.073874
v -0.709399 1.102976 -0.062325
v -0.707928 1.105958 -0.041027
v -0.706653 1.092297 -0.012060
v -0.705753 1.104112 -0.020690
v -0.706509 1.078131 -0.008339
v -0.709641 1.076464 -0.070330
v -0.476163 1.048539 -0.034536
v -0.420511 1.048278 -0.034297
v -0.420510 1.041187 -0.070215
v -0.476163 1.041499 -0.070200
v -0.448333 1.041930 -0.070063
v -0.420510 1.044122 -0.099853
v -0.476163 1.044412 -0.099629
v -0.448333 1.044815 -0.097539
v -0.476163 1.094269 -0.115972
v -0.420512 1.094334 -0.116313
v -0.448333 1.094180 -0.112797
v -0.420513 1.129750 -0.106415
v -0.476162 1.129435 -0.106145
v -0.448333 1.128998 -0.103622
v -0.420513 1.141649 -0.069179
v -0.476162 1.141249 -0.069171
v -0.448334 1.140695 -0.069103
v -0.420511 1.094994 -0.022521
v -0.476163 1.094924 -0.022844
v -0.476162 1.128125 -0.033270
v -0.420512 1.128431 -0.033021
v -0.420511 1.066723 -0.019444
v -0.476163 1.066854 -0.019789
v -0.476163 1.062481 -0.109838
v -0.420511 1.062319 -0.110136
v -0.448333 1.062705 -0.107071
v -0.131777 0.900799 0.024273
v -0.117319 0.796709 0.044700
v -0.112346 0.796709 -0.059780
v -0.208182 1.019917 -0.010133
v -0.208182 1.010261 -0.057915
v -0.208182 1.012414 -0.117661
v -0.213127 1.045193 -0.139901
v -0.233787 1.179374 -0.069892
v -0.229970 1.157974 -0.008758
v -0.222175 1.101998 0.009374
v -0.213127 1.052897 0.015068
v -0.222175 1.100868 -0.149994
v -0.229970 1.160194 -0.132860
v -0.735244 1.076367 -0.003725
v -0.734899 1.091913 -0.003503
v -0.741715 1.077780 -0.071435
v -0.741715 1.093652 -0.071435
v -0.837736 1.078683 0.021638
v -0.837736 1.101390 0.021638
v -0.845430 1.078683 -0.077093
v -0.845430 1.101390 -0.077093
v -0.740564 1.076405 -0.059392
v -0.738480 1.074012 -0.037580
v -0.736862 1.074028 -0.015683
v -0.736862 1.100880 -0.020652
v -0.738480 1.102309 -0.037580
v -0.740292 1.099653 -0.056542
v -0.854900 1.075561 -0.001588
v -0.857255 1.073653 -0.026230
v -0.856283 1.076104 -0.051189
v -0.856283 1.103970 -0.051189
v -0.857255 1.106421 -0.026230
v -0.854900 1.104513 -0.001588
v -0.948491 1.083347 0.015952
v -0.948491 1.096726 0.015952
v -0.947403 1.095283 0.027339
v -0.947403 1.084790 0.027339
v -0.942601 1.084790 -0.072898
v -0.942601 1.095283 -0.072898
v -0.941513 1.096475 -0.061511
v -0.941513 1.083598 -0.061511
v -0.960870 1.083598 -0.045692
v -0.960870 1.096475 -0.045692
v -0.959782 1.097608 -0.034305
v -0.959782 1.082466 -0.034305
v -0.974014 1.082466 -0.008385
v -0.974014 1.097608 -0.008385
v -0.972926 1.096726 0.003002
v -0.972926 1.083347 0.003002
v -0.886097 1.101917 0.004258
v -0.917294 1.099322 0.010105
v -0.917294 1.080752 0.010105
v -0.886097 1.078156 0.004258
v -0.874292 1.099355 0.023538
v -0.910847 1.097319 0.025438
v -0.874292 1.080719 0.023538
v -0.910847 1.082755 0.025438
v -0.896174 1.103483 -0.020281
v -0.935094 1.100545 -0.014333
v -0.935094 1.079528 -0.014333
v -0.896174 1.076590 -0.020281
v -0.894242 1.101917 -0.000058
v -0.933584 1.099322 0.001472
v -0.894242 1.078156 -0.000058
v -0.933584 1.080752 0.001472
v -0.891145 1.101472 -0.049357
v -0.926007 1.098973 -0.047525
v -0.926007 1.081100 -0.047525
v -0.891145 1.078602 -0.049357
v -0.891430 1.103483 -0.028922
v -0.925606 1.100545 -0.031614
v -0.891430 1.076590 -0.028922
v -0.925606 1.079528 -0.031614
v -0.877820 1.099355 -0.075695
v -0.910210 1.097319 -0.074296
v -0.910210 1.082755 -0.074296
v -0.877820 1.080719 -0.075695
v -0.884693 1.101472 -0.054630
v -0.913103 1.098973 -0.058071
v -0.884693 1.078602 -0.054630
v -0.913103 1.081100 -0.058071
v -0.767873 1.070019 0.015262
v -0.767268 1.084515 0.021589
v -0.821441 1.086867 0.034976
v -0.822249 1.067515 0.026529
v -0.843735 1.045374 0.095507
v -0.849755 1.058976 0.103754
v -0.859990 1.061492 0.090782
v -0.854434 1.048938 0.083170
v -0.818739 1.067288 0.072945
v -0.840474 1.070272 0.068945
v -0.837303 1.052003 0.058304
v -0.815600 1.050248 0.062275
v -0.720342 1.077915 -0.007072
v -0.721682 1.092246 -0.008302
v -0.728198 1.076697 -0.070322
v -0.728198 1.092763 -0.072727
v -0.727010 1.073896 -0.060298
v -0.724962 1.070763 -0.038872
v -0.722798 1.073773 -0.016224
v -0.723230 1.101831 -0.020825
v -0.724962 1.104076 -0.038872
v -0.726859 1.100335 -0.058721
vn 0.5307 -0.0843 -0.8433
vn 0.6351 -0.1337 -0.7608
vn 0.9613 -0.0932 0.2593
vn 0.2030 0.0394 0.9784
vn 0.0437 -0.4142 -0.9092
vn 0.9235 -0.3345 0.1879
vn 0.9024 -0.3028 0.3065
vn 0.9043 -0.3027 0.3009
vn 0.9279 -0.3262 0.1803
vn 0.2822 0.0472 0.9582
vn 0.0145 -0.1060 -0.9943
vn 0.2420 0.1889 0.9517
vn 0.1998 0.2554 -0.9460
vn 0.1995 0.4745 0.8574
vn 0.1108 0.2521 -0.9613
vn 0.3717 0.4390 0.8180
vn 0.5369 0.7729 -0.3382
vn 0.4705 0.7347 0.4888
vn 0.0513 -0.3479 0.9361
vn 0.0525 -0.2294 -0.9719
vn 0.3847 0.3088 -0.8699
vn 0.0659 -0.1350 0.9887
vn 0.0736 -0.9420 0.3273
vn -0.1956 -0.9632 -0.1841
vn 0.8597 0.2413 -0.4502
vn 0.8818 0.1519 0.4466
vn -0.3593 -0.2659 0.8945
vn 0.3504 -0.0084 0.9366
vn -0.9347 -0.2842 -0.2133
vn -0.8146 -0.4105 0.4098
vn 0.3525 -0.4833 -0.8014
vn 0.6583 0.2199 -0.7200
vn 0.5319 -0.0893 0.8421
vn 0.9622 -0.0685 -0.2636
vn 0.9477 0.2172 -0.2340
vn 0.9503 0.1506 -0.2724
vn 0.9704 0.0616 0.2335
vn 0.9321 -0.1493 0.3299
vn 0.9503 0.1506 -0.2725
vn -0.9344 -0.1846 0.3046
vn 0.4304 -0.1963 0.8810
vn 0.9444 -0.0549 0.3242
vn -0.9535 -0.1383 -0.2678
vn -0.4334 -0.2488 0.8662
vn 0.4424 -0.2344 0.8656
vn -0.5077 -0.0716 -0.8586
vn -0.9215 -0.2507 0.2966
vn -0.4268 -0.3196 0.8460
vn 0.4785 0.0236 -0.8778
vn -0.9442 -0.1497 -0.2933
vn -0.9228 -0.2651 0.2794
vn 0.4441 0.0284 -0.8955
vn -0.4329 -0.0179 -0.9012
vn -0.9376 -0.1138 -0.3285
vn -0.4708 -0.1949 0.8605
vn 0.4434 0.0098 -0.8963
vn -0.0085 -0.9999 -0.0057
vn -0.0148 -0.9999 -0.0028
vn -0.0139 -0.9999 -0.0046
vn -0.0137 -0.9999 -0.0080
vn 0.9504 0.0587 -0.3054
vn -0.9402 -0.1944 0.2796
vn -0.3956 -0.4360 0.8083
vn 0.4080 -0.3285 0.8518
vn 0.9365 0.0529 0.3466
vn 0.9416 -0.1238 -0.3131
vn 0.9447 -0.0376 0.3258
vn -0.9175 -0.2335 -0.3219
vn 0.4455 -0.1918 0.8745
vn -0.4387 -0.1064 -0.8923
vn -0.4090 -0.3137 0.8569
vn 0.9462 0.0455 -0.3204
vn -0.8990 -0.3070 0.3124
vn -0.3460 -0.0302 -0.9378
vn -0.9115 -0.2353 -0.3374
vn -0.3913 -0.2289 0.8913
vn 0.9268 -0.1677 0.3360
vn 0.4545 -0.0729 -0.8877
vn -0.3828 -0.0818 -0.9202
vn -0.9071 -0.2879 0.3070
vn 0.4274 -0.2057 0.8804
vn 0.9112 0.2295 -0.3422
vn -0.9107 -0.2476 0.3305
vn 0.3946 0.0115 0.9188
vn 0.9357 0.1317 -0.3274
vn -0.9004 -0.2007 -0.3859
vn -0.3868 -0.1538 0.9092
vn 0.9219 0.0889 0.3771
vn 0.4249 0.1295 -0.8959
vn 0.8652 0.2290 0.4461
vn 0.4331 0.0562 0.8996
vn -0.4425 -0.1504 0.8841
vn -0.9052 -0.2316 0.3564
vn -0.8824 -0.3262 -0.3390
vn -0.1320 -0.3389 -0.9315
vn 0.5668 0.0359 -0.8231
vn 0.0003 -1.0000 0.0026
vn 0.2383 0.8572 0.4566
vn 0.2894 0.3943 0.8722
vn 0.2612 0.8878 -0.3790
vn 0.1380 0.2836 -0.9490
vn 0.5086 0.1025 0.8549
vn 0.7943 -0.5305 -0.2960
vn 0.7934 -0.5320 -0.2957
vn 0.9234 -0.3708 -0.0991
vn 0.9257 -0.3671 -0.0912
vn 0.5032 -0.5241 -0.6871
vn 0.5965 -0.6419 -0.4819
vn 0.5052 -0.5230 -0.6865
vn 0.5017 -0.5191 -0.6920
vn 0.7151 -0.6885 -0.1210
vn 0.7945 -0.5679 0.2153
vn 0.7025 -0.4369 0.5618
vn 0.2421 -0.1266 -0.9619
vn 0.4111 -0.6337 -0.6553
vn 0.4191 0.8739 0.2463
vn 0.4201 0.8728 0.2484
vn 0.2620 -0.1111 -0.9587
vn 0.9362 0.1937 -0.2932
vn -0.9498 0.0904 0.2994
vn -0.9499 0.0906 0.2991
vn -0.9498 0.0909 0.2993
vn -0.4743 -0.1847 -0.8608
vn 0.9698 0.2425 0.0271
vn -0.9975 -0.0001 -0.0705
vn 0.4278 -0.3502 0.8333
vn 0.4308 -0.3500 0.8319
vn 0.1654 -0.2407 0.9564
vn 0.1650 -0.2376 0.9572
vn -0.9931 -0.1129 0.0315
vn -0.0361 0.9692 0.2435
vn -0.0326 0.9691 0.2445
vn -0.0337 0.9696 0.2423
vn -0.0000 -1.0000 -0.0000
vn -0.0004 -1.0000 0.0055
vn -0.0033 -1.0000 0.0002
vn 0.7556 0.6280 0.1862
vn 0.9256 0.3760 -0.0433
vn 0.0006 -1.0000 0.0002
vn -0.0004 -1.0000 0.0011
vn -0.0016 -1.0000 -0.0019
vn -0.2182 0.8197 0.5296
vn -0.9998 0.0205 0.0009
vn 0.4885 0.7465 0.4517
vn 0.0012 -1.0000 -0.0001
vn -0.0003 -1.0000 0.0006
vn -0.0013 -1.0000 -0.0005
vn 0.0018 -1.0000 -0.0017
vn -0.9831 0.1698 0.0676
vn 0.9833 0.1431 -0.1127
vn 0.9830 0.1438 -0.1138
vn 0.9868 -0.1086 0.1200
vn -0.8917 0.4444 0.0860
vn -0.8908 0.4464 0.0848
vn 0.1493 0.4182 0.8960
vn 0.4987 0.5665 0.6560
vn -0.9624 0.2353 -0.1357
vn -0.9626 0.2348 -0.1348
vn 0.9306 0.3639 0.0388
vn -0.4461 0.3384 -0.8286
vn -0.9424 0.1537 0.2972
vn -0.9423 0.1534 0.2975
vn 0.8801 0.3859 -0.2766
vn 0.2896 0.3994 -0.8698
vn -0.9549 0.2629 -0.1380
vn -0.9548 0.2622 -0.1404
vn 0.9800 0.0572 -0.1905
vn 0.9800 0.0560 -0.1911
vn 0.9796 0.0568 -0.1928
vn 0.9035 0.4125 -0.1160
vn -0.0018 -1.0000 0.0017
vn -0.0055 -1.0000 0.0003
vn -0.1726 0.9586 0.2265
vn -0.1713 0.9590 0.2259
vn -0.1730 0.9588 0.2255
vn -0.9823 -0.0222 -0.1860
vn 0.4570 0.8732 0.1690
vn 0.4582 0.8728 0.1681
vn -0.0033 -1.0000 -0.0010
vn -0.0053 -1.0000 -0.0016
vn -0.0069 -1.0000 -0.0032
vn -0.0045 -1.0000 -0.0084
vn -0.1961 -0.9638 -0.1809
vn -0.1154 -0.9157 0.3848
vn 0.1877 -0.1000 0.9771
vn 0.1111 0.2792 -0.9538
vn 0.0420 -0.1992 -0.9791
vn 0.1107 -0.4018 0.9090
vn 0.1620 0.1243 0.9789
vn 0.1829 0.2990 -0.9366
vn 0.1381 0.4924 0.8593
vn 0.2945 0.4274 -0.8547
vn 0.2387 0.2449 0.9397
vn 0.1450 -0.1021 -0.9842
vn 0.2822 0.0474 0.9582
vn 0.2403 -0.4907 -0.8376
vn 0.2889 0.0762 0.9543
vn 0.1199 -0.0400 -0.9920
vn 0.4431 0.3598 -0.8211
vn 0.3766 -0.4814 -0.7915
vn 0.9431 0.0401 0.3300
vn 0.2112 -0.1737 0.9619
vn 0.1459 0.3961 -0.9066
vn 0.3785 0.2266 0.8974
vn 0.3510 -0.6028 -0.7165
vn 0.1219 0.3397 0.9326
vn 0.9786 0.1555 -0.1345
vn 0.2644 -0.6849 -0.6790
vn 0.9905 -0.1289 0.0485
vn 0.2032 -0.7459 0.6343
vn 0.8063 -0.4639 -0.3670
vn 0.2303 0.8462 -0.4805
vn 0.9963 0.0625 0.0590
vn 0.9141 -0.2032 0.3509
vn 0.9901 -0.1344 0.0409
vn 0.4677 0.3969 -0.7898
vn 0.4475 -0.0360 -0.8936
vn 0.9131 -0.3954 0.0995
vn 0.3582 -0.7346 0.5762
vn 0.9241 -0.3324 0.1887
vn 0.6262 -0.6793 0.3827
vn 0.5834 0.8115 0.0330
vn 0.2330 -0.5048 -0.8312
vn 0.4941 0.8315 -0.2537
vn 0.9210 0.2151 0.3249
vn 0.5228 0.4033 0.7510
vn 0.5743 0.7531 0.3210
vn 0.9715 0.2347 0.0335
vn 0.2985 -0.1565 -0.9415
vn 0.1119 0.3508 -0.9298
vn 0.9397 0.0536 0.3377
vn 0.9258 -0.3599 0.1153
vn 0.5199 -0.1879 -0.8333
vn 0.9130 -0.3369 0.2299
vn 0.8857 -0.2794 -0.3707
vn 0.8635 -0.3307 -0.3807
vn 0.5608 -0.8217 -0.1012
vn 0.6228 -0.7331 -0.2733
vn 0.3426 -0.7221 -0.6010
vn 0.1182 -0.9680 -0.2212
vn 0.4431 -0.8710 -0.2121
vn 0.8116 -0.4270 -0.3987
vn 0.2526 -0.5659 -0.7848
vn 0.2414 -0.1961 0.9504
vn 0.2456 -0.1429 0.9588
vn 0.9044 -0.3523 0.2408
vn 0.9843 -0.1762 0.0106
vn 0.9538 -0.2288 -0.1945
vn 0.9942 -0.0898 0.0593
vn 0.9870 0.1303 -0.0939
vn 0.8861 -0.4070 -0.2218
vn 0.8973 -0.3429 -0.2780
vn 0.9886 0.1011 -0.1120
vn 0.9939 0.0666 -0.0879
vn 0.7257 -0.6108 0.3167
vn 0.6736 -0.1024 0.7319
vn 0.7826 0.1821 0.5954
vn 0.5733 -0.0205 0.8191
vn 0.4590 -0.1231 0.8799
vn 0.2774 0.0716 -0.9581
vn -0.1422 -0.9810 -0.1322
vn -0.8559 0.0812 -0.5107
vn -0.8279 0.0689 -0.5567
vn -0.8600 0.4022 -0.3141
vn -0.7925 -0.3860 -0.4721
vn 0.3022 -0.0305 0.9527
vn 0.2997 0.6950 0.6536
vn 0.8260 -0.1900 0.5307
vn 0.9590 -0.2080 0.1925
vn 0.8685 -0.0230 0.4951
vn 0.9772 -0.1232 0.1730
vn 0.9735 -0.0972 0.2071
vn 0.9703 -0.2049 0.1282
vn 0.9533 0.0927 0.2875
vn 0.7633 -0.2080 0.6116
vn 0.9582 0.0054 0.2860
vn 0.7867 -0.0876 0.6111
vn 0.8334 -0.1681 0.5265
vn 0.8695 0.0659 0.4895
vn 0.8446 0.4877 0.2209
vn 0.8562 0.1269 -0.5008
vn 0.7190 -0.6503 -0.2451
vn 0.4689 0.0247 0.8829
vn 0.8593 -0.1580 -0.4865
vn 0.7758 -0.1539 -0.6119
vn 0.9230 0.3107 -0.2270
vn 0.9510 -0.0096 0.3091
vn 0.7038 -0.5835 0.4052
vn 0.5081 0.3551 -0.7847
vn 0.2412 0.5569 0.7948
vn 0.1942 0.9305 0.3107
vn 0.3159 -0.1442 0.9378
vn 0.1366 0.0757 -0.9877
vn 0.2926 0.1497 0.9444
vn 0.1699 0.9318 -0.3207
vn 0.1834 0.9829 0.0136
vn 0.2527 -0.0731 -0.9648
vn 0.6958 0.3227 0.6417
vn 0.5182 -0.6073 0.6022
vn 0.3226 -0.7466 -0.5818
vn 0.2191 -0.9476 0.2326
vn 0.2806 0.1641 -0.9457
vn 0.1842 -0.9675 0.1730
vn 0.1051 -0.5698 -0.8151
vn 0.2313 0.9235 0.3061
vn 0.0573 0.1168 0.9915
vn 0.1242 -0.6539 0.7463
vn 0.1787 -0.9824 -0.0543
vn 0.0636 -0.2069 -0.9763
vn 0.2368 0.9331 -0.2705
vn 0.0907 0.2919 -0.9521
vn 0.0903 0.3245 0.9416
vn -0.0665 0.3144 0.9469
vn 0.0514 -0.5121 -0.8574
vn 0.0478 0.2829 -0.9580
vn 0.0117 0.9446 0.3279
vn 0.0438 -0.1995 -0.9789
vn 0.1168 -0.9785 0.1703
vn -0.0791 0.1140 0.9903
vn -0.0456 -0.6474 0.7607
vn 0.2383 0.2935 -0.9258
vn 0.1526 0.9513 -0.2679
vn 0.2368 -0.2077 -0.9491
vn 0.0345 -0.9951 -0.0921
vn 0.2243 0.3270 0.9180
vn 0.2094 -0.6595 0.7220
vn 0.0490 0.9564 -0.2879
vn 0.1492 0.9412 0.3033
vn 0.1165 -0.9894 -0.0863
vn 0.2088 -0.5278 -0.8233
vn 0.2458 0.1187 0.9620
vn 0.2959 0.4178 -0.8590
vn 0.0541 -0.7391 0.6714
vn 0.0065 0.4143 0.9101
vn 0.1429 -0.9726 0.1831
vn 0.2685 -0.2198 -0.9379
vn 0.1632 0.9551 0.2473
vn 0.2025 -0.9728 -0.1125
vn 0.2764 -0.6652 -0.6936
vn -0.0305 0.1687 0.9852
vn 0.2450 0.9477 -0.2045
vn 0.1130 0.2604 -0.9589
vn -0.1007 0.2607 -0.9601
vn 0.0323 -0.9795 0.1990
vn -0.0214 -0.9798 0.1991
vn 0.0301 -0.9944 -0.1013
vn -0.0190 -0.9947 -0.1013
vn 0.0452 0.9490 -0.3121
vn -0.0314 0.9495 -0.3123
vn 0.0440 0.9350 0.3518
vn -0.0306 0.9355 0.3520
vn 0.1215 0.1044 0.9871
vn -0.1099 0.1045 0.9884
vn 0.0951 -0.6135 0.7840
vn -0.0826 -0.6141 0.7849
vn 0.0950 -0.6135 0.7840
vn -0.0215 -0.9797 0.1991
vn -0.1048 -0.1832 -0.9775
vn 0.1162 -0.1830 -0.9762
vn -0.0816 -0.4796 -0.8737
vn 0.0937 -0.4792 -0.8727
vn 0.0161 -0.9827 0.1846
vn 0.8536 -0.2592 0.4518
vn 0.8213 -0.1411 0.5528
vn 0.8351 -0.0538 0.5475
vn 0.8730 -0.1733 -0.4558
vn 0.0726 0.2904 0.9542
vn 0.0731 0.2607 -0.9627
vn 0.1921 0.9325 -0.3059
vn 0.0505 -0.1823 -0.9819
vn 0.2920 -0.9535 -0.0747
vn 0.0986 -0.6076 0.7881
vn 0.0486 0.1040 0.9934
vn 0.1871 0.9197 0.3452
vn 0.0878 -0.5681 -0.8182
vn 0.2962 -0.9237 0.2430
vn 0.1088 0.9824 -0.1515
vn -0.0545 -0.0000 -0.9985
vn -0.0499 0.0010 0.9988
vn -0.0519 -0.0000 0.9987
vn -0.0512 -0.0019 0.9987
vn -0.5783 -0.1912 0.7931
vn -0.0093 -0.9889 0.1485
vn -0.1052 0.9653 0.2392
vn -0.0540 0.9796 -0.1936
vn -0.0274 0.9929 -0.1160
vn -0.0423 0.9962 0.0759
vn 0.0039 -0.9945 -0.1046
vn 0.0031 -0.9945 -0.1048
vn 0.0058 -0.9947 -0.1029
vn 0.0057 -0.9948 -0.1020
vn 0.0005 -0.9991 0.0414
vn -0.0528 0.0020 0.9986
vn -0.0540 -0.0007 0.9985
vn 0.0513 -0.9862 0.1575
vn 0.0496 -0.9865 0.1563
vn 0.0512 -0.9866 0.1548
vn 0.0485 -0.9851 0.1648
vn 0.0469 -0.9850 0.1663
vn 0.0466 -0.9854 0.1636
vn 0.0121 -0.0751 -0.9971
vn 0.2150 -0.9711 -0.1036
vn 0.0930 0.9893 0.1128
vn 0.9955 -0.0000 0.0951
vn 0.1842 -0.0000 -0.9829
vn 0.0513 0.9885 0.1420
vn 0.0513 -0.9885 0.1420
vn 0.0456 -0.0012 -0.9990
vn 0.0431 -0.0000 -0.9991
vn 0.0440 0.0023 -0.9990
vn 0.0729 0.9915 -0.1082
vn 0.0704 0.9918 -0.1068
vn 0.0718 0.9919 -0.1044
vn 0.1227 0.0013 0.9924
vn 0.1202 -0.0000 0.9927
vn 0.1212 -0.0027 0.9926
vn 0.0730 -0.9917 -0.1058
vn 0.0704 -0.9918 -0.1068
vn 0.0711 -0.9914 -0.1097
vn 0.0525 -0.0000 -0.9986
vn 0.0772 0.9926 -0.0935
vn 0.0770 0.9926 -0.0941
vn 0.0788 -0.0006 0.9969
vn 0.0785 -0.0000 0.9969
vn 0.0770 -0.9926 -0.0941
vn 0.0762 -0.9926 -0.0945
vn 0.1511 -0.0000 -0.9885
vn 0.0624 0.9946 0.0830
vn -0.0389 -0.0000 0.9992
vn 0.0624 -0.9946 0.0830
vn 0.0485 0.9851 0.1648
vn 0.0486 0.9855 0.1626
vn 0.0470 0.9852 0.1650
vn 0.0514 0.9864 0.1559
vn 0.0496 0.9865 0.1563
vn 0.0495 0.9861 0.1583
vn 0.1834 -0.0018 -0.9830
vn 0.1825 0.0006 -0.9832
vn 0.1858 -0.0008 -0.9826
vn 0.1848 0.0016 -0.9828
vn 0.0778 -0.9920 -0.0995
vn 0.0769 -0.9920 -0.0996
vn 0.0769 -0.9923 -0.0976
vn 0.0767 -0.9923 -0.0970
vn 0.0769 0.9920 -0.0996
vn 0.0772 0.9921 -0.0989
vn 0.0769 0.9923 -0.0976
vn 0.0777 0.9922 -0.0979
vn 0.0529 -0.0002 -0.9986
vn 0.0526 0.0008 -0.9986
vn 0.0696 -0.9897 -0.1252
vn 0.0694 -0.9899 -0.1235
vn 0.0677 -0.9898 -0.1257
vn 0.0694 -0.9896 -0.1263
vn 0.0708 -0.9905 -0.1182
vn 0.0692 -0.9909 -0.1158
vn 0.0674 -0.9906 -0.1192
vn 0.0700 -0.9904 -0.1190
vn 0.1211 0.0002 0.9926
vn 0.1195 0.0016 0.9928
vn 0.1186 -0.0005 0.9929
vn 0.1205 -0.0009 0.9927
vn 0.1212 0.0005 0.9926
vn 0.1190 0.0026 0.9929
vn 0.1176 -0.0008 0.9931
vn 0.1208 -0.0016 0.9927
vn 0.0704 0.9896 -0.1257
vn 0.0684 0.9896 -0.1269
vn 0.0681 0.9899 -0.1245
vn 0.0696 0.9897 -0.1252
vn 0.0711 0.9903 -0.1192
vn 0.0686 0.9903 -0.1207
vn 0.0675 0.9908 -0.1174
vn 0.0704 0.9905 -0.1177
vn 0.0424 -0.0015 -0.9991
vn 0.0415 0.0006 -0.9991
vn 0.0447 -0.0008 -0.9990
vn 0.0419 -0.0026 -0.9991
vn 0.0406 0.0009 -0.9992
vn 0.0437 0.0015 -0.9990
vn 0.0002 0.9512 0.3086
vn 0.1516 -0.7419 -0.6531
vn -0.1954 0.8145 0.5463
vn 0.5802 -0.1497 0.8006
vn 0.6942 -0.5721 0.4368
vn 0.7957 0.1256 -0.5925
vn 0.0672 -0.9802 -0.1863
vn -0.7409 -0.1783 0.6476
vn -0.7266 -0.2798 0.6275
vn 0.0323 -0.9023 -0.4298
vn 0.9056 0.1453 -0.3985
vn -0.1177 0.8860 0.4485
vn -0.0801 -0.9571 0.2784
vn 0.1206 -0.9897 0.0775
vn -0.2754 0.0416 0.9604
vn -0.0565 0.8495 0.5245
vn 0.1283 -0.9768 -0.1712
vn 0.0473 0.9058 -0.4210
vn -0.0288 0.7031 0.7105
vn -0.1672 0.1772 0.9699
vn -0.0177 -0.8901 0.4555
vn 0.0908 -0.9827 0.1613
vn 0.1453 -0.9776 -0.1524
vn 0.0668 -0.9327 -0.3545
vn 0.0463 -0.1968 -0.9794
vn 0.0815 0.7808 -0.6194
vn 0.1527 0.9773 -0.1472
vn 0.1122 0.9868 0.1166
vn 0.0440 0.9351 0.3518
vn 0.1051 0.2903 0.9512
vn -0.0934 0.2906 0.9523
vn 0.1051 0.2903 0.9511
vn -0.9489 -0.0012 -0.3156
vn -0.4009 0.2207 -0.8891
vn -0.4348 0.1662 -0.8851
vn 0.4066 0.3094 -0.8596
vn 0.4153 0.3027 -0.8579
vn -0.5307 -0.0843 -0.8433
vn -0.6351 -0.1337 -0.7608
vn -0.9613 -0.0932 0.2593
vn -0.2030 0.0394 0.9784
vn -0.0437 -0.4142 -0.9092
vn -0.9235 -0.3345 0.1879
vn -0.9279 -0.3262 0.1803
vn -0.9043 -0.3027 0.3009
vn -0.9024 -0.3028 0.3065
vn -0.2822 0.0472 0.9582
vn -0.0145 -0.1060 -0.9943
vn -0.2420 0.1889 0.9517
vn -0.1998 0.2554 -0.9460
vn -0.1995 0.4745 0.8574
vn -0.1108 0.2521 -0.9613
vn -0.3717 0.4390 0.8180
vn -0.5369 0.7729 -0.3382
vn -0.4705 0.7347 0.4888
vn -0.0513 -0.3479 0.9361
vn -0.0525 -0.2294 -0.9719
vn -0.3847 0.3088 -0.8699
vn -0.0659 -0.1350 0.9887
vn -0.0736 -0.9420 0.3273
vn 0.1956 -0.9632 -0.1841
vn -0.8597 0.2413 -0.4502
vn -0.8818 0.1519 0.4466
vn 0.3593 -0.2659 0.8945
vn -0.3504 -0.0084 0.9366
vn 0.9347 -0.2842 -0.2133
vn 0.8146 -0.4105 0.4098
vn -0.3525 -0.4833 -0.8014
vn -0.6583 0.2199 -0.7200
vn -0.5319 -0.0893 0.8421
vn -0.9622 -0.0685 -0.2636
vn -0.9477 0.2172 -0.2340
vn -0.9503 0.1506 -0.2724
vn -0.9704 0.0616 0.2335
vn -0.9321 -0.1493 0.3299
vn -0.9503 0.1506 -0.2725
vn 0.9344 -0.1846 0.3046
vn -0.4304 -0.1963 0.8810
vn -0.9444 -0.0549 0.3242
vn 0.9535 -0.1383 -0.2678
vn 0.4334 -0.2488 0.8662
vn -0.4424 -0.2344 0.8656
vn 0.5077 -0.0716 -0.8586
vn 0.9215 -0.2507 0.2966
vn 0.4268 -0.3196 0.8460
vn -0.4785 0.0236 -0.8778
vn 0.9442 -0.1497 -0.2933
vn 0.9228 -0.2651 0.2794
vn -0.4441 0.0284 -0.8955
vn 0.4329 -0.0179 -0.9012
vn 0.9376 -0.1138 -0.3285
vn 0.9377 -0.1137 -0.3284
vn 0.4708 -0.1949 0.8605
vn -0.4434 0.0098 -0.8963
vn 0.0085 -0.9999 -0.0057
vn 0.0137 -0.9999 -0.0080
vn 0.0139 -0.9999 -0.0046
vn 0.0148 -0.9999 -0.0028
vn -0.9504 0.0587 -0.3054
vn 0.9402 -0.1944 0.2796
vn 0.3956 -0.4360 0.8083
vn -0.4080 -0.3285 0.8518
vn -0.9365 0.0529 0.3466
vn -0.9416 -0.1238 -0.3131
vn -0.9447 -0.0376 0.3258
vn 0.9175 -0.2335 -0.3219
vn -0.4455 -0.1918 0.8745
vn 0.4387 -0.1064 -0.8923
vn 0.4090 -0.3137 0.8569
vn -0.9462 0.0455 -0.3204
vn 0.8990 -0.3070 0.3124
vn 0.3460 -0.0302 -0.9378
vn 0.9115 -0.2353 -0.3374
vn 0.3913 -0.2289 0.8913
vn -0.9268 -0.1677 0.3360
vn -0.4545 -0.0729 -0.8877
vn 0.3828 -0.0818 -0.9202
vn 0.9071 -0.2879 0.3070
vn -0.4274 -0.2057 0.8804
vn -0.9112 0.2295 -0.3422
vn 0.9107 -0.2476 0.3305
vn -0.3946 0.0115 0.9188
vn -0.9357 0.1317 -0.3274
vn 0.9004 -0.2007 -0.3859
vn 0.3868 -0.1538 0.9092
vn -0.9219 0.0889 0.3771
vn -0.4249 0.1295 -0.8959
vn -0.8652 0.2290 0.4461
vn -0.4331 0.0562 0.8996
vn 0.4425 -0.1504 0.8841
vn 0.9052 -0.2316 0.3564
vn 0.8824 -0.3262 -0.3390
vn 0.1320 -0.3389 -0.9315
vn -0.5668 0.0359 -0.8231
vn -0.0003 -1.0000 0.0026
vn -0.2383 0.8572 0.4566
vn -0.2894 0.3943 0.8722
vn -0.2612 0.8878 -0.3790
vn -0.1380 0.2836 -0.9490
vn -0.5086 0.1025 0.8549
vn -0.7943 -0.5305 -0.2960
vn -0.9257 -0.3671 -0.0913
vn -0.9234 -0.3708 -0.0991
vn -0.7934 -0.5320 -0.2958
vn -0.5032 -0.5241 -0.6871
vn -0.5017 -0.5191 -0.6920
vn -0.5052 -0.5230 -0.6865
vn -0.5964 -0.6419 -0.4820
vn -0.7151 -0.6885 -0.1210
vn -0.7945 -0.5679 0.2153
vn -0.7025 -0.4369 0.5618
vn -0.2421 -0.1266 -0.9619
vn -0.4111 -0.6337 -0.6553
vn -0.4191 0.8739 0.2463
vn -0.4201 0.8728 0.2484
vn -0.2620 -0.1111 -0.9587
vn -0.9362 0.1937 -0.2932
vn 0.9498 0.0904 0.2994
vn 0.9498 0.0909 0.2993
vn 0.9499 0.0906 0.2991
vn 0.4743 -0.1847 -0.8608
vn -0.9698 0.2425 0.0271
vn 0.9975 -0.0001 -0.0705
vn -0.4278 -0.3502 0.8333
vn -0.4308 -0.3500 0.8319
vn -0.1654 -0.2407 0.9564
vn -0.1650 -0.2376 0.9572
vn 0.9931 -0.1129 0.0315
vn 0.0360 0.9692 0.2435
vn 0.0337 0.9696 0.2423
vn 0.0326 0.9691 0.2445
vn 0.0033 -1.0000 0.0002
vn 0.0004 -1.0000 0.0055
vn -0.7556 0.6280 0.1862
vn -0.9256 0.3760 -0.0433
vn -0.0006 -1.0000 0.0002
vn 0.0016 -1.0000 -0.0019
vn 0.0004 -1.0000 0.0011
vn 0.2182 0.8197 0.5296
vn 0.9998 0.0205 0.0009
vn -0.4885 0.7465 0.4517
vn -0.0012 -1.0000 -0.0001
vn -0.0018 -1.0000 -0.0017
vn 0.0013 -1.0000 -0.0005
vn 0.0003 -1.0000 0.0006
vn 0.9831 0.1698 0.0676
vn -0.9833 0.1431 -0.1127
vn -0.9830 0.1438 -0.1138
vn -0.9868 -0.1086 0.1200
vn 0.8917 0.4444 0.0860
vn 0.8908 0.4464 0.0848
vn -0.1493 0.4182 0.8960
vn -0.4987 0.5665 0.6560
vn 0.9624 0.2353 -0.1357
vn 0.9626 0.2349 -0.1349
vn -0.9306 0.3639 0.0388
vn 0.4461 0.3384 -0.8286
vn 0.9424 0.1537 0.2972
vn 0.9423 0.1533 0.2976
vn -0.8801 0.3859 -0.2766
vn -0.2896 0.3994 -0.8698
vn 0.9549 0.2629 -0.1380
vn 0.9548 0.2622 -0.1404
vn -0.9800 0.0572 -0.1905
vn -0.9796 0.0568 -0.1928
vn -0.9800 0.0560 -0.1911
vn -0.9035 0.4125 -0.1160
vn 0.0055 -1.0000 0.0003
vn 0.0018 -1.0000 0.0017
vn 0.1726 0.9586 0.2265
vn 0.1729 0.9587 0.2256
vn 0.1715 0.9589 0.2259
vn 0.9823 -0.0222 -0.1860
vn -0.4570 0.8732 0.1690
vn -0.4582 0.8728 0.1681
vn 0.0033 -1.0000 -0.0010
vn 0.0045 -1.0000 -0.0084
vn 0.0069 -1.0000 -0.0032
vn 0.0053 -1.0000 -0.0016
vn 0.1961 -0.9638 -0.1809
vn 0.1154 -0.9157 0.3848
vn -0.1877 -0.1000 0.9771
vn -0.1111 0.2792 -0.9538
vn -0.0420 -0.1992 -0.9791
vn -0.1107 -0.4018 0.9090
vn -0.1620 0.1243 0.9789
vn -0.1829 0.2990 -0.9366
vn -0.1381 0.4924 0.8593
vn -0.2945 0.4274 -0.8547
vn -0.2387 0.2449 0.9397
vn -0.1450 -0.1021 -0.9842
vn -0.2822 0.0474 0.9582
vn -0.2403 -0.4907 -0.8376
vn -0.2889 0.0762 0.9543
vn -0.1199 -0.0400 -0.9920
vn -0.4431 0.3598 -0.8211
vn -0.3766 -0.4814 -0.7915
vn -0.9431 0.0401 0.3300
vn -0.2112 -0.1737 0.9619
vn -0.1459 0.3961 -0.9066
vn -0.3785 0.2266 0.8974
vn -0.3510 -0.6028 -0.7165
vn -0.1219 0.3397 0.9326
vn -0.9786 0.1555 -0.1345
vn -0.2644 -0.6849 -0.6790
vn -0.9905 -0.1289 0.0485
vn -0.2032 -0.7459 0.6343
vn -0.8063 -0.4639 -0.3670
vn -0.2303 0.8462 -0.4805
vn -0.9963 0.0625 0.0590
vn -0.9141 -0.2032 0.3509
vn -0.9901 -0.1344 0.0409
vn -0.4677 0.3969 -0.7898
vn -0.4475 -0.0360 -0.8936
vn -0.9131 -0.3954 0.0995
vn -0.3582 -0.7346 0.5762
vn -0.9241 -0.3324 0.1887
vn -0.6262 -0.6793 0.3827
vn -0.5834 0.8115 0.0330
vn -0.2330 -0.5048 -0.8312
vn -0.4941 0.8315 -0.2537
vn -0.9210 0.2151 0.3249
vn -0.5228 0.4033 0.7510
vn -0.5743 0.7531 0.3210
vn -0.9715 0.2347 0.0335
vn -0.2985 -0.1565 -0.9415
vn -0.1119 0.3508 -0.9298
vn -0.9397 0.0536 0.3377
vn -0.9258 -0.3599 0.1153
vn -0.5199 -0.1879 -0.8333
vn -0.9130 -0.3369 0.2299
vn -0.8857 -0.2794 -0.3707
vn -0.8635 -0.3307 -0.3807
vn -0.5608 -0.8217 -0.1012
vn -0.6228 -0.7331 -0.2733
vn -0.3426 -0.7221 -0.6010
vn -0.1182 -0.9680 -0.2212
vn -0.4431 -0.8710 -0.2121
vn -0.8116 -0.4270 -0.3987
vn -0.2526 -0.5659 -0.7848
vn -0.2414 -0.1961 0.9504
vn -0.2456 -0.1429 0.9588
vn -0.9044 -0.3523 0.2408
vn -0.9843 -0.1762 0.0106
vn -0.9538 -0.2288 -0.1945
vn -0.9942 -0.0898 0.0593
vn -0.9870 0.1303 -0.0939
vn -0.8861 -0.4070 -0.2218
vn -0.8973 -0.3429 -0.2780
vn -0.9886 0.1011 -0.1120
vn -0.9939 0.0666 -0.0879
vn -0.7257 -0.6108 0.3167
vn -0.6736 -0.1024 0.7319
vn -0.7826 0.1821 0.5954
vn -0.5733 -0.0205 0.8191
vn -0.4590 -0.1231 0.8799
vn -0.2774 0.0716 -0.9581
vn 0.1422 -0.9810 -0.1322
vn 0.8559 0.0812 -0.5107
vn 0.8279 0.0689 -0.5567
vn 0.8600 0.4022 -0.3141
vn 0.7925 -0.3860 -0.4721
vn -0.3022 -0.0305 0.9527
vn -0.2997 0.6950 0.6536
vn -0.8260 -0.1900 0.5307
vn -0.9590 -0.2080 0.1925
vn -0.8685 -0.0230 0.4951
vn -0.9772 -0.1232 0.1730
vn -0.9735 -0.0972 0.2071
vn -0.9703 -0.2049 0.1282
vn -0.9533 0.0927 0.2875
vn -0.7633 -0.2080 0.6116
vn -0.9582 0.0054 0.2860
vn -0.7867 -0.0876 0.6111
vn -0.8334 -0.1681 0.5265
vn -0.8695 0.0659 0.4895
vn -0.8446 0.4877 0.2209
vn -0.8562 0.1269 -0.5008
vn -0.7190 -0.6503 -0.2451
vn -0.4689 0.0247 0.8829
vn -0.8593 -0.1580 -0.4865
vn -0.7758 -0.1539 -0.6119
vn -0.9230 0.3107 -0.2270
vn -0.9510 -0.0096 0.3091
vn -0.7038 -0.5835 0.4052
vn -0.5081 0.3551 -0.7847
vn -0.2412 0.5569 0.7948
vn -0.1942 0.9305 0.3107
vn -0.3159 -0.1442 0.9378
vn -0.1366 0.0757 -0.9877
vn -0.2926 0.1497 0.9444
vn -0.1699 0.9318 -0.3207
vn -0.1834 0.9829 0.0136
vn -0.2527 -0.0731 -0.9648
vn -0.6958 0.3227 0.6417
vn -0.5182 -0.6073 0.6022
vn -0.3226 -0.7466 -0.5818
vn -0.2191 -0.9476 0.2326
vn -0.2806 0.1641 -0.9457
vn -0.1842 -0.9675 0.1730
vn -0.1051 -0.5698 -0.8151
vn -0.2313 0.9235 0.3061
vn -0.0573 0.1168 0.9915
vn -0.1242 -0.6539 0.7463
vn -0.1787 -0.9824 -0.0543
vn -0.0636 -0.2069 -0.9763
vn -0.2368 0.9331 -0.2705
vn -0.0907 0.2919 -0.9521
vn -0.0903 0.3245 0.9416
vn 0.0665 0.3144 0.9469
vn -0.0514 -0.5121 -0.8574
vn -0.0478 0.2829 -0.9580
vn -0.0117 0.9446 0.3279
vn -0.0438 -0.1995 -0.9789
vn -0.1168 -0.9785 0.1703
vn 0.0791 0.1140 0.9903
vn 0.0456 -0.6474 0.7607
vn -0.2383 0.2935 -0.9258
vn -0.1526 0.9513 -0.2679
vn -0.2368 -0.2077 -0.9491
vn -0.0345 -0.9951 -0.0921
vn -0.2243 0.3270 0.9180
vn -0.2094 -0.6595 0.7220
vn -0.0490 0.9564 -0.2879
vn -0.1492 0.9412 0.3033
vn -0.1165 -0.9894 -0.0863
vn -0.2088 -0.5278 -0.8233
vn -0.2458 0.1187 0.9620
vn -0.2959 0.4178 -0.8590
vn -0.0541 -0.7391 0.6714
vn -0.0065 0.4143 0.9101
vn -0.1429 -0.9726 0.1831
vn -0.2685 -0.2198 -0.9379
vn -0.1632 0.9551 0.2473
vn -0.2025 -0.9728 -0.1125
vn -0.2764 -0.6652 -0.6936
vn 0.0305 0.1687 0.9852
vn -0.2450 0.9477 -0.2045
vn -0.1130 0.2604 -0.9589
vn 0.1007 0.2607 -0.9601
vn -0.0323 -0.9795 0.1990
vn 0.0214 -0.9798 0.1991
vn -0.0301 -0.9944 -0.1013
vn 0.0190 -0.9947 -0.1013
vn -0.0452 0.9490 -0.3121
vn 0.0314 0.9495 -0.3123
vn -0.0440 0.9350 0.3518
vn 0.0306 0.9355 0.3520
vn -0.1215 0.1044 0.9871
vn 0.1098 0.1045 0.9884
vn -0.0951 -0.6135 0.7840
vn -0.0950 -0.6135 0.7840
vn 0.0826 -0.6141 0.7849
vn 0.0215 -0.9797 0.1991
vn 0.1048 -0.1832 -0.9775
vn -0.1162 -0.1830 -0.9762
vn 0.0816 -0.4796 -0.8737
vn -0.0937 -0.4792 -0.8727
vn -0.0161 -0.9827 0.1846
vn -0.8536 -0.2592 0.4519
vn -0.8213 -0.1411 0.5528
vn -0.8351 -0.0538 0.5475
vn -0.8730 -0.1733 -0.4558
vn -0.0726 0.2904 0.9542
vn -0.0731 0.2607 -0.9627
vn -0.1921 0.9325 -0.3059
vn -0.0505 -0.1823 -0.9819
vn -0.2920 -0.9535 -0.0747
vn -0.0986 -0.6076 0.7881
vn -0.0486 0.1040 0.9934
vn -0.1871 0.9197 0.3452
vn -0.0878 -0.5681 -0.8182
vn -0.2962 -0.9237 0.2430
vn -0.1088 0.9824 -0.1515
vn 0.0545 -0.0000 -0.9985
vn 0.0499 0.0010 0.9988
vn 0.0512 -0.0019 0.9987
vn 0.0519 -0.0000 0.9987
vn 0.5783 -0.1912 0.7931
vn 0.0093 -0.9889 0.1485
vn 0.1052 0.9653 0.2392
vn 0.0540 0.9796 -0.1936
vn 0.0274 0.9929 -0.1160
vn 0.0423 0.9962 0.0759
vn -0.0039 -0.9945 -0.1046
vn -0.0031 -0.9945 -0.1048
vn -0.0058 -0.9947 -0.1029
vn -0.0056 -0.9948 -0.1018
vn -0.0005 -0.9991 0.0414
vn 0.0539 -0.0007 0.9985
vn 0.0528 0.0019 0.9986
vn -0.0514 -0.9862 0.1576
vn -0.0513 -0.9866 0.1547
vn -0.0496 -0.9865 0.1563
vn -0.0485 -0.9851 0.1648
vn -0.0466 -0.9854 0.1636
vn -0.0469 -0.9850 0.1663
vn -0.0121 -0.0751 -0.9971
vn -0.2150 -0.9711 -0.1036
vn -0.0930 0.9893 0.1128
vn -0.9955 -0.0000 0.0951
vn -0.1842 -0.0000 -0.9829
vn -0.0513 0.9885 0.1420
vn -0.0513 -0.9885 0.1420
vn -0.0456 -0.0012 -0.9990
vn -0.0440 0.0023 -0.9990
vn -0.0431 -0.0000 -0.9991
vn -0.0728 0.9915 -0.1082
vn -0.0718 0.9919 -0.1044
vn -0.0704 0.9918 -0.1068
vn -0.1227 0.0013 0.9924
vn -0.1212 -0.0027 0.9926
vn -0.1202 -0.0000 0.9927
vn -0.0730 -0.9917 -0.1058
vn -0.0711 -0.9914 -0.1097
vn -0.0704 -0.9918 -0.1068
vn -0.0525 -0.0000 -0.9986
vn -0.0772 0.9926 -0.0935
vn -0.0770 0.9926 -0.0941
vn -0.0789 -0.0008 0.9969
vn -0.0785 -0.0000 0.9969
vn -0.0770 -0.9926 -0.0941
vn -0.0762 -0.9926 -0.0945
vn -0.1511 -0.0000 -0.9885
vn -0.0624 0.9946 0.0830
vn 0.0389 -0.0000 0.9992
vn -0.0624 -0.9946 0.0830
vn -0.0485 0.9851 0.1648
vn -0.0470 0.9852 0.1650
vn -0.0486 0.9855 0.1626
vn -0.0514 0.9864 0.1559
vn -0.0495 0.9861 0.1583
vn -0.0496 0.9865 0.1563
vn -0.1825 0.0005 -0.9832
vn -0.1834 -0.0017 -0.9830
vn -0.1857 -0.0008 -0.9826
vn -0.1848 0.0015 -0.9828
vn -0.0777 -0.9920 -0.0995
vn -0.0769 -0.9920 -0.0996
vn -0.0769 -0.9923 -0.0976
vn -0.0767 -0.9923 -0.0971
vn -0.0769 0.9920 -0.0996
vn -0.0772 0.9921 -0.0988
vn -0.0769 0.9923 -0.0976
vn -0.0777 0.9922 -0.0979
vn -0.0530 -0.0002 -0.9986
vn -0.0526 0.0008 -0.9986
vn -0.0696 -0.9897 -0.1252
vn -0.0694 -0.9896 -0.1263
vn -0.0677 -0.9898 -0.1257
vn -0.0694 -0.9899 -0.1235
vn -0.0709 -0.9905 -0.1181
vn -0.0700 -0.9904 -0.1191
vn -0.0674 -0.9906 -0.1192
vn -0.0692 -0.9909 -0.1158
vn -0.1211 0.0002 0.9926
vn -0.1205 -0.0009 0.9927
vn -0.1186 -0.0005 0.9929
vn -0.1195 0.0016 0.9928
vn -0.1212 0.0005 0.9926
vn -0.1208 -0.0016 0.9927
vn -0.1176 -0.0008 0.9931
vn -0.1190 0.0026 0.9929
vn -0.0704 0.9896 -0.1257
vn -0.0696 0.9897 -0.1252
vn -0.0681 0.9899 -0.1245
vn -0.0683 0.9896 -0.1269
vn -0.0711 0.9903 -0.1192
vn -0.0704 0.9905 -0.1177
vn -0.0675 0.9908 -0.1174
vn -0.0686 0.9903 -0.1207
vn -0.0415 0.0005 -0.9991
vn -0.0424 -0.0015 -0.9991
vn -0.0447 -0.0008 -0.9990
vn -0.0437 0.0015 -0.9990
vn -0.0406 0.0009 -0.9992
vn -0.0419 -0.0026 -0.9991
vn -0.0002 0.9512 0.3086
vn -0.1516 -0.7419 -0.6531
vn 0.1954 0.8145 0.5463
vn -0.5802 -0.1497 0.8006
vn -0.6942 -0.5721 0.4368
vn -0.7957 0.1256 -0.5925
vn -0.0672 -0.9802 -0.1863
vn 0.7409 -0.1783 0.6476
vn 0.7266 -0.2798 0.6275
vn -0.0323 -0.9023 -0.4298
vn -0.9056 0.1453 -0.3985
vn 0.1177 0.8860 0.4485
vn 0.0801 -0.9571 0.2784
vn -0.1206 -0.9897 0.0775
vn 0.2754 0.0416 0.9604
vn 0.0565 0.8495 0.5245
vn -0.1283 -0.9768 -0.1712
vn -0.0473 0.9058 -0.4210
vn 0.0288 0.7031 0.7105
vn 0.1672 0.1772 0.9699
vn 0.0177 -0.8901 0.4555
vn -0.0908 -0.9827 0.1613
vn -0.1453 -0.9776 -0.1524
vn -0.0668 -0.9327 -0.3545
vn -0.0463 -0.1968 -0.9794
vn -0.0815 0.7809 -0.6194
vn -0.1527 0.9773 -0.1472
vn -0.1122 0.9868 0.1166
vn -0.0440 0.9351 0.3518
vn -0.1051 0.2903 0.9512
vn -0.1050 0.2903 0.9511
vn 0.0934 0.2906 0.9523
vn 0.9489 -0.0012 -0.3156
vn 0.4009 0.2207 -0.8891
vn 0.4348 0.1662 -0.8851
vn -0.4066 0.3094 -0.8596
vn -0.4153 0.3027 -0.8579
vt 0.954184 0.044849
vt 0.957791 0.069735
vt 0.946803 0.070451
vt 0.944674 0.045481
vt 0.937205 0.070401
vt 0.938802 0.045443
vt 0.929214 0.045027
vt 0.927865 0.069355
vt 0.915318 0.065932
vt 0.916766 0.042099
vt 0.900775 0.035892
vt 0.892265 0.058472
vt 0.879467 0.053667
vt 0.890688 0.030383
vt 0.970815 0.068044
vt 0.974461 0.097455
vt 0.959091 0.097668
vt 0.917775 0.089405
vt 0.926799 0.090180
vt 0.904533 0.062689
vt 0.903357 0.088010
vt 0.888330 0.084634
vt 0.971734 0.122473
vt 0.958047 0.117881
vt 0.903375 0.105878
vt 0.887929 0.105691
vt 0.951676 0.139417
vt 0.965094 0.143436
vt 0.962480 0.155136
vt 0.950940 0.152960
vt 0.905496 0.121684
vt 0.886336 0.125258
vt 0.897330 0.146061
vt 0.881056 0.142502
vt 0.921270 0.129071
vt 0.938673 0.128662
vt 0.936826 0.149464
vt 0.915506 0.149481
vt 0.910397 0.014279
vt 0.906508 0.010137
vt 0.919792 0.001450
vt 0.920764 0.004236
vt 0.954442 0.020884
vt 0.949543 0.022509
vt 0.947336 0.011333
vt 0.949474 0.009834
vt 0.931138 0.001589
vt 0.931210 0.000273
vt 0.951780 0.008152
vt 0.929992 0.030629
vt 0.938793 0.027650
vt 0.907500 0.038767
vt 0.922995 0.023659
vt 0.914138 0.017854
vt 0.922667 0.006489
vt 0.925767 0.007776
vt 0.921932 0.016166
vt 0.931112 0.002914
vt 0.943426 0.010982
vt 0.933032 0.005614
vt 0.943809 0.020247
vt 0.933707 0.007288
vt 0.933555 0.008429
vt 0.933573 0.008544
vt 0.933705 0.007288
vt 0.933663 0.008437
vt 0.933501 0.010207
vt 0.933399 0.010327
vt 0.933637 0.008419
vt 0.933478 0.011368
vt 0.933380 0.010934
vt 0.933700 0.007364
vt 0.933324 0.010492
vt 0.933276 0.011481
vt 0.933812 0.007366
vt 0.933638 0.008622
vt 0.933603 0.008624
vt 0.933752 0.007474
vt 0.933271 0.010545
vt 0.933038 0.011493
vt 0.933212 0.010979
vt 0.933556 0.008555
vt 0.933705 0.007447
vt 0.933342 0.010505
vt 0.932946 0.011389
vt 0.933146 0.010987
vt 0.933596 0.008457
vt 0.933714 0.007399
vt 0.933403 0.010361
vt 0.933065 0.011224
vt 0.933242 0.010915
vt 0.933745 0.007381
vt 0.933398 0.010238
vt 0.933260 0.011090
vt 0.933301 0.010814
vt 0.933460 0.011237
vt 0.933789 0.011900
vt 0.933596 0.012256
vt 0.933426 0.010187
vt 0.933400 0.011151
vt 0.934093 0.004730
vt 0.933705 0.004689
vt 0.934212 0.003193
vt 0.934444 0.004497
vt 0.933132 0.012387
vt 0.934002 0.013728
vt 0.932880 0.013958
vt 0.932654 0.012227
vt 0.933221 0.011248
vt 0.933683 0.011512
vt 0.932472 0.011875
vt 0.932690 0.011472
vt 0.934694 0.013001
vt 0.934787 0.011555
vt 0.936780 0.010929
vt 0.936643 0.014107
vt 0.933249 0.010495
vt 0.931240 0.012679
vt 0.931482 0.011140
vt 0.931787 0.013563
vt 0.932493 0.016116
vt 0.934827 0.015847
vt 0.929549 0.010099
vt 0.933235 0.008373
vt 0.930340 0.015244
vt 0.929266 0.013207
vt 0.933780 0.006848
vt 0.933806 0.006794
vt 0.933786 0.006587
vt 0.933837 0.006285
vt 0.933886 0.006063
vt 0.933815 0.006296
vt 0.933816 0.006628
vt 0.933757 0.006827
vt 0.914865 0.115678
vt 0.922699 0.121102
vt 0.912369 0.107219
vt 0.931413 0.118088
vt 0.946430 0.113680
vt 0.936121 0.111001
vt 0.913997 0.099435
vt 0.934646 0.094006
vt 0.945882 0.098217
vt 0.934382 0.097679
vt 0.926697 0.093106
vt 0.918999 0.094384
vt 0.936442 0.103335
vt 0.934095 0.005187
vt 0.934040 0.005262
vt 0.934135 0.004792
vt 0.934185 0.004502
vt 0.933757 0.006995
vt 0.933784 0.006927
vt 0.933742 0.006840
vt 0.933829 0.006639
vt 0.933819 0.006913
vt 0.933742 0.006983
vt 0.933775 0.006573
vt 0.934225 0.003820
vt 0.934277 0.004656
vt 0.934226 0.004899
vt 0.934322 0.004883
vt 0.934091 0.005195
vt 0.934207 0.005098
vt 0.934000 0.005285
vt 0.934129 0.004923
vt 0.933936 0.004909
vt 0.933887 0.006120
vt 0.933831 0.006008
vt 0.933881 0.005618
vt 0.934021 0.005654
vt 0.933947 0.005982
vt 0.933848 0.006155
vt 0.933960 0.005860
vt 0.933745 0.005834
vt 0.966247 0.042848
vt 0.960486 0.018719
vt 0.872135 0.124644
vt 0.872200 0.138352
vt 0.869928 0.104366
vt 0.871596 0.080933
vt 0.947404 0.250290
vt 0.938640 0.266318
vt 0.922903 0.254210
vt 0.930299 0.242141
vt 0.953089 0.191573
vt 0.952177 0.204170
vt 0.936343 0.207969
vt 0.936610 0.192817
vt 0.875974 0.213689
vt 0.875223 0.222193
vt 0.850652 0.220701
vt 0.849457 0.208453
vt 0.828059 0.200240
vt 0.838757 0.175887
vt 0.849324 0.184897
vt 0.955367 0.280901
vt 0.938372 0.297275
vt 0.927476 0.278698
vt 0.844105 0.231507
vt 0.852744 0.248383
vt 0.833043 0.257076
vt 0.821554 0.230998
vt 0.953139 0.213996
vt 0.952877 0.235045
vt 0.935097 0.229801
vt 0.933509 0.217267
vt 0.827436 0.216206
vt 0.917172 0.263772
vt 0.900152 0.263363
vt 0.894089 0.246589
vt 0.909077 0.220377
vt 0.910649 0.223937
vt 0.909236 0.224280
vt 0.907827 0.220280
vt 0.892886 0.223899
vt 0.892244 0.233254
vt 0.874702 0.229640
vt 0.906885 0.203086
vt 0.910145 0.191310
vt 0.907717 0.234622
vt 0.905238 0.237530
vt 0.905096 0.235898
vt 0.906629 0.233786
vt 0.873746 0.248785
vt 0.899261 0.205718
vt 0.899308 0.191914
vt 0.874953 0.189660
vt 0.872966 0.162621
vt 0.899776 0.169364
vt 0.845339 0.146203
vt 0.856922 0.159485
vt 0.850629 0.162090
vt 0.838232 0.151312
vt 0.821246 0.187455
vt 0.815529 0.197918
vt 0.898921 0.284909
vt 0.867374 0.279961
vt 0.872331 0.260356
vt 0.974003 0.210834
vt 0.974461 0.237974
vt 0.856279 0.255934
vt 0.845998 0.269823
vt 0.909998 0.231254
vt 0.908116 0.230884
vt 0.968902 0.258183
vt 0.935610 0.163339
vt 0.951314 0.164033
vt 0.913939 0.162738
vt 0.888846 0.154622
vt 0.864203 0.141187
vt 0.873895 0.149122
vt 0.968054 0.189414
vt 0.971287 0.200375
vt 0.828060 0.169854
vt 0.899623 0.223503
vt 0.898585 0.230104
vt 0.912617 0.232210
vt 0.913616 0.221917
vt 0.902811 0.213903
vt 0.908808 0.238199
vt 0.908004 0.214984
vt 0.898636 0.235217
vt 0.903469 0.239313
vt 0.905890 0.233073
vt 0.904589 0.233433
vt 0.904390 0.231462
vt 0.905166 0.231523
vt 0.907322 0.224433
vt 0.906565 0.230337
vt 0.905808 0.229560
vt 0.906124 0.225376
vt 0.906197 0.221197
vt 0.905302 0.223422
vt 0.903739 0.215564
vt 0.900175 0.223413
vt 0.899335 0.229827
vt 0.900274 0.234344
vt 0.901909 0.223989
vt 0.901103 0.229907
vt 0.904530 0.220015
vt 0.901540 0.232158
vt 0.903908 0.224969
vt 0.904971 0.223242
vt 0.903240 0.229012
vt 0.903207 0.229986
vt 0.832457 0.282796
vt 0.820269 0.264289
vt 0.860069 0.300547
vt 0.816176 0.231064
vt 0.899048 0.309503
vt 0.963068 0.163399
vt 0.816249 0.216426
vt 0.920271 0.097210
vt 0.926296 0.096370
vt 0.925572 0.104419
vt 0.923378 0.104665
vt 0.932280 0.099535
vt 0.933788 0.104113
vt 0.927377 0.106344
vt 0.927047 0.105402
vt 0.923479 0.115426
vt 0.918402 0.112382
vt 0.922514 0.108814
vt 0.924327 0.110136
vt 0.916176 0.106900
vt 0.916777 0.101289
vt 0.922577 0.105614
vt 0.922143 0.106998
vt 0.932885 0.109718
vt 0.927433 0.107960
vt 0.929158 0.114145
vt 0.926486 0.109558
vt 0.924732 0.107249
vt 0.924703 0.107146
vt 0.924821 0.107153
vt 0.924824 0.107170
vt 0.924960 0.107052
vt 0.924990 0.107104
vt 0.924870 0.107146
vt 0.924867 0.107139
vt 0.924989 0.107199
vt 0.924926 0.107291
vt 0.924860 0.107177
vt 0.924870 0.107161
vt 0.924817 0.107319
vt 0.924840 0.107182
vt 0.924984 0.106701
vt 0.924618 0.106783
vt 0.924732 0.107071
vt 0.924825 0.107141
vt 0.924786 0.107033
vt 0.924833 0.107134
vt 0.925117 0.107574
vt 0.925296 0.107270
vt 0.924748 0.107677
vt 0.925289 0.106966
vt 0.924888 0.107011
vt 0.924853 0.107132
vt 0.924407 0.107105
vt 0.924467 0.107422
vt 0.924489 0.106881
vt 0.925211 0.106846
vt 0.924845 0.107153
vt 0.924845 0.107153
vt 0.924844 0.107153
vt 0.924845 0.107153
vt 0.924844 0.107153
vt 0.924844 0.107153
vt 0.924845 0.107153
vt 0.924845 0.107153
vt 0.924845 0.107153
vt 0.924845 0.107153
vt 0.924988 0.107399
vt 0.925103 0.107226
vt 0.924915 0.106888
vt 0.925046 0.106967
vt 0.924783 0.107456
vt 0.925100 0.107051
vt 0.924845 0.107153
vt 0.924845 0.107153
vt 0.924845 0.107153
vt 0.924845 0.107153
vt 0.924845 0.107153
vt 0.924845 0.107153
vt 0.924845 0.107153
vt 0.924845 0.107153
vt 0.924845 0.107153
vt 0.924845 0.107153
vt 0.924845 0.107153
vt 0.924845 0.107153
vt 0.924845 0.107153
vt 0.924845 0.107153
vt 0.924845 0.107153
vt 0.924845 0.107153
vt 0.924845 0.107153
vt 0.924845 0.107153
vt 0.924845 0.107153
vt 0.924845 0.107153
vt 0.924845 0.107153
vt 0.924845 0.107153
vt 0.924845 0.107153
vt 0.924845 0.107153
vt 0.924845 0.107153
vt 0.924844 0.107153
vt 0.924844 0.107153
s 0
usemtl Palette
f 163/1/1 162/2/1 2/3/1 1/4/1
f 1/4/2 2/3/2 101/5/2 349/6/2
f 3/7/3 4/8/3 347/9/3 348/10/3
f 165/11/4 164/12/4 148/13/4 147/14/4
f 162/2/5 146/15/5 149/16/5 166/17/5
f 100/18/6 347/9/7 4/8/8 8/19/9
f 164/12/10 6/20/10 9/21/10 167/22/10
f 166/17/11 149/16/11 151/23/11 168/24/11
f 167/22/12 9/21/12 11/25/12 169/26/12
f 170/27/13 153/28/13 155/29/13 171/30/13
f 169/26/14 11/25/14 14/31/14 172/32/14
f 168/24/15 151/23/15 153/28/15 170/27/15
f 172/32/16 14/31/16 17/33/16 173/34/16
f 13/35/17 12/36/17 15/37/17 16/38/17
f 14/31/18 13/35/18 16/38/18 17/33/18
f 174/39/19 160/40/19 158/41/19 175/42/19
f 176/43/20 20/44/20 18/45/20 177/46/20
f 163/1/21 1/4/21 20/44/21 176/43/21
f 165/11/22 147/14/22 160/40/22 174/39/22
f 178/47/23 175/42/23 158/41/23 161/48/23
f 177/46/24 178/47/24 161/48/24 157/49/24
f 1/4/25 349/6/25 3/7/25 24/50/25 25/51/25
f 3/7/26 348/10/26 5/52/26 23/53/26 24/50/26
f 21/54/27 19/55/27 26/56/27 27/57/27
f 21/54/28 27/57/28 23/53/28 5/52/28
f 22/58/29 18/45/29 28/59/29 29/60/29
f 22/58/30 29/60/30 26/56/30 19/55/30
f 30/61/31 28/59/31 18/45/31 20/44/31
f 20/44/32 1/4/32 25/51/32 30/61/32
f 39/62/33 57/63/33 58/64/33 41/65/33
f 55/66/34 31/67/34 49/68/34 56/69/34
f 31/67/35 36/70/36 67/71/35
f 37/72/37 56/69/37 57/63/37 39/62/37
f 56/69/38 49/68/38 50/73/38 57/63/38
f 36/70/39 38/74/39 67/71/39
f 43/75/40 59/76/40 60/77/40 45/78/40
f 57/63/41 50/73/41 51/79/41 58/64/41
f 67/71/42 38/74/42 40/80/42 66/81/42
f 45/78/43 60/77/43 62/82/43 47/83/43
f 58/64/44 51/79/44 52/84/44 59/76/44
f 66/81/45 40/80/45 42/85/45 65/86/45
f 47/83/46 62/82/46 61/87/46 33/88/46
f 59/76/47 52/84/47 53/89/47 60/77/47
f 65/86/48 42/85/48 44/90/48 64/91/48
f 33/88/49 61/87/49 55/66/49 35/92/49
f 60/77/50 53/89/50 54/93/50 62/82/50
f 64/91/51 44/90/51 46/94/51 63/95/51
f 36/70/52 34/96/52 68/97/52 69/98/52
f 62/82/53 54/93/53 32/99/53 61/87/53
f 63/95/54 46/94/54 48/100/54
f 41/65/55 58/64/55 59/76/55 43/75/55
f 61/87/56 32/99/56 31/67/56 55/66/56
f 141/101/57 138/102/58 116/103/59 117/104/60
f 35/92/61 55/66/61 56/69/61 37/72/61
f 52/84/62 64/91/62 63/95/62 53/89/62
f 51/79/63 65/86/63 64/91/63 52/84/63
f 50/73/64 66/81/64 65/86/64 51/79/64
f 49/68/65 67/71/65 66/81/65 50/73/65
f 70/105/66 69/98/66 77/106/66 78/107/66
f 40/80/67 38/74/67 70/105/67 71/108/67
f 48/100/68 46/94/68 74/109/68 75/110/68
f 42/85/69 40/80/69 71/108/69 72/111/69
f 34/96/70 48/100/70 75/110/70 68/97/70
f 44/90/71 42/85/71 72/111/71 73/112/71
f 38/74/72 36/70/72 69/98/72 70/105/72
f 46/94/73 44/90/73 73/112/73 74/109/73
f 76/113/74 83/114/74 91/115/74 84/116/74
f 75/110/75 74/109/75 82/117/75 83/114/75
f 73/112/76 72/111/76 80/118/76 81/119/76
f 71/108/77 70/105/77 78/107/77 79/120/77
f 69/98/78 68/97/78 76/113/78 77/106/78
f 68/97/79 75/110/79 83/114/79 76/113/79
f 74/109/80 73/112/80 81/119/80 82/117/80
f 72/111/81 71/108/81 79/120/81 80/118/81
f 25/51/82 24/50/82 86/121/82 85/122/82
f 82/117/83 81/119/83 89/123/83 90/124/83
f 80/118/84 79/120/84 87/125/84 88/126/84
f 78/107/85 77/106/85 85/122/85 86/121/85
f 83/114/86 82/117/86 90/124/86 91/115/86
f 81/119/87 80/118/87 88/126/87 89/123/87
f 79/120/88 78/107/88 86/121/88 87/125/88
f 77/106/89 76/113/89 84/116/89 85/122/89
f 24/50/90 23/53/90 87/125/90 86/121/90
f 23/53/91 27/57/91 88/126/91 87/125/91
f 27/57/92 26/56/92 89/123/92 88/126/92
f 26/56/93 29/60/93 90/124/93 89/123/93
f 29/60/94 28/59/94 91/115/94 90/124/94
f 28/59/95 30/61/95 84/116/95 91/115/95
f 30/61/96 25/51/96 85/122/96 84/116/96
f 105/127/97 106/128/97 107/129/97 108/130/97 109/131/97 110/132/97 111/133/97 112/134/97
f 13/35/98 14/31/98 99/135/98 97/136/98
f 14/31/99 11/25/99 98/137/99 99/135/99
f 12/36/100 13/35/100 97/136/100 96/138/100
f 10/139/101 12/36/101 96/138/101 95/140/101
f 9/21/102 103/141/102 98/137/102 11/25/102
f 4/8/103 101/5/104 102/142/105 8/19/106
f 102/142/107 101/5/108 2/3/109 7/143/110
f 94/144/111 93/145/111 8/19/111 102/142/111
f 100/18/112 8/19/112 93/145/112 92/146/112
f 9/21/113 100/18/113 92/146/113 103/141/113
f 7/143/114 10/139/114 95/140/114 104/147/114
f 7/143/115 104/147/115 94/144/115 102/142/115
f 140/148/116 137/149/117 114/150/116 113/151/116
f 128/152/118 127/153/118 106/128/118 105/127/118
f 127/153/119 129/154/119 107/129/119 106/128/119
f 126/155/120 130/156/121 111/133/120 110/132/122
f 131/157/123 128/152/123 105/127/123 112/134/123
f 129/154/124 125/158/124 108/130/124 107/129/124
f 130/156/125 131/157/125 112/134/125 111/133/125
f 133/159/126 132/160/126 117/104/127 116/103/126
f 132/160/128 134/161/128 118/162/128 117/104/129
f 144/163/130 139/164/130 118/162/130 134/161/130
f 137/149/131 142/165/132 115/166/133 114/150/133
f 139/164/134 141/101/135 117/104/136 118/162/134
f 143/167/137 140/148/137 113/151/137 133/159/137
f 125/158/138 39/62/138 120/168/138 135/169/138
f 110/132/139 109/131/140 122/170/141 123/171/134
f 41/65/142 43/75/142 124/172/142 119/173/142
f 126/155/143 110/132/143 123/171/143 136/174/143
f 39/62/144 41/65/144 119/173/144 120/168/144
f 109/131/145 108/130/146 121/175/147 122/170/148
f 43/75/149 126/155/149 136/174/149 124/172/149
f 108/130/150 125/158/150 135/169/150 121/175/151
f 138/102/152 143/167/152 133/159/152 116/103/152
f 142/165/153 144/163/154 134/161/154 115/166/154
f 114/150/155 115/166/155 134/161/155 132/160/155
f 113/151/156 114/150/156 132/160/156 133/159/156
f 45/78/157 47/83/157 131/157/157 130/156/158
f 37/72/159 39/62/159 125/158/159 129/154/159
f 47/83/160 33/88/160 128/152/160 131/157/160
f 43/75/161 45/78/161 130/156/161 126/155/162
f 35/92/163 37/72/163 129/154/163 127/153/163
f 33/88/164 35/92/164 127/153/164 128/152/164
f 124/172/165 136/174/165 144/163/165 142/165/166
f 121/175/167 135/169/168 143/167/168 138/102/169
f 135/169/170 120/168/170 140/148/170 143/167/170
f 123/171/134 122/170/171 141/101/172 139/164/134
f 119/173/173 124/172/173 142/165/174 137/149/175
f 136/174/176 123/171/176 139/164/176 144/163/176
f 120/168/177 119/173/177 137/149/178 140/148/177
f 122/170/179 121/175/180 138/102/181 141/101/182
f 18/45/183 22/58/183 178/47/183 177/46/183
f 22/58/184 19/55/184 175/42/184 178/47/184
f 5/52/185 165/11/185 174/39/185 21/54/185
f 145/176/186 163/1/186 176/43/186 159/177/186
f 159/177/187 176/43/187 177/46/187 157/49/187
f 21/54/188 174/39/188 175/42/188 19/55/188
f 154/178/189 172/32/189 173/34/189 156/179/189
f 10/139/190 168/24/190 170/27/190 12/36/190
f 152/180/191 169/26/191 172/32/191 154/178/191
f 12/36/192 170/27/192 171/30/192 15/37/192
f 150/181/193 167/22/193 169/26/193 152/180/193
f 7/143/194 166/17/194 168/24/194 10/139/194
f 148/13/195 164/12/195 167/22/195 150/181/195
f 2/3/196 162/2/196 166/17/196 7/143/196
f 5/52/197 6/20/197 164/12/197 165/11/197
f 145/176/198 146/15/198 162/2/198 163/1/198
f 211/182/199 217/183/199 235/184/199 233/185/199
f 183/186/200 205/187/200 180/188/200 219/189/200
f 195/190/201 200/191/201 190/192/201 181/193/201
f 181/193/202 204/194/202 229/195/202 228/196/202
f 287/197/203 282/198/203 207/199/203 217/183/203
f 191/200/204 213/201/204 214/202/204 203/203/204
f 221/204/205 210/205/205 232/206/205 236/207/205
f 181/193/206 190/192/206 187/208/206 204/194/206
f 235/184/207 179/209/207 193/210/207 237/211/207
f 251/212/208 248/213/208 241/214/208 259/215/208
f 230/216/209 231/217/209 199/218/209 200/191/209
f 191/200/210 203/203/210 187/208/210 190/192/210
f 219/189/211 180/188/211 194/219/211 220/220/211
f 250/221/212 252/222/212 260/223/212 258/224/212
f 206/225/213 199/218/213 231/217/213 237/211/213
f 190/192/214 200/191/214 199/218/214 191/200/214
f 234/226/215 230/216/215 200/191/215 195/190/215
f 217/183/216 207/199/216 179/209/216 235/184/216
f 232/206/217 210/205/217 211/182/217 233/185/217
f 222/227/218 218/228/218 185/229/218 186/230/218
f 280/231/219 227/232/219 201/233/219 281/234/219
f 218/228/220 201/233/220 227/232/220 185/229/220
f 273/235/221 204/194/221 276/236/221
f 193/210/222 208/237/222 209/238/222 192/239/222
f 271/240/223 279/241/223 210/205/223 221/204/223
f 179/209/224 207/199/224 208/237/224 193/210/224
f 206/225/225 192/239/225 212/242/225 213/201/225
f 212/242/226 215/243/226 214/202/226 213/201/226
f 192/239/227 209/238/227 215/243/227 212/242/227
f 192/239/228 206/225/228 237/211/228 193/210/228
f 248/213/229 249/244/229 256/245/229 241/214/229
f 284/246/230 287/197/230 217/183/230 211/182/230
f 199/218/231 206/225/231 213/201/231 191/200/231
f 234/226/232 195/190/232 218/228/232 222/227/232
f 219/189/233 196/247/233 184/248/233 183/186/233
f 195/190/234 181/193/234 228/196/234 218/228/234
f 220/220/235 223/249/235 196/247/235 219/189/235
f 223/249/236 220/220/236 222/227/236 186/230/236
f 224/250/237 223/249/237 186/230/237 185/229/237
f 194/219/238 180/188/238 236/207/238 234/226/238
f 180/188/239 205/187/239 221/204/239 236/207/239
f 289/251/240 202/252/240 227/232/240 280/231/240
f 202/252/241 224/250/241 185/229/241 227/232/241
f 220/220/242 194/219/242 234/226/242 222/227/242
f 275/253/243 288/254/243 205/187/243 183/186/243
f 228/196/244 229/195/244 201/233/244
f 290/255/245 229/195/245 204/194/245 273/235/245
f 218/228/246 228/196/246 201/233/246
f 197/256/247 198/257/247 231/217/247 230/216/247
f 189/258/248 188/259/248 232/206/248 233/185/248
f 225/260/249 197/256/249 230/216/249 234/226/249
f 216/261/250 189/258/250 233/185/250 235/184/250
f 188/259/251 226/262/251 236/207/251 232/206/251
f 226/262/252 225/260/252 234/226/252 236/207/252
f 182/263/253 247/264/253 216/261/253 235/184/253 237/211/253
f 198/257/254 182/263/254 237/211/254 231/217/254
f 243/265/255 246/266/255 269/267/255 267/268/255
f 255/269/256 238/270/256 262/271/256 265/272/256
f 244/273/257 255/269/257 265/272/257 268/274/257
f 197/256/258 225/260/258 257/275/258 240/276/258
f 198/257/259 197/256/259 240/276/259 239/277/259
f 249/244/260 250/221/260 258/224/260 256/245/260
f 225/260/261 226/262/261 251/212/261 259/215/261 257/275/261
f 189/258/262 216/261/262 250/221/262 249/244/262
f 188/259/263 189/258/263 249/244/263 248/213/263
f 216/261/264 247/264/264 252/222/264 250/221/264
f 226/262/265 188/259/265 248/213/265 251/212/265
f 182/263/266 198/257/266 239/277/266 261/278/266
f 260/223/267 252/222/267 247/264/267 182/263/267 261/278/267
f 253/279/268 254/280/268 239/277/268 240/276/268
f 238/270/269 255/269/269 241/214/269 256/245/269
f 242/281/270 253/279/270 240/276/270 257/275/270
f 243/265/271 238/270/271 256/245/271 258/224/271
f 255/269/272 244/273/272 259/215/272 241/214/272
f 244/273/273 242/281/273 257/275/273 259/215/273
f 245/282/274 246/266/274 260/223/274 261/278/274
f 254/280/275 245/282/275 261/278/275 239/277/275
f 246/266/276 243/265/276 258/224/276 260/223/276
f 268/274/277 265/272/277 264/283/277 266/284/277
f 262/271/278 263/285/278 264/283/278 265/272/278
f 262/271/279 267/268/279 269/267/279 270/286/279 263/285/279
f 242/281/280 244/273/280 268/274/280 266/284/280
f 253/279/281 242/281/281 266/284/281 264/283/281
f 246/266/282 245/282/282 270/286/282 269/267/282
f 238/270/283 243/265/283 267/268/283 262/271/283
f 254/280/284 253/279/284 264/283/284 263/285/284
f 245/282/285 254/280/285 263/285/285 270/286/285
f 15/37/286 196/247/286 223/249/286 16/38/286
f 16/38/287 223/249/287 224/250/287 17/33/287
f 17/33/288 224/250/288 202/252/288 173/34/288
f 171/30/289 184/248/289 196/247/289 15/37/289
f 215/243/290 285/287/290 286/288/290 214/202/290
f 209/238/291 283/289/291 285/287/291 215/243/291
f 201/233/292 229/195/292 290/255/292 281/234/292
f 210/205/293 279/241/293 284/246/293 211/182/293
f 203/203/294 214/202/294 286/288/294 278/290/294
f 207/199/295 282/198/295 277/291/295 208/237/295
f 208/237/296 277/291/296 283/289/296 209/238/296
f 183/186/297 184/248/297 274/292/297 275/253/297
f 204/194/298 187/208/298 272/293/298 276/236/298
f 187/208/299 203/203/299 278/290/299 272/293/299
f 205/187/300 288/254/300 271/240/300 221/204/300
f 173/34/301 202/252/301 289/251/301 156/179/301
f 171/30/302 155/29/302 274/292/302 184/248/302
f 350/294/303 351/295/303 292/296/303 291/297/303
f 352/298/304 353/299/304 300/300/304 293/301/304
f 354/302/305 355/303/305 298/304/305 296/305/305
f 356/306/306 357/307/306 299/308/306 297/309/306
f 357/307/307 350/294/307 291/297/307 299/308/307
f 351/295/308 352/298/308 293/301/308 292/296/308
f 353/299/309 358/310/309 294/311/309 300/300/309
f 359/312/310 354/302/310 296/305/310 295/313/310
f 358/310/311 359/312/311 295/313/311 294/311/311
f 355/303/312 356/306/312 297/309/312 298/304/312
f 340/314/313 339/315/313 307/316/313 308/317/313
f 327/318/314 344/319/314 310/320/314 303/321/314
f 329/322/315 333/323/315 305/324/315 304/325/315
f 336/326/316 340/314/316 308/317/316 306/327/316
f 344/319/317 329/322/317 304/325/317 310/320/317
f 291/297/318 292/296/318 323/328/318 322/329/318
f 339/315/319 343/330/319 309/331/319 307/316/319
f 343/330/320 321/332/320 301/333/320 309/331/320
f 294/311/321 295/313/321 332/334/321 330/335/321
f 295/313/322 296/305/322 335/336/322 332/334/322
f 300/300/323 294/311/323 330/335/323 345/337/323
f 324/338/324 327/318/324 303/321/324 302/339/324
f 298/304/325 297/309/325 338/340/325 341/341/325
f 299/308/326 291/297/326 322/329/326 342/342/326
f 333/323/327 336/326/327 306/327/327 305/324/327
f 296/305/328 298/304/328 341/341/328 335/336/328
f 292/296/329 293/301/329 326/343/329 323/328/329
f 293/301/330 300/300/330 345/337/330 326/343/330
f 297/309/331 299/308/331 342/342/331 338/340/331
f 304/325/332 305/324/332 315/344/332 314/345/332
f 309/331/333 301/333/333 311/346/333 319/347/333
f 308/317/334 307/316/334 317/348/334 318/349/334
f 301/333/335 302/339/335 312/350/335 311/346/335
f 310/320/336 304/325/336 314/345/336 320/351/336
f 306/327/337 308/317/337 318/349/337 316/352/337
f 302/339/338 303/321/338 313/353/338 312/350/338
f 303/321/339 310/320/339 320/351/339 313/353/339
f 307/316/340 309/331/340 319/347/340 317/348/340
f 305/324/341 306/327/341 316/352/341 315/344/341
f 330/335/342 332/334/342 334/354/342 331/355/342
f 331/355/343 334/354/343 333/323/343 329/322/343
f 322/329/344 323/328/344 325/356/344
f 325/356/345 324/338/345 321/332/345
f 323/328/346 326/343/346 328/357/346 325/356/346
f 325/356/347 328/357/347 327/318/347 324/338/347
f 332/334/348 335/336/348 337/358/348 334/354/348
f 334/354/349 337/358/349 336/326/349 333/323/349
f 341/341/350 340/314/351 337/358/350
f 338/340/352 342/342/352 343/330/353 339/315/353
f 322/329/354 321/332/355 343/330/355 342/342/356
f 325/356/357 321/332/357 322/329/344
f 329/322/358 344/319/358 346/359/358 331/355/358
f 331/355/359 346/359/359 345/337/359 330/335/359
f 344/319/360 327/318/360 328/357/360 346/359/360
f 346/359/361 328/357/361 326/343/361 345/337/361
f 321/332/362 324/338/362 302/339/362 301/333/362
f 347/9/363 100/18/364 9/21/364 6/20/363
f 348/10/365 347/9/365 6/20/365 5/52/365
f 349/6/366 101/5/366 4/8/366 3/7/366
f 99/135/367 98/137/367 356/306/367 355/303/367
f 95/140/368 96/138/368 359/312/368 358/310/368
f 96/138/369 97/136/369 354/302/369 359/312/369
f 104/147/370 95/140/370 358/310/370 353/299/370
f 93/145/371 94/144/371 352/298/371 351/295/371
f 103/141/372 92/146/372 350/294/372 357/307/372
f 98/137/373 103/141/373 357/307/373 356/306/373
f 97/136/374 99/135/374 355/303/374 354/302/374
f 94/144/375 104/147/375 353/299/375 352/298/375
f 92/146/376 93/145/376 351/295/376 350/294/376
f 372/360/377 373/352/377 449/361/377 448/362/377
f 362/363/378 363/364/378 367/365/378 366/365/378
f 402/366/379 403/366/380 401/366/380 400/366/381
f 361/367/382 360/368/382 428/369/382 429/370/382
f 370/371/383 374/366/383 364/372/383 360/368/383
f 379/373/384 371/374/384 361/367/384 365/375/384
f 367/365/385 363/364/385 373/352/385 377/373/385
f 377/373/386 373/352/386 372/360/386 378/373/386
f 378/373/387 372/360/387 371/374/387 379/373/387
f 362/363/388 366/365/388 376/365/389 368/376/388
f 368/376/390 376/365/391 375/373/390 369/377/390
f 369/377/392 375/373/392 374/366/392 370/371/392
f 364/372/380 402/366/393 400/366/394 365/375/380
f 399/366/395 398/366/396 403/366/396 402/366/397
f 374/366/398 399/366/399 402/366/400 364/372/398
f 363/364/401 362/363/401 442/378/401 443/352/401
f 368/376/402 369/377/402 445/379/402 444/380/402
f 371/374/403 372/360/403 448/362/403 447/381/403
f 380/366/404 381/366/404 382/366/404 383/366/404
f 397/366/405 381/366/405 380/366/405 398/366/405
f 401/366/406 382/366/406 381/366/406 397/366/406
f 403/366/380 383/366/380 382/366/380 401/366/380
f 398/366/407 380/366/407 383/366/407 403/366/407
f 384/365/404 385/365/404 386/365/404 387/365/404
f 421/365/408 385/365/409 384/365/409 422/365/410
f 425/365/411 386/365/412 385/365/412 421/365/413
f 427/365/414 387/365/415 386/365/415 425/365/416
f 422/365/417 384/365/418 387/365/418 427/365/419
f 388/373/404 389/373/404 390/373/404 391/373/404
f 413/373/420 389/373/420 388/373/420 414/373/420
f 417/373/421 390/373/422 389/373/422 413/373/422
f 419/373/423 391/373/424 390/373/424 417/373/424
f 414/373/425 388/373/425 391/373/425 419/373/426
f 392/373/404 393/373/404 394/373/404 395/373/404
f 405/373/427 393/373/427 392/373/427 406/373/427
f 409/373/428 394/373/428 393/373/428 405/373/428
f 411/373/429 395/373/429 394/373/429 409/373/429
f 406/373/430 392/373/430 395/373/430 411/373/430
f 365/375/431 400/366/432 396/366/433 379/373/431
f 400/366/434 401/366/435 397/366/435 396/366/436
f 379/373/405 396/366/437 399/366/438 374/366/405
f 396/366/439 397/366/405 398/366/405 399/366/440
f 375/373/430 407/373/430 410/373/430 374/366/430
f 407/373/430 406/373/430 411/373/430 410/373/430
f 374/366/429 410/373/429 408/373/429 379/373/429
f 410/373/429 411/373/429 409/373/429 408/373/429
f 379/373/428 408/373/428 404/373/428 378/373/428
f 408/373/428 409/373/428 405/373/428 404/373/428
f 378/373/427 404/373/427 407/373/427 375/373/427
f 404/373/427 405/373/427 406/373/427 407/373/427
f 376/365/441 415/373/442 418/373/442 375/373/442
f 415/373/443 414/373/443 419/373/444 418/373/443
f 375/373/424 418/373/424 416/373/424 378/373/424
f 418/373/424 419/373/424 417/373/424 416/373/424
f 378/373/445 416/373/445 412/373/445 377/373/446
f 416/373/447 417/373/448 413/373/447 412/373/447
f 377/373/449 412/373/420 415/373/420 376/365/450
f 412/373/420 413/373/420 414/373/420 415/373/420
f 366/365/451 423/365/452 426/365/453 376/365/454
f 423/365/455 422/365/456 427/365/457 426/365/458
f 376/365/459 426/365/460 424/365/461 377/373/462
f 426/365/463 427/365/464 425/365/465 424/365/466
f 377/373/467 424/365/468 420/365/469 367/365/470
f 424/365/471 425/365/472 421/365/473 420/365/474
f 367/365/409 420/365/475 423/365/476 366/365/409
f 420/365/477 421/365/478 422/365/479 423/365/480
f 437/382/481 436/382/481 433/382/481 434/382/481
f 360/368/482 364/372/482 431/383/482 428/369/482
f 365/375/483 361/367/483 429/370/483 430/382/483
f 364/372/484 365/375/484 430/382/484 431/383/484
f 435/382/485 434/382/485 433/382/485 432/382/485
f 438/382/486 437/382/486 434/382/486 435/382/486
f 439/382/487 438/382/487 435/382/487 432/382/487
f 436/382/488 439/382/488 432/382/488 433/382/488
f 429/370/489 428/369/489 439/382/489 436/382/489
f 428/369/490 431/383/490 438/382/490 439/382/490
f 431/383/491 430/382/491 437/382/491 438/382/491
f 430/382/492 429/370/492 436/382/492 437/382/492
f 370/371/493 360/368/493 440/384/493 446/385/493
f 369/377/494 370/371/494 446/385/494 445/379/494
f 360/368/495 361/367/495 441/386/495 440/384/495
f 361/367/496 371/374/496 447/381/496 441/386/496
f 362/363/497 368/376/497 444/380/497 442/378/497
f 373/352/498 363/364/498 443/352/498 449/361/498
f 318/349/499 317/348/499 441/386/499 447/381/499
f 317/348/500 319/347/500 440/384/500 441/386/500
f 319/347/501 311/346/501 446/385/501 440/384/501
f 311/346/502 312/350/502 445/379/502 446/385/502
f 312/350/503 313/353/503 444/380/503 445/379/503
f 313/353/504 320/351/504 442/378/504 444/380/504
f 320/351/505 314/345/505 443/352/505 442/378/505
f 314/345/506 315/344/506 449/361/506 443/352/506
f 315/344/507 316/352/507 448/362/507 449/361/507
f 316/352/508 318/349/508 447/381/508 448/362/508
f 335/336/509 341/341/509 337/358/509
f 336/326/351 337/358/351 340/314/351
f 338/340/510 339/315/511 340/314/511 341/341/512
f 48/100/54 54/93/513 63/95/54
f 49/68/35 31/67/35 67/71/35
f 54/93/514 48/100/515 34/96/515 32/99/514
f 53/89/513 63/95/513 54/93/513
f 32/99/516 34/96/517 36/70/517 31/67/516
f 595/1/518 450/4/518 451/3/518 594/2/518
f 450/4/519 761/6/519 550/5/519 451/3/519
f 452/7/520 760/10/520 759/9/520 453/8/520
f 597/11/521 147/14/521 148/13/521 596/12/521
f 594/2/522 598/17/522 149/16/522 146/15/522
f 549/18/523 457/19/524 453/8/525 759/9/526
f 596/12/527 599/22/527 458/21/527 455/20/527
f 598/17/528 600/24/528 151/23/528 149/16/528
f 599/22/529 601/26/529 460/25/529 458/21/529
f 602/27/530 603/30/530 155/29/530 153/28/530
f 601/26/531 604/32/531 463/31/531 460/25/531
f 600/24/532 602/27/532 153/28/532 151/23/532
f 604/32/533 605/34/533 466/33/533 463/31/533
f 462/35/534 465/38/534 464/37/534 461/36/534
f 463/31/535 466/33/535 465/38/535 462/35/535
f 606/39/536 607/42/536 158/41/536 160/40/536
f 608/43/537 609/46/537 467/45/537 469/44/537
f 595/1/538 608/43/538 469/44/538 450/4/538
f 597/11/539 606/39/539 160/40/539 147/14/539
f 610/47/540 161/48/540 158/41/540 607/42/540
f 609/46/541 157/49/541 161/48/541 610/47/541
f 450/4/542 474/51/542 473/50/542 452/7/542 761/6/542
f 452/7/543 473/50/543 472/53/543 454/52/543 760/10/543
f 470/54/544 476/57/544 475/56/544 468/55/544
f 470/54/545 454/52/545 472/53/545 476/57/545
f 471/58/546 478/60/546 477/59/546 467/45/546
f 471/58/547 468/55/547 475/56/547 478/60/547
f 479/61/548 469/44/548 467/45/548 477/59/548
f 469/44/549 479/61/549 474/51/549 450/4/549
f 488/62/550 490/65/550 507/64/550 506/63/550
f 504/66/551 505/69/551 498/68/551 480/67/551
f 480/67/552 516/71/552 485/70/553
f 486/72/554 488/62/554 506/63/554 505/69/554
f 505/69/555 506/63/555 499/73/555 498/68/555
f 485/70/556 516/71/556 487/74/556
f 492/75/557 494/78/557 509/77/557 508/76/557
f 506/63/558 507/64/558 500/79/558 499/73/558
f 516/71/559 515/81/559 489/80/559 487/74/559
f 494/78/560 496/83/560 511/82/560 509/77/560
f 507/64/561 508/76/561 501/84/561 500/79/561
f 515/81/562 514/86/562 491/85/562 489/80/562
f 496/83/563 482/88/563 510/87/563 511/82/563
f 508/76/564 509/77/564 502/89/564 501/84/564
f 514/86/565 513/91/565 493/90/565 491/85/565
f 482/88/566 484/92/566 504/66/566 510/87/566
f 509/77/567 511/82/567 503/93/567 502/89/567
f 513/91/568 512/95/568 495/94/568 493/90/568
f 485/70/569 518/98/569 517/97/569 483/96/569
f 511/82/570 510/87/570 481/99/570 503/93/570
f 512/95/571 497/100/571 495/94/572
f 490/65/573 492/75/573 508/76/573 507/64/573
f 510/87/574 504/66/574 480/67/574 481/99/574
f 590/101/575 566/104/576 565/103/577 587/102/578
f 484/92/579 486/72/579 505/69/579 504/66/579
f 501/84/580 502/89/580 512/95/580 513/91/580
f 500/79/581 501/84/581 513/91/581 514/86/581
f 499/73/582 500/79/582 514/86/582 515/81/582
f 498/68/583 499/73/583 515/81/583 516/71/583
f 519/105/584 527/107/584 526/106/584 518/98/584
f 489/80/585 520/108/585 519/105/585 487/74/585
f 497/100/586 524/110/586 523/109/586 495/94/586
f 491/85/587 521/111/587 520/108/587 489/80/587
f 483/96/588 517/97/588 524/110/588 497/100/588
f 493/90/589 522/112/589 521/111/589 491/85/589
f 487/74/590 519/105/590 518/98/590 485/70/590
f 495/94/591 523/109/591 522/112/591 493/90/591
f 525/113/592 533/116/592 540/115/592 532/114/592
f 524/110/593 532/114/593 531/117/593 523/109/593
f 522/112/594 530/119/594 529/118/594 521/111/594
f 520/108/595 528/120/595 527/107/595 519/105/595
f 518/98/596 526/106/596 525/113/596 517/97/596
f 517/97/597 525/113/597 532/114/597 524/110/597
f 523/109/598 531/117/598 530/119/598 522/112/598
f 521/111/599 529/118/599 528/120/599 520/108/599
f 474/51/600 534/122/600 535/121/600 473/50/600
f 531/117/601 539/124/601 538/123/601 530/119/601
f 529/118/602 537/126/602 536/125/602 528/120/602
f 527/107/603 535/121/603 534/122/603 526/106/603
f 532/114/604 540/115/604 539/124/604 531/117/604
f 530/119/605 538/123/605 537/126/605 529/118/605
f 528/120/606 536/125/606 535/121/606 527/107/606
f 526/106/607 534/122/607 533/116/607 525/113/607
f 473/50/608 535/121/608 536/125/608 472/53/608
f 472/53/609 536/125/609 537/126/609 476/57/609
f 476/57/610 537/126/610 538/123/610 475/56/610
f 475/56/611 538/123/611 539/124/611 478/60/611
f 478/60/612 539/124/612 540/115/612 477/59/612
f 477/59/613 540/115/613 533/116/613 479/61/613
f 479/61/614 533/116/614 534/122/614 474/51/614
f 554/127/615 561/134/615 560/133/615 559/132/615 558/131/615 557/130/615 556/129/615 555/128/615
f 462/35/616 546/136/616 548/135/616 463/31/616
f 463/31/617 548/135/617 547/137/617 460/25/617
f 461/36/618 545/138/618 546/136/618 462/35/618
f 459/139/619 544/140/619 545/138/619 461/36/619
f 458/21/620 460/25/620 547/137/620 552/141/620
f 453/8/621 457/19/622 551/142/623 550/5/624
f 551/142/625 456/143/626 451/3/627 550/5/628
f 543/144/629 551/142/629 457/19/629 542/145/629
f 549/18/630 541/146/630 542/145/630 457/19/630
f 458/21/631 552/141/631 541/146/631 549/18/631
f 456/143/632 553/147/632 544/140/632 459/139/632
f 456/143/633 551/142/633 543/144/633 553/147/633
f 589/148/634 562/151/634 563/150/634 586/149/635
f 577/152/636 554/127/636 555/128/636 576/153/636
f 576/153/637 555/128/637 556/129/637 578/154/637
f 575/155/638 559/132/639 560/133/638 579/156/640
f 580/157/641 561/134/641 554/127/641 577/152/641
f 578/154/642 556/129/642 557/130/642 574/158/642
f 579/156/643 560/133/643 561/134/643 580/157/643
f 582/159/644 565/103/644 566/104/645 581/160/644
f 581/160/646 566/104/647 567/162/646 583/161/646
f 593/163/648 583/161/648 567/162/648 588/164/648
f 586/149/649 563/150/650 564/166/650 591/165/651
f 588/164/134 567/162/134 566/104/652 590/101/653
f 592/167/654 582/159/654 562/151/654 589/148/654
f 574/158/655 584/169/655 569/168/655 488/62/655
f 559/132/656 572/171/134 571/170/657 558/131/658
f 490/65/659 568/173/659 573/172/659 492/75/659
f 575/155/660 585/174/660 572/171/660 559/132/660
f 488/62/661 569/168/661 568/173/661 490/65/661
f 558/131/662 571/170/663 570/175/664 557/130/665
f 492/75/666 573/172/666 585/174/666 575/155/666
f 557/130/667 570/175/668 584/169/667 574/158/667
f 587/102/669 565/103/669 582/159/669 592/167/669
f 591/165/670 564/166/671 583/161/671 593/163/671
f 563/150/672 581/160/672 583/161/672 564/166/672
f 562/151/673 582/159/673 581/160/673 563/150/673
f 494/78/674 579/156/675 580/157/674 496/83/674
f 486/72/676 578/154/676 574/158/676 488/62/676
f 496/83/677 580/157/677 577/152/677 482/88/677
f 492/75/678 575/155/679 579/156/678 494/78/678
f 484/92/680 576/153/680 578/154/680 486/72/680
f 482/88/681 577/152/681 576/153/681 484/92/681
f 573/172/682 591/165/683 593/163/682 585/174/682
f 570/175/684 587/102/685 592/167/686 584/169/686
f 584/169/687 592/167/687 589/148/687 569/168/687
f 572/171/134 588/164/134 590/101/688 571/170/689
f 568/173/690 586/149/691 591/165/692 573/172/690
f 585/174/693 593/163/693 588/164/693 572/171/693
f 569/168/694 589/148/694 586/149/695 568/173/694
f 571/170/696 590/101/697 587/102/698 570/175/699
f 467/45/700 609/46/700 610/47/700 471/58/700
f 471/58/701 610/47/701 607/42/701 468/55/701
f 454/52/702 470/54/702 606/39/702 597/11/702
f 145/176/703 159/177/703 608/43/703 595/1/703
f 159/177/704 157/49/704 609/46/704 608/43/704
f 470/54/705 468/55/705 607/42/705 606/39/705
f 154/178/706 156/179/706 605/34/706 604/32/706
f 459/139/707 461/36/707 602/27/707 600/24/707
f 152/180/708 154/178/708 604/32/708 601/26/708
f 461/36/709 464/37/709 603/30/709 602/27/709
f 150/181/710 152/180/710 601/26/710 599/22/710
f 456/143/711 459/139/711 600/24/711 598/17/711
f 148/13/712 150/181/712 599/22/712 596/12/712
f 451/3/713 456/143/713 598/17/713 594/2/713
f 454/52/714 597/11/714 596/12/714 455/20/714
f 145/176/715 595/1/715 594/2/715 146/15/715
f 643/182/716 665/185/716 667/184/716 649/183/716
f 615/186/717 651/189/717 612/188/717 637/187/717
f 627/190/718 613/193/718 622/192/718 632/191/718
f 613/193/719 660/196/719 661/195/719 636/194/719
f 287/197/720 649/183/720 639/199/720 282/198/720
f 623/200/721 635/203/721 646/202/721 645/201/721
f 653/204/722 668/207/722 664/206/722 642/205/722
f 613/193/723 636/194/723 619/208/723 622/192/723
f 667/184/724 669/211/724 625/210/724 611/209/724
f 683/212/725 691/215/725 673/214/725 680/213/725
f 662/216/726 632/191/726 631/218/726 663/217/726
f 623/200/727 622/192/727 619/208/727 635/203/727
f 651/189/728 652/220/728 626/219/728 612/188/728
f 682/221/729 690/224/729 692/223/729 684/222/729
f 638/225/730 669/211/730 663/217/730 631/218/730
f 622/192/731 623/200/731 631/218/731 632/191/731
f 666/226/732 627/190/732 632/191/732 662/216/732
f 649/183/733 667/184/733 611/209/733 639/199/733
f 664/206/734 665/185/734 643/182/734 642/205/734
f 654/227/735 618/230/735 617/229/735 650/228/735
f 280/231/736 281/234/736 633/233/736 659/232/736
f 650/228/737 617/229/737 659/232/737 633/233/737
f 273/235/738 276/236/738 636/194/738
f 625/210/739 624/239/739 641/238/739 640/237/739
f 271/240/740 653/204/740 642/205/740 279/241/740
f 611/209/741 625/210/741 640/237/741 639/199/741
f 638/225/742 645/201/742 644/242/742 624/239/742
f 644/242/743 645/201/743 646/202/743 647/243/743
f 624/239/744 644/242/744 647/243/744 641/238/744
f 624/239/745 625/210/745 669/211/745 638/225/745
f 680/213/746 673/214/746 688/245/746 681/244/746
f 284/246/747 643/182/747 649/183/747 287/197/747
f 631/218/748 623/200/748 645/201/748 638/225/748
f 666/226/749 654/227/749 650/228/749 627/190/749
f 651/189/750 615/186/750 616/248/750 628/247/750
f 627/190/751 650/228/751 660/196/751 613/193/751
f 652/220/752 651/189/752 628/247/752 655/249/752
f 655/249/753 618/230/753 654/227/753 652/220/753
f 656/250/754 617/229/754 618/230/754 655/249/754
f 626/219/755 666/226/755 668/207/755 612/188/755
f 612/188/756 668/207/756 653/204/756 637/187/756
f 289/251/757 280/231/757 659/232/757 634/252/757
f 634/252/758 659/232/758 617/229/758 656/250/758
f 652/220/759 654/227/759 666/226/759 626/219/759
f 275/253/760 615/186/760 637/187/760 288/254/760
f 660/196/761 633/233/761 661/195/761
f 290/255/762 273/235/762 636/194/762 661/195/762
f 650/228/763 633/233/763 660/196/763
f 629/256/764 662/216/764 663/217/764 630/257/764
f 621/258/765 665/185/765 664/206/765 620/259/765
f 657/260/766 666/226/766 662/216/766 629/256/766
f 648/261/767 667/184/767 665/185/767 621/258/767
f 620/259/768 664/206/768 668/207/768 658/262/768
f 658/262/769 668/207/769 666/226/769 657/260/769
f 614/263/770 669/211/770 667/184/770 648/261/770 679/264/770
f 630/257/771 663/217/771 669/211/771 614/263/771
f 675/265/772 699/268/772 701/267/772 678/266/772
f 687/269/773 697/272/773 694/271/773 670/270/773
f 676/273/774 700/274/774 697/272/774 687/269/774
f 629/256/775 672/276/775 689/275/775 657/260/775
f 630/257/776 671/277/776 672/276/776 629/256/776
f 681/244/777 688/245/777 690/224/777 682/221/777
f 657/260/778 689/275/778 691/215/778 683/212/778 658/262/778
f 621/258/779 681/244/779 682/221/779 648/261/779
f 620/259/780 680/213/780 681/244/780 621/258/780
f 648/261/781 682/221/781 684/222/781 679/264/781
f 658/262/782 683/212/782 680/213/782 620/259/782
f 614/263/783 693/278/783 671/277/783 630/257/783
f 692/223/784 693/278/784 614/263/784 679/264/784 684/222/784
f 685/279/785 672/276/785 671/277/785 686/280/785
f 670/270/786 688/245/786 673/214/786 687/269/786
f 674/281/787 689/275/787 672/276/787 685/279/787
f 675/265/788 690/224/788 688/245/788 670/270/788
f 687/269/789 673/214/789 691/215/789 676/273/789
f 676/273/790 691/215/790 689/275/790 674/281/790
f 677/282/791 693/278/791 692/223/791 678/266/791
f 686/280/792 671/277/792 693/278/792 677/282/792
f 678/266/793 692/223/793 690/224/793 675/265/793
f 700/274/794 698/284/794 696/283/794 697/272/794
f 694/271/795 697/272/795 696/283/795 695/285/795
f 694/271/796 695/285/796 702/286/796 701/267/796 699/268/796
f 674/281/797 698/284/797 700/274/797 676/273/797
f 685/279/798 696/283/798 698/284/798 674/281/798
f 678/266/799 701/267/799 702/286/799 677/282/799
f 670/270/800 694/271/800 699/268/800 675/265/800
f 686/280/801 695/285/801 696/283/801 685/279/801
f 677/282/802 702/286/802 695/285/802 686/280/802
f 464/37/803 465/38/803 655/249/803 628/247/803
f 465/38/804 466/33/804 656/250/804 655/249/804
f 466/33/805 605/34/805 634/252/805 656/250/805
f 603/30/806 464/37/806 628/247/806 616/248/806
f 647/243/807 646/202/807 286/288/807 285/287/807
f 641/238/808 647/243/808 285/287/808 283/289/808
f 633/233/809 281/234/809 290/255/809 661/195/809
f 642/205/810 643/182/810 284/246/810 279/241/810
f 635/203/811 278/290/811 286/288/811 646/202/811
f 639/199/812 640/237/812 277/291/812 282/198/812
f 640/237/813 641/238/813 283/289/813 277/291/813
f 615/186/814 275/253/814 274/292/814 616/248/814
f 636/194/815 276/236/815 272/293/815 619/208/815
f 619/208/816 272/293/816 278/290/816 635/203/816
f 637/187/817 653/204/817 271/240/817 288/254/817
f 605/34/818 156/179/818 289/251/818 634/252/818
f 603/30/819 616/248/819 274/292/819 155/29/819
f 762/294/820 703/297/820 704/296/820 763/295/820
f 764/298/821 705/301/821 712/300/821 765/299/821
f 766/302/822 708/305/822 710/304/822 767/303/822
f 768/306/823 709/309/823 711/308/823 769/307/823
f 769/307/824 711/308/824 703/297/824 762/294/824
f 763/295/825 704/296/825 705/301/825 764/298/825
f 765/299/826 712/300/826 706/311/826 770/310/826
f 771/312/827 707/313/827 708/305/827 766/302/827
f 770/310/828 706/311/828 707/313/828 771/312/828
f 767/303/829 710/304/829 709/309/829 768/306/829
f 752/314/830 720/317/830 719/316/830 751/315/830
f 739/318/831 715/321/831 722/320/831 756/319/831
f 741/322/832 716/325/832 717/324/832 745/323/832
f 748/326/833 718/327/833 720/317/833 752/314/833
f 756/319/834 722/320/834 716/325/834 741/322/834
f 703/297/835 734/329/835 735/328/835 704/296/835
f 751/315/836 719/316/836 721/331/836 755/330/836
f 755/330/837 721/331/837 713/333/837 733/332/837
f 706/311/838 742/335/838 744/334/838 707/313/838
f 707/313/839 744/334/839 747/336/839 708/305/839
f 712/300/840 757/337/840 742/335/840 706/311/840
f 736/338/841 714/339/841 715/321/841 739/318/841
f 710/304/842 753/341/842 750/340/842 709/309/842
f 711/308/843 754/342/843 734/329/843 703/297/843
f 745/323/844 717/324/844 718/327/844 748/326/844
f 708/305/845 747/336/845 753/341/845 710/304/845
f 704/296/846 735/328/846 738/343/846 705/301/846
f 705/301/847 738/343/847 757/337/847 712/300/847
f 709/309/848 750/340/848 754/342/848 711/308/848
f 716/325/849 726/345/849 727/344/849 717/324/849
f 721/331/850 731/347/850 723/346/850 713/333/850
f 720/317/851 730/349/851 729/348/851 719/316/851
f 713/333/852 723/346/852 724/350/852 714/339/852
f 722/320/853 732/351/853 726/345/853 716/325/853
f 718/327/854 728/352/854 730/349/854 720/317/854
f 714/339/855 724/350/855 725/353/855 715/321/855
f 715/321/856 725/353/856 732/351/856 722/320/856
f 719/316/857 729/348/857 731/347/857 721/331/857
f 717/324/858 727/344/858 728/352/858 718/327/858
f 742/335/859 743/355/859 746/354/859 744/334/859
f 743/355/860 741/322/860 745/323/860 746/354/860
f 734/329/861 737/356/861 735/328/861
f 737/356/862 733/332/862 736/338/862
f 735/328/863 737/356/863 740/357/863 738/343/863
f 737/356/864 736/338/864 739/318/864 740/357/864
f 744/334/865 746/354/865 749/358/865 747/336/865
f 746/354/866 745/323/866 748/326/866 749/358/866
f 753/341/867 749/358/867 752/314/868
f 750/340/869 751/315/870 755/330/870 754/342/869
f 734/329/871 754/342/872 755/330/873 733/332/873
f 737/356/874 734/329/861 733/332/874
f 741/322/875 743/355/875 758/359/875 756/319/875
f 743/355/876 742/335/876 757/337/876 758/359/876
f 756/319/877 758/359/877 740/357/877 739/318/877
f 758/359/878 757/337/878 738/343/878 740/357/878
f 733/332/879 713/333/879 714/339/879 736/338/879
f 759/9/880 455/20/880 458/21/881 549/18/881
f 760/10/882 454/52/882 455/20/882 759/9/882
f 761/6/883 452/7/883 453/8/883 550/5/883
f 548/135/884 767/303/884 768/306/884 547/137/884
f 544/140/885 770/310/885 771/312/885 545/138/885
f 545/138/886 771/312/886 766/302/886 546/136/886
f 553/147/887 765/299/887 770/310/887 544/140/887
f 542/145/888 763/295/888 764/298/888 543/144/888
f 552/141/889 769/307/889 762/294/889 541/146/889
f 547/137/890 768/306/890 769/307/890 552/141/890
f 546/136/891 766/302/891 767/303/891 548/135/891
f 543/144/892 764/298/892 765/299/892 553/147/892
f 541/146/893 762/294/893 763/295/893 542/145/893
f 784/360/894 860/362/894 861/361/894 785/352/894
f 774/363/895 778/365/895 779/365/895 775/364/895
f 814/366/896 812/366/897 813/366/898 815/366/898
f 773/367/899 841/370/899 840/369/899 772/368/899
f 782/371/900 772/368/900 776/372/900 786/366/900
f 791/373/901 777/375/901 773/367/901 783/374/901
f 779/365/902 789/373/902 785/352/902 775/364/902
f 789/373/903 790/373/903 784/360/903 785/352/903
f 790/373/904 791/373/904 783/374/904 784/360/904
f 774/363/905 780/376/905 788/365/906 778/365/905
f 780/376/907 781/377/907 787/373/907 788/365/908
f 781/377/909 782/371/909 786/366/909 787/373/909
f 776/372/898 777/375/898 812/366/910 814/366/911
f 811/366/912 814/366/913 815/366/914 810/366/914
f 786/366/915 776/372/915 814/366/916 811/366/917
f 775/364/918 855/352/918 854/378/918 774/363/918
f 780/376/919 856/380/919 857/379/919 781/377/919
f 783/374/920 859/381/920 860/362/920 784/360/920
f 792/366/921 795/366/921 794/366/921 793/366/921
f 809/366/922 810/366/922 792/366/922 793/366/922
f 813/366/923 809/366/923 793/366/923 794/366/923
f 815/366/898 813/366/898 794/366/898 795/366/898
f 810/366/924 815/366/924 795/366/924 792/366/924
f 796/365/921 799/365/921 798/365/921 797/365/921
f 833/365/925 834/365/926 796/365/927 797/365/927
f 837/365/928 833/365/929 797/365/930 798/365/930
f 839/365/931 837/365/932 798/365/933 799/365/933
f 834/365/934 839/365/935 799/365/936 796/365/936
f 800/373/921 803/373/921 802/373/921 801/373/921
f 825/373/937 826/373/937 800/373/937 801/373/937
f 829/373/938 825/373/939 801/373/939 802/373/939
f 831/373/940 829/373/941 802/373/941 803/373/941
f 826/373/942 831/373/943 803/373/942 800/373/942
f 804/373/921 807/373/921 806/373/921 805/373/921
f 817/373/944 818/373/944 804/373/944 805/373/944
f 821/373/945 817/373/945 805/373/945 806/373/945
f 823/373/946 821/373/946 806/373/946 807/373/946
f 818/373/947 823/373/947 807/373/947 804/373/947
f 777/375/948 791/373/948 808/366/949 812/366/950
f 812/366/951 808/366/952 809/366/953 813/366/953
f 791/373/922 786/366/922 811/366/954 808/366/955
f 808/366/956 811/366/957 810/366/922 809/366/922
f 787/373/947 786/366/947 822/373/947 819/373/947
f 819/373/947 822/373/947 823/373/947 818/373/947
f 786/366/946 791/373/946 820/373/946 822/373/946
f 822/373/946 820/373/946 821/373/946 823/373/946
f 791/373/945 790/373/945 816/373/945 820/373/945
f 820/373/945 816/373/945 817/373/945 821/373/945
f 790/373/944 787/373/944 819/373/944 816/373/944
f 816/373/944 819/373/944 818/373/944 817/373/944
f 788/365/958 787/373/959 830/373/959 827/373/959
f 827/373/960 830/373/960 831/373/961 826/373/960
f 787/373/941 790/373/941 828/373/941 830/373/941
f 830/373/941 828/373/941 829/373/941 831/373/941
f 790/373/962 789/373/963 824/373/962 828/373/962
f 828/373/964 824/373/964 825/373/964 829/373/965
f 789/373/966 788/365/967 827/373/937 824/373/937
f 824/373/937 827/373/937 826/373/937 825/373/937
f 778/365/968 788/365/969 838/365/970 835/365/971
f 835/365/972 838/365/973 839/365/974 834/365/975
f 788/365/976 789/373/977 836/365/978 838/365/979
f 838/365/980 836/365/981 837/365/982 839/365/983
f 789/373/984 779/365/985 832/365/986 836/365/987
f 836/365/988 832/365/989 833/365/990 837/365/991
f 779/365/927 778/365/927 835/365/992 832/365/993
f 832/365/994 835/365/995 834/365/996 833/365/997
f 849/382/998 846/382/998 845/382/998 848/382/998
f 772/368/999 840/369/999 843/383/999 776/372/999
f 777/375/1000 842/382/1000 841/370/1000 773/367/1000
f 776/372/1001 843/383/1001 842/382/1001 777/375/1001
f 847/382/1002 844/382/1002 845/382/1002 846/382/1002
f 850/382/1003 847/382/1003 846/382/1003 849/382/1003
f 851/382/1004 844/382/1004 847/382/1004 850/382/1004
f 848/382/1005 845/382/1005 844/382/1005 851/382/1005
f 841/370/1006 848/382/1006 851/382/1006 840/369/1006
f 840/369/1007 851/382/1007 850/382/1007 843/383/1007
f 843/383/1008 850/382/1008 849/382/1008 842/382/1008
f 842/382/1009 849/382/1009 848/382/1009 841/370/1009
f 782/371/1010 858/385/1010 852/384/1010 772/368/1010
f 781/377/1011 857/379/1011 858/385/1011 782/371/1011
f 772/368/1012 852/384/1012 853/386/1012 773/367/1012
f 773/367/1013 853/386/1013 859/381/1013 783/374/1013
f 774/363/1014 854/378/1014 856/380/1014 780/376/1014
f 785/352/1015 861/361/1015 855/352/1015 775/364/1015
f 730/349/1016 859/381/1016 853/386/1016 729/348/1016
f 729/348/1017 853/386/1017 852/384/1017 731/347/1017
f 731/347/1018 852/384/1018 858/385/1018 723/346/1018
f 723/346/1019 858/385/1019 857/379/1019 724/350/1019
f 724/350/1020 857/379/1020 856/380/1020 725/353/1020
f 725/353/1021 856/380/1021 854/378/1021 732/351/1021
f 732/351/1022 854/378/1022 855/352/1022 726/345/1022
f 726/345/1023 855/352/1023 861/361/1023 727/344/1023
f 727/344/1024 861/361/1024 860/362/1024 728/352/1024
f 728/352/1025 860/362/1025 859/381/1025 730/349/1025
f 747/336/1026 749/358/1026 753/341/1026
f 748/326/868 752/314/868 749/358/868
f 750/340/1027 753/341/1028 752/314/1029 751/315/1029
f 497/100/571 512/95/571 503/93/1030
f 498/68/552 516/71/552 480/67/552
f 503/93/1031 481/99/1031 483/96/1032 497/100/1032
f 502/89/1030 503/93/1030 512/95/1030
f 481/99/1033 480/67/1033 485/70/1034 483/96/1034
o Eye
v 0.055690 1.450732 0.166214
v 0.053632 1.450529 0.166214
v 0.051652 1.449929 0.166214
v 0.049829 1.448954 0.166214
v 0.048230 1.447641 0.166214
v 0.046918 1.446043 0.166214
v 0.045943 1.444219 0.166214
v 0.045342 1.442240 0.166214
v 0.045140 1.440181 0.166214
v 0.045342 1.438123 0.166214
v 0.045943 1.436144 0.166214
v 0.046918 1.434320 0.166214
v 0.048230 1.432721 0.166214
v 0.049829 1.431409 0.166214
v 0.051652 1.430434 0.166214
v 0.053632 1.429834 0.166214
v 0.055690 1.429631 0.166214
v 0.057748 1.429834 0.166214
v 0.059727 1.430434 0.166214
v 0.061551 1.431409 0.166214
v 0.063150 1.432721 0.166214
v 0.064462 1.434320 0.166214
v 0.065437 1.436144 0.166214
v 0.066037 1.438123 0.166214
v 0.066240 1.440181 0.166214
v 0.066037 1.442240 0.166214
v 0.065437 1.444219 0.166214
v 0.064462 1.446043 0.166214
v 0.063150 1.447641 0.166214
v 0.061551 1.448954 0.166214
v 0.059727 1.449929 0.166214
v 0.057748 1.450529 0.166214
v 0.055690 1.450732 0.159844
v 0.053632 1.450529 0.159844
v 0.051652 1.449929 0.159844
v 0.049829 1.448954 0.159844
v 0.048230 1.447641 0.159844
v 0.046918 1.446043 0.159844
v 0.045943 1.444219 0.159844
v 0.045342 1.442240 0.159844
v 0.045140 1.440181 0.159844
v 0.045342 1.438123 0.159844
v 0.045943 1.436144 0.159844
v 0.046918 1.434320 0.159844
v 0.048230 1.432721 0.159844
v 0.049829 1.431409 0.159844
v 0.051652 1.430434 0.159844
v 0.053632 1.429834 0.159844
v 0.055690 1.429631 0.159844
v 0.057748 1.429834 0.159844
v 0.059727 1.430434 0.159844
v 0.061551 1.431409 0.159844
v 0.063150 1.432721 0.159844
v 0.064462 1.434320 0.159844
v 0.065437 1.436144 0.159844
v 0.066037 1.438123 0.159844
v 0.066240 1.440181 0.159844
v 0.066037 1.442240 0.159844
v 0.065437 1.444219 0.159844
v 0.064462 1.446043 0.159844
v 0.063150 1.447641 0.159844
v 0.061551 1.448954 0.159844
v 0.059727 1.449929 0.159844
v 0.057748 1.450529 0.159844
v -0.055690 1.450732 0.166214
v -0.053632 1.450529 0.166214
v -0.051652 1.449929 0.166214
v -0.049829 1.448954 0.166214
v -0.048230 1.447641 0.166214
v -0.046918 1.446043 0.166214
v -0.045943 1.444219 0.166214
v -0.045342 1.442240 0.166214
v -0.045140 1.440181 0.166214
v -0.045342 1.438123 0.166214
v -0.045943 1.436144 0.166214
v -0.046918 1.434320 0.166214
v -0.048230 1.432721 0.166214
v -0.049829 1.431409 0.166214
v -0.051652 1.430434 0.166214
v -0.053632 1.429834 0.166214
v -0.055690 1.429631 0.166214
v -0.057748 1.429834 0.166214
v -0.059727 1.430434 0.166214
v -0.061551 1.431409 0.166214
v -0.063150 1.432721 0.166214
v -0.064462 1.434320 0.166214
v -0.065437 1.436144 0.166214
v -0.066037 1.438123 0.166214
v -0.066240 1.440181 0.166214
v -0.066037 1.442240 0.166214
v -0.065437 1.444219 0.166214
v -0.064462 1.446043 0.166214
v -0.063150 1.447641 0.166214
v -0.061551 1.448954 0.166214
v -0.059727 1.449929 0.166214
v -0.057748 1.450529 0.166214
v -0.055690 1.450732 0.159844
v -0.053632 1.450529 0.159844
v -0.051652 1.449929 0.159844
v -0.049829 1.448954 0.159844
v -0.048230 1.447641 0.159844
v -0.046918 1.446043 0.159844
v -0.045943 1.444219 0.159844
v -0.045342 1.442240 0.159844
v -0.045140 1.440181 0.159844
v -0.045342 1.438123 0.159844
v -0.045943 1.436144 0.159844
v -0.046918 1.434320 0.159844
v -0.048230 1.432721 0.159844
v -0.049829 1.431409 0.159844
v -0.051652 1.430434 0.159844
v -0.053632 1.429834 0.159844
v -0.055690 1.429631 0.159844
v -0.057748 1.429834 0.159844
v -0.059727 1.430434 0.159844
v -0.061551 1.431409 0.159844
v -0.063150 1.432721 0.159844
v -0.064462 1.434320 0.159844
v -0.065437 1.436144 0.159844
v -0.066037 1.438123 0.159844
v -0.066240 1.440181 0.159844
v -0.066037 1.442240 0.159844
v -0.065437 1.444219 0.159844
v -0.064462 1.446043 0.159844
v -0.063150 1.447641 0.159844
v -0.061551 1.448954 0.159844
v -0.059727 1.449929 0.159844
v -0.057748 1.450529 0.159844
vn -0.0000 -0.0000 -1.0000
vn -0.0000 -0.0000 1.0000
vn -0.2903 -0.9569 -0.0000
vn -0.2903 0.9569 -0.0000
vn 0.7730 -0.6344 -0.0000
vn -0.0980 -0.9952 -0.0000
vn -0.4714 0.8819 -0.0000
vn 0.8819 -0.4714 -0.0000
vn -0.6344 0.7730 -0.0000
vn 0.9569 -0.2903 -0.0000
vn -0.7730 0.6344 -0.0000
vn 0.9952 -0.0980 -0.0000
vn -0.8819 0.4714 -0.0000
vn 0.9952 0.0980 -0.0000
vn -0.9569 0.2903 -0.0000
vn 0.9569 0.2903 -0.0000
vn -0.9952 0.0980 -0.0000
vn 0.8819 0.4714 -0.0000
vn -0.9952 -0.0980 -0.0000
vn 0.7730 0.6344 -0.0000
vn -0.9569 -0.2903 -0.0000
vn 0.6344 0.7730 -0.0000
vn -0.8819 -0.4714 -0.0000
vn 0.4714 0.8819 -0.0000
vn 0.0980 -0.9952 -0.0000
vn -0.7730 -0.6344 -0.0000
vn 0.2903 0.9569 -0.0000
vn 0.2903 -0.9569 -0.0000
vn -0.6344 -0.7730 -0.0000
vn 0.0980 0.9952 -0.0000
vn 0.4714 -0.8819 -0.0000
vn -0.4714 -0.8819 -0.0000
vn -0.0980 0.9952 -0.0000
vn 0.6344 -0.7730 -0.0000
vt 0.559740 0.450816
vt 0.559945 0.451311
vt 0.560242 0.451756
vt 0.560621 0.452134
vt 0.561066 0.452432
vt 0.561561 0.452637
vt 0.562086 0.452741
vt 0.562621 0.452741
vt 0.563146 0.452637
vt 0.563641 0.452432
vt 0.564086 0.452134
vt 0.564465 0.451756
vt 0.564762 0.451310
vt 0.564967 0.450816
vt 0.565071 0.450291
vt 0.565071 0.449755
vt 0.564967 0.449230
vt 0.564762 0.448736
vt 0.564465 0.448290
vt 0.564086 0.447912
vt 0.563641 0.447615
vt 0.563146 0.447410
vt 0.562621 0.447305
vt 0.562086 0.447305
vt 0.561561 0.447410
vt 0.561066 0.447615
vt 0.560621 0.447912
vt 0.560242 0.448291
vt 0.559945 0.448736
vt 0.559740 0.449230
vt 0.559636 0.449755
vt 0.559636 0.450291
s 0
usemtl Palette
f 863/387/1035 862/388/1035 893/389/1035 892/390/1035 891/391/1035 890/392/1035 889/393/1035 888/394/1035 887/395/1035 886/396/1035 885/397/1035 884/398/1035 883/399/1035 882/400/1035 881/401/1035 880/402/1035 879/403/1035 878/404/1035 877/405/1035 876/406/1035 875/407/1035 874/408/1035 873/409/1035 872/410/1035 871/411/1035 870/412/1035 869/413/1035 868/414/1035 867/415/1035 866/416/1035 865/417/1035 864/418/1035
f 895/387/1036 896/418/1036 897/417/1036 898/416/1036 899/415/1036 900/414/1036 901/413/1036 902/412/1036 903/411/1036 904/410/1036 905/409/1036 906/408/1036 907/407/1036 908/406/1036 909/405/1036 910/404/1036 911/403/1036 912/402/1036 913/401/1036 914/400/1036 915/399/1036 916/398/1036 917/397/1036 918/396/1036 919/395/1036 920/394/1036 921/393/1036 922/392/1036 923/391/1036 924/390/1036 925/389/1036 894/388/1036
f 892/390/1037 893/389/1037 925/389/1037 924/390/1037
f 879/403/1038 880/402/1038 912/402/1038 911/403/1038
f 866/416/1039 867/415/1039 899/415/1039 898/416/1039
f 893/389/1040 862/388/1040 894/388/1040 925/389/1040
f 880/402/1041 881/401/1041 913/401/1041 912/402/1041
f 867/415/1042 868/414/1042 900/414/1042 899/415/1042
f 881/401/1043 882/400/1043 914/400/1043 913/401/1043
f 868/414/1044 869/413/1044 901/413/1044 900/414/1044
f 882/400/1045 883/399/1045 915/399/1045 914/400/1045
f 869/413/1046 870/412/1046 902/412/1046 901/413/1046
f 883/399/1047 884/398/1047 916/398/1047 915/399/1047
f 870/412/1048 871/411/1048 903/411/1048 902/412/1048
f 884/398/1049 885/397/1049 917/397/1049 916/398/1049
f 871/411/1050 872/410/1050 904/410/1050 903/411/1050
f 885/397/1051 886/396/1051 918/396/1051 917/397/1051
f 872/410/1052 873/409/1052 905/409/1052 904/410/1052
f 886/396/1053 887/395/1053 919/395/1053 918/396/1053
f 873/409/1054 874/408/1054 906/408/1054 905/409/1054
f 887/395/1055 888/394/1055 920/394/1055 919/395/1055
f 874/408/1056 875/407/1056 907/407/1056 906/408/1056
f 888/394/1057 889/393/1057 921/393/1057 920/394/1057
f 875/407/1058 876/406/1058 908/406/1058 907/407/1058
f 862/388/1059 863/387/1059 895/387/1059 894/388/1059
f 889/393/1060 890/392/1060 922/392/1060 921/393/1060
f 876/406/1061 877/405/1061 909/405/1061 908/406/1061
f 863/387/1062 864/418/1062 896/418/1062 895/387/1062
f 890/392/1063 891/391/1063 923/391/1063 922/392/1063
f 877/405/1064 878/404/1064 910/404/1064 909/405/1064
f 864/418/1065 865/417/1065 897/417/1065 896/418/1065
f 891/391/1066 892/390/1066 924/390/1066 923/391/1066
f 878/404/1067 879/403/1067 911/403/1067 910/404/1067
f 865/417/1068 866/416/1068 898/416/1068 897/417/1068
f 927/387/1035 928/418/1035 929/417/1035 930/416/1035 931/415/1035 932/414/1035 933/413/1035 934/412/1035 935/411/1035 936/410/1035 937/409/1035 938/408/1035 939/407/1035 940/406/1035 941/405/1035 942/404/1035 943/403/1035 944/402/1035 945/401/1035 946/400/1035 947/399/1035 948/398/1035 949/397/1035 950/396/1035 951/395/1035 952/394/1035 953/393/1035 954/392/1035 955/391/1035 956/390/1035 957/389/1035 926/388/1035
f 959/387/1036 958/388/1036 989/389/1036 988/390/1036 987/391/1036 986/392/1036 985/393/1036 984/394/1036 983/395/1036 982/396/1036 981/397/1036 980/398/1036 979/399/1036 978/400/1036 977/401/1036 976/402/1036 975/403/1036 974/404/1036 973/405/1036 972/406/1036 971/407/1036 970/408/1036 969/409/1036 968/410/1036 967/411/1036 966/412/1036 965/413/1036 964/414/1036 963/415/1036 962/416/1036 961/417/1036 960/418/1036
f 956/390/1062 988/390/1062 989/389/1062 957/389/1062
f 943/403/1061 975/403/1061 976/402/1061 944/402/1061
f 930/416/1060 962/416/1060 963/415/1060 931/415/1060
f 957/389/1059 989/389/1059 958/388/1059 926/388/1059
f 944/402/1058 976/402/1058 977/401/1058 945/401/1058
f 931/415/1057 963/415/1057 964/414/1057 932/414/1057
f 945/401/1056 977/401/1056 978/400/1056 946/400/1056
f 932/414/1055 964/414/1055 965/413/1055 933/413/1055
f 946/400/1054 978/400/1054 979/399/1054 947/399/1054
f 933/413/1053 965/413/1053 966/412/1053 934/412/1053
f 947/399/1052 979/399/1052 980/398/1052 948/398/1052
f 934/412/1051 966/412/1051 967/411/1051 935/411/1051
f 948/398/1050 980/398/1050 981/397/1050 949/397/1050
f 935/411/1049 967/411/1049 968/410/1049 936/410/1049
f 949/397/1048 981/397/1048 982/396/1048 950/396/1048
f 936/410/1047 968/410/1047 969/409/1047 937/409/1047
f 950/396/1046 982/396/1046 983/395/1046 951/395/1046
f 937/409/1045 969/409/1045 970/408/1045 938/408/1045
f 951/395/1044 983/395/1044 984/394/1044 952/394/1044
f 938/408/1043 970/408/1043 971/407/1043 939/407/1043
f 952/394/1042 984/394/1042 985/393/1042 953/393/1042
f 939/407/1041 971/407/1041 972/406/1041 940/406/1041
f 926/388/1040 958/388/1040 959/387/1040 927/387/1040
f 953/393/1039 985/393/1039 986/392/1039 954/392/1039
f 940/406/1038 972/406/1038 973/405/1038 941/405/1038
f 927/387/1037 959/387/1037 960/418/1037 928/418/1037
f 954/392/1068 986/392/1068 987/391/1068 955/391/1068
f 941/405/1067 973/405/1067 974/404/1067 942/404/1067
f 928/418/1066 960/418/1066 961/417/1066 929/417/1066
f 955/391/1065 987/391/1065 988/390/1065 956/390/1065
f 942/404/1064 974/404/1064 975/403/1064 943/403/1064
f 929/417/1063 961/417/1063 962/416/1063 930/416/1063
o Eyebrow
v 0.098519 1.480976 0.181309
v 0.026467 1.474155 0.196251
v 0.029984 1.491235 0.194092
v 0.101175 1.502484 0.179086
v -0.098519 1.480976 0.181309
v -0.026467 1.474155 0.196251
v -0.029984 1.491235 0.194092
v -0.101175 1.502484 0.179086
v 0.096575 1.480177 0.171532
v 0.024524 1.473356 0.186475
v 0.028040 1.490436 0.184316
v 0.099232 1.501685 0.169309
v -0.096575 1.480177 0.171532
v -0.024524 1.473356 0.186475
v -0.028040 1.490436 0.184316
v -0.099232 1.501685 0.169309
vn 0.1943 0.0799 0.9777
vn -0.1943 0.0799 0.9777
vn -0.1943 -0.0799 -0.9777
vn 0.1943 -0.0799 -0.9777
vn 0.1064 -0.9925 0.0600
vn 0.9734 -0.1390 -0.1821
vn -0.9602 0.2196 0.1729
vn -0.1657 0.9850 -0.0476
vn -0.1064 -0.9925 0.0600
vn -0.9734 -0.1390 -0.1821
vn 0.9602 0.2196 0.1729
vn 0.1657 0.9850 -0.0476
vt 0.426499 0.486054
vt 0.424814 0.486564
vt 0.424814 0.480616
vt 0.426135 0.480094
s 0
usemtl Palette
f 990/419/1069 993/420/1069 992/421/1069 991/422/1069
f 994/419/1070 995/422/1070 996/421/1070 997/420/1070
f 998/419/1071 999/422/1071 1000/421/1071 1001/420/1071
f 1002/419/1072 1005/420/1072 1004/421/1072 1003/422/1072
f 990/419/1073 991/422/1073 999/422/1073 998/419/1073
f 993/420/1074 990/419/1074 998/419/1074 1001/420/1074
f 991/422/1075 992/421/1075 1000/421/1075 999/422/1075
f 992/421/1076 993/420/1076 1001/420/1076 1000/421/1076
f 995/422/1077 994/419/1077 1002/419/1077 1003/422/1077
f 994/419/1078 997/420/1078 1005/420/1078 1002/419/1078
f 996/421/1079 995/422/1079 1003/422/1079 1004/421/1079
f 997/420/1080 996/421/1080 1004/421/1080 1005/420/1080
o Hair
v 0.121231 1.601769 -0.138718
v 0.095982 1.367795 -0.140180
v 0.159507 1.484172 -0.045556
v 0.041203 1.334270 -0.146621
v 0.149460 1.418098 -0.086259
v 0.158585 1.461814 -0.091226
v 0.133229 1.380458 -0.092485
v 0.140654 1.626719 0.038892
v 0.144904 1.606887 -0.071792
v 0.154723 1.433113 -0.044620
v 0.160959 1.462055 -0.044391
v 0.155517 1.503422 0.053660
v 0.051469 1.361751 -0.157555
v 0.146195 1.559838 0.050005
v 0.068240 1.612280 -0.163102
v 0.076918 1.657908 -0.073812
v 0.076723 1.653975 0.032464
v 0.068006 1.437229 -0.215994
v 0.072497 1.497020 -0.212267
v 0.129218 1.606636 0.117759
v 0.121720 1.544029 0.138157
v 0.077079 1.555924 0.165128
v 0.059060 1.632757 0.152245
v 0.155544 1.491869 -0.081915
v 0.069595 1.557383 -0.189644
v 0.082084 1.334255 -0.125873
v 0.057743 1.379498 -0.176270
v 0.147283 1.396456 -0.062556
v 0.155573 1.435960 -0.031935
v 0.162432 1.478023 -0.017851
v 0.131176 1.427290 -0.179156
v 0.145804 1.486519 -0.178108
v 0.140663 1.544427 -0.153782
v 0.118794 1.387726 -0.149527
v 0.172970 1.543910 -0.037332
v 0.158041 1.500663 -0.063641
v 0.000000 1.367710 -0.192766
v 0.000000 1.333811 -0.153687
v -0.000399 1.660613 -0.061386
v -0.000000 1.436741 -0.226573
v -0.009228 1.631039 -0.174084
v 0.000266 1.659487 0.053120
v 0.000000 1.495183 -0.221501
v 0.000095 1.669263 0.149704
v -0.000483 1.545124 0.195396
v 0.000021 1.562404 -0.196566
v 0.000000 1.352012 -0.172153
v 0.113286 1.365174 -0.098423
v 0.089200 1.334138 -0.111873
v -0.132835 1.589589 -0.134865
v -0.095982 1.367795 -0.140180
v -0.159661 1.486301 -0.044869
v -0.041203 1.334270 -0.146621
v -0.149460 1.418098 -0.086259
v -0.158585 1.461814 -0.091226
v -0.133229 1.380458 -0.092485
v -0.155352 1.581878 0.053478
v -0.145072 1.597585 -0.061987
v -0.154723 1.433113 -0.044620
v -0.161054 1.462717 -0.044224
v -0.155683 1.503152 0.052949
v -0.051469 1.361751 -0.157555
v -0.153953 1.545872 0.053722
v -0.068749 1.612491 -0.162622
v -0.075855 1.646741 -0.061511
v -0.071279 1.657158 0.050992
v -0.068006 1.437229 -0.215994
v -0.072497 1.497020 -0.212267
v -0.121060 1.599282 0.119695
v -0.121249 1.544432 0.138650
v -0.077263 1.556822 0.164732
v -0.051627 1.647544 0.135120
v -0.155569 1.493114 -0.081254
v -0.069680 1.557363 -0.189623
v -0.082084 1.334255 -0.125873
v -0.057743 1.379498 -0.176270
v -0.147283 1.396456 -0.062556
v -0.155573 1.435960 -0.031935
v -0.162466 1.479092 -0.018236
v -0.131176 1.427290 -0.179156
v -0.145804 1.486519 -0.178108
v -0.140806 1.544481 -0.153533
v -0.118794 1.387726 -0.149527
v -0.157935 1.531794 -0.029064
v -0.158310 1.503068 -0.062401
v -0.113286 1.365174 -0.098423
v -0.089200 1.334138 -0.111873
v 0.114761 1.596156 -0.133556
v 0.090691 1.374455 -0.134922
v 0.149736 1.485536 -0.043920
v 0.038114 1.339566 -0.138720
v 0.140318 1.421547 -0.084129
v 0.148725 1.462495 -0.089708
v 0.124870 1.385243 -0.089795
v 0.132902 1.620544 0.037556
v 0.136982 1.601053 -0.070002
v 0.144907 1.434996 -0.044932
v 0.151110 1.463770 -0.044143
v 0.145837 1.502581 0.051297
v 0.048130 1.368105 -0.150592
v 0.136471 1.558638 0.048003
v 0.065073 1.605689 -0.156281
v 0.073910 1.648573 -0.071863
v 0.073597 1.644498 0.031820
v 0.064954 1.439804 -0.206826
v 0.069539 1.495046 -0.202920
v 0.121622 1.602098 0.113099
v 0.113684 1.542413 0.132429
v 0.073072 1.553415 0.156316
v 0.055127 1.626339 0.145662
v 0.145689 1.491962 -0.080221
v 0.066623 1.553696 -0.180836
v 0.075883 1.339312 -0.119875
v 0.054607 1.385956 -0.169309
v 0.138327 1.400249 -0.060231
v 0.145757 1.437844 -0.032247
v 0.152470 1.478865 -0.018063
v 0.124140 1.430813 -0.172985
v 0.137759 1.485763 -0.172218
v 0.132697 1.541623 -0.148428
v 0.112394 1.393925 -0.144988
v 0.163027 1.542897 -0.036984
v 0.148424 1.502057 -0.061281
v 0.000000 1.374323 -0.185264
v 0.000000 1.339659 -0.145575
v 0.000000 1.650737 -0.059868
v 0.000000 1.439007 -0.216833
v -0.008691 1.623694 -0.167320
v 0.000000 1.649492 0.052982
v 0.000000 1.493062 -0.211729
v 0.000000 1.660854 0.144293
v 0.000000 1.541925 0.185934
v 0.000000 1.558849 -0.187220
v 0.000000 1.359001 -0.165001
v 0.106540 1.371902 -0.095387
v 0.081208 1.338963 -0.108288
v -0.125476 1.584345 -0.130582
v -0.090691 1.374455 -0.134922
v -0.149736 1.485536 -0.043920
v -0.038114 1.339566 -0.138720
v -0.140318 1.421547 -0.084129
v -0.148725 1.462495 -0.089708
v -0.124870 1.385243 -0.089795
v -0.146333 1.577858 0.051900
v -0.136692 1.592263 -0.060778
v -0.144907 1.434996 -0.044932
v -0.151110 1.463770 -0.044143
v -0.145837 1.502581 0.051297
v -0.048130 1.368105 -0.150592
v -0.144168 1.545238 0.051759
v -0.065073 1.605689 -0.156281
v -0.072007 1.637619 -0.060105
v -0.067199 1.648038 0.050574
v -0.064954 1.439804 -0.206826
v -0.069539 1.495046 -0.202920
v -0.113829 1.594571 0.114643
v -0.113684 1.542413 0.132429
v -0.073072 1.553415 0.156316
v -0.047324 1.640157 0.129931
v -0.145689 1.491962 -0.080221
v -0.066623 1.553696 -0.180836
v -0.075883 1.339312 -0.119875
v -0.054607 1.385956 -0.169309
v -0.138327 1.400249 -0.060231
v -0.145757 1.437844 -0.032247
v -0.152470 1.478865 -0.018063
v -0.124140 1.430813 -0.172985
v -0.137759 1.485763 -0.172218
v -0.132697 1.541623 -0.148428
v -0.112394 1.393925 -0.144988
v -0.147992 1.530843 -0.028577
v -0.148424 1.502057 -0.061281
v -0.106540 1.371902 -0.095387
v -0.081208 1.338963 -0.108288
vn 0.4540 0.3552 -0.8171
vn 0.3858 -0.4790 -0.7885
vn 0.1717 0.3761 -0.9105
vn 0.3595 -0.5957 -0.7183
vn 0.9065 0.3120 -0.2846
vn 0.7977 -0.4742 -0.3727
vn 0.9781 0.0214 0.2072
vn 0.9778 0.0199 0.2085
vn 0.9778 0.0205 0.2087
vn 0.4612 0.3822 -0.8008
vn 0.4567 -0.0377 -0.8888
vn 0.5121 0.8573 -0.0523
vn 0.2286 -0.5023 -0.8340
vn 0.4842 0.7977 -0.3594
vn 0.9752 0.0383 0.2179
vn 0.5181 0.2354 0.8223
vn 0.4022 0.8829 0.2425
vn 0.9544 0.2816 0.0987
vn 0.1136 0.3493 -0.9301
vn 0.9419 0.1943 0.2740
vn 0.9411 0.1958 0.2756
vn 0.9405 0.1968 0.2770
vn 0.3488 -0.7179 -0.6024
vn 0.2464 -0.5631 -0.7888
vn 0.9818 -0.1875 0.0318
vn 0.9515 -0.2274 -0.2073
vn 0.9854 0.1326 -0.1072
vn 0.8822 -0.4106 -0.2305
vn 0.9214 -0.2432 -0.3032
vn 0.9213 -0.2433 -0.3034
vn 0.9621 -0.1258 -0.2420
vn 0.9822 -0.1326 -0.1332
vn 0.2427 0.2908 0.9255
vn 0.3047 0.9495 0.0753
vn 0.1382 0.0683 -0.9880
vn 0.1251 0.9262 -0.3557
vn 0.0582 0.9980 0.0227
vn 0.3140 -0.7474 -0.5855
vn 0.5997 -0.7540 -0.2681
vn -0.4547 0.3559 -0.8164
vn -0.3858 -0.4790 -0.7885
vn -0.1948 0.3528 -0.9152
vn -0.3595 -0.5957 -0.7183
vn -0.9761 0.1652 -0.1413
vn -0.7977 -0.4742 -0.3727
vn -0.9962 0.0631 0.0594
vn -0.9962 0.0632 0.0594
vn -0.4757 0.3993 -0.7837
vn -0.4567 -0.0377 -0.8888
vn -0.6302 0.7764 0.0022
vn -0.2286 -0.5023 -0.8340
vn -0.4997 0.8274 -0.2564
vn -0.9146 0.0719 0.3978
vn -0.4822 0.3530 0.8018
vn -0.6256 0.7579 0.1852
vn -0.9943 0.1020 -0.0308
vn -0.1137 0.3494 -0.9300
vn -0.9378 0.0523 0.3432
vn -0.9380 0.0519 0.3428
vn -0.9379 0.0521 0.3430
vn -0.3488 -0.7179 -0.6024
vn -0.2464 -0.5631 -0.7888
vn -0.9821 -0.1853 0.0346
vn -0.9515 -0.2274 -0.2073
vn -0.9855 0.1304 -0.1082
vn -0.8822 -0.4106 -0.2305
vn -0.9214 -0.2432 -0.3032
vn -0.9213 -0.2433 -0.3034
vn -0.9869 0.1096 -0.1181
vn -0.9941 0.0641 -0.0873
vn -0.3354 0.3478 0.8755
vn -0.1941 0.9808 0.0200
vn -0.1382 0.0683 -0.9880
vn -0.2463 0.9292 -0.2754
vn -0.1089 0.9933 -0.0381
vn -0.3140 -0.7474 -0.5855
vn -0.5997 -0.7540 -0.2681
vn -0.4431 -0.3598 0.8211
vn -0.3766 0.4814 0.7915
vn -0.1735 -0.3635 0.9153
vn -0.3510 0.6028 0.7165
vn -0.9079 -0.3087 0.2835
vn -0.7992 0.4825 0.3584
vn -0.9769 -0.0217 -0.2125
vn -0.9805 -0.0313 -0.1941
vn -0.9764 -0.0263 -0.2142
vn -0.9804 -0.0320 -0.1945
vn -0.4546 -0.3811 0.8051
vn -0.4475 0.0360 0.8936
vn -0.5061 -0.8609 0.0523
vn -0.2330 0.5048 0.8312
vn -0.4825 -0.7988 0.3592
vn -0.9772 -0.0167 -0.2117
vn -0.5113 -0.2261 -0.8291
vn -0.3909 -0.8903 -0.2335
vn -0.9566 -0.2730 -0.1023
vn -0.1119 -0.3508 0.9298
vn -0.9478 -0.1815 -0.2622
vn -0.9346 -0.1996 -0.2943
vn -0.9392 -0.1548 -0.3065
vn -0.3426 0.7221 0.6010
vn -0.2526 0.5659 0.7848
vn -0.9816 0.1884 -0.0312
vn -0.9538 0.2288 0.1945
vn -0.9870 -0.1303 0.0939
vn -0.8861 0.4070 0.2218
vn -0.9305 0.2521 0.2659
vn -0.9381 0.2609 0.2277
vn -0.8894 0.3758 0.2602
vn -0.9617 0.1394 0.2360
vn -0.9811 0.1352 0.1386
vn -0.2539 -0.2764 -0.9269
vn -0.3011 -0.9518 -0.0586
vn -0.1366 -0.0757 0.9877
vn -0.1245 -0.9285 0.3498
vn -0.0540 -0.9982 -0.0246
vn -0.3226 0.7466 0.5818
vn -0.5928 0.7597 0.2673
vn 0.4431 -0.3598 0.8211
vn 0.3766 0.4814 0.7915
vn 0.1941 -0.3385 0.9207
vn 0.3510 0.6028 0.7165
vn 0.9786 -0.1555 0.1345
vn 0.7992 0.4825 0.3584
vn 0.9961 -0.0644 -0.0602
vn 0.9963 -0.0749 -0.0418
vn 0.9958 -0.0678 -0.0617
vn 0.9964 -0.0743 -0.0416
vn 0.4677 -0.3969 0.7898
vn 0.4475 0.0360 0.8936
vn 0.6263 -0.7796 -0.0004
vn 0.2330 0.5048 0.8312
vn 0.4941 -0.8315 0.2537
vn 0.9161 -0.0576 -0.3968
vn 0.4777 -0.3450 -0.8079
vn 0.6225 -0.7611 -0.1821
vn 0.9958 -0.0865 0.0300
vn 0.1119 -0.3508 0.9298
vn 0.9432 -0.0404 -0.3297
vn 0.9277 -0.0142 -0.3730
vn 0.9306 -0.0587 -0.3613
vn 0.3426 0.7221 0.6010
vn 0.2526 0.5659 0.7848
vn 0.9816 0.1884 -0.0312
vn 0.9538 0.2288 0.1945
vn 0.9870 -0.1303 0.0939
vn 0.8861 0.4070 0.2218
vn 0.9305 0.2521 0.2659
vn 0.8894 0.3758 0.2602
vn 0.9381 0.2609 0.2277
vn 0.9886 -0.1011 0.1120
vn 0.9939 -0.0666 0.0879
vn 0.3459 -0.3334 -0.8771
vn 0.1902 -0.9817 -0.0021
vn 0.1366 -0.0757 0.9877
vn 0.2482 -0.9310 0.2675
vn 0.1033 -0.9939 0.0386
vn 0.3226 0.7466 0.5818
vn 0.5928 0.7597 0.2673
vn -0.0939 -0.8255 0.5565
vn -0.0680 -0.3114 0.9478
vn -0.0472 -0.9475 0.3161
vn -0.0385 -0.9416 0.3345
vn -0.0527 -0.9427 0.3293
vn -0.0522 -0.9429 0.3288
vn -0.2402 -0.8485 0.4714
vn -0.2547 -0.7682 0.5873
vn -0.2127 -0.8441 0.4921
vn -0.1895 -0.7996 0.5699
vn -0.1829 -0.8155 0.5491
vn 0.2374 -0.9393 0.2476
vn -0.0629 -0.9453 0.3202
vn -0.4603 -0.8630 0.2081
vn 0.0062 0.0163 -0.9998
vn 0.2045 0.0792 0.9757
vn 0.1432 -0.2847 0.9479
vn -0.2369 -0.7202 -0.6521
vn -0.0998 -0.0278 -0.9946
vn -0.1905 -0.9551 0.2271
vn 0.0254 -0.8929 0.4496
vn -0.0554 -0.8970 0.4385
vn -0.0397 -0.9140 0.4038
vn -0.0560 -0.8969 0.4386
vn -0.0384 -0.9129 0.4063
vn 0.0325 -0.4105 0.9113
vn 0.0709 -0.4262 0.9018
vn 0.4173 0.6563 0.6286
vn 0.0939 -0.8255 0.5565
vn 0.0325 -0.3096 0.9503
vn -0.0187 -0.9430 0.3322
vn -0.0095 -0.9493 0.3141
vn -0.0043 -0.9451 0.3269
vn -0.0043 -0.9448 0.3275
vn 0.2402 -0.8485 0.4714
vn 0.2127 -0.8441 0.4921
vn 0.2547 -0.7682 0.5873
vn 0.1829 -0.8155 0.5491
vn 0.1895 -0.7996 0.5699
vn -0.2544 -0.9269 0.2759
vn 0.0362 -0.9272 0.3728
vn 0.4603 -0.8630 0.2081
vn -0.0143 0.0172 -0.9997
vn -0.2045 0.0792 0.9757
vn -0.1294 -0.2907 0.9480
vn 0.0071 -0.7238 -0.6900
vn 0.0519 -0.0125 -0.9986
vn 0.1905 -0.9551 0.2271
vn -0.1453 -0.8826 0.4471
vn 0.0303 -0.9127 0.4076
vn 0.0459 -0.8959 0.4420
vn 0.0299 -0.9124 0.4083
vn 0.0484 -0.8954 0.4426
vn -0.0325 -0.4105 0.9113
vn -0.0709 -0.4262 0.9018
vn -0.4173 0.6563 0.6286
vt 0.294851 0.817597
vt 0.291157 0.823151
vt 0.284045 0.818485
vt 0.287931 0.812736
vt 0.311992 0.796922
vt 0.306917 0.801014
vt 0.298894 0.797341
vt 0.305806 0.794505
vt 0.296528 0.827483
vt 0.293052 0.832719
vt 0.288023 0.828122
vt 0.304187 0.804757
vt 0.298875 0.812676
vt 0.292197 0.807304
vt 0.294532 0.800677
vt 0.283181 0.825360
vt 0.275386 0.827144
vt 0.266609 0.820174
vt 0.294467 0.793740
vt 0.304208 0.792272
vt 0.256669 0.832409
vt 0.247061 0.824341
vt 0.257874 0.810270
vt 0.280917 0.834480
vt 0.272016 0.842920
vt 0.265504 0.837403
vt 0.311594 0.809870
vt 0.305241 0.817187
vt 0.257993 0.845676
vt 0.245111 0.847431
vt 0.263221 0.855919
vt 0.248002 0.859514
vt 0.301215 0.821889
vt 0.317894 0.802710
vt 0.314328 0.806753
vt 0.259103 0.798647
vt 0.261750 0.804710
vt 0.256805 0.800459
vt 0.276300 0.803717
vt 0.281143 0.795720
vt 0.272434 0.809229
vt 0.281362 0.788671
vt 0.288441 0.791315
vt 0.263802 0.809160
vt 0.268702 0.811115
vt 0.270828 0.859643
vt 0.257593 0.877669
vt 0.277452 0.851165
vt 0.285843 0.840709
vt 0.306443 0.827415
vt 0.312147 0.833344
vt 0.307327 0.837860
vt 0.301717 0.831880
vt 0.324323 0.807832
vt 0.331084 0.814179
vt 0.325529 0.820696
vt 0.320931 0.813324
vt 0.297518 0.835843
vt 0.317615 0.816483
vt 0.322843 0.825355
vt 0.316756 0.828481
vt 0.310612 0.822773
vt 0.310500 0.856469
vt 0.301612 0.848798
vt 0.302550 0.840303
vt 0.333442 0.815469
vt 0.333181 0.825117
vt 0.301212 0.868205
vt 0.319522 0.860650
vt 0.308687 0.873261
vt 0.296819 0.864547
vt 0.284674 0.856166
vt 0.292551 0.845071
vt 0.288899 0.881077
vt 0.286836 0.870137
vt 0.276792 0.881255
vt 0.276499 0.863427
vt 0.329690 0.856727
vt 0.328615 0.859236
vt 0.323589 0.855813
vt 0.322177 0.843210
vt 0.329265 0.837612
vt 0.317418 0.847506
vt 0.336040 0.836547
vt 0.332638 0.830078
vt 0.319084 0.855043
vt 0.316104 0.851167
s 0
usemtl Palette
f 1024/423/1081 1030/424/1081 1038/425/1081 1037/426/1081
f 1009/427/1082 1018/428/1082 1007/429/1082 1031/430/1082
f 1051/431/1083 1046/432/1083 1020/433/1083 1030/424/1083
f 1032/434/1084 1023/435/1084 1036/436/1084 1039/437/1084
f 1038/425/1085 1006/438/1085 1014/439/1085 1040/440/1085
f 1031/430/1086 1007/429/1086 1053/441/1086 1054/442/1086
f 1019/443/1087 1017/444/1088 1035/445/1087 1040/440/1089
f 1030/424/1090 1020/433/1090 1006/438/1090 1038/425/1090
f 1036/436/1091 1023/435/1091 1024/423/1091 1037/426/1091
f 1014/439/1092 1021/446/1092 1022/447/1092 1013/448/1092
f 1042/449/1093 1045/450/1093 1023/435/1093 1032/434/1093
f 1006/438/1094 1020/433/1094 1021/446/1094 1014/439/1094
f 1019/443/1095 1013/448/1095 1025/451/1095 1026/452/1095
f 1025/451/1096 1028/453/1096 1027/454/1096 1026/452/1096
f 1013/448/1097 1022/447/1097 1028/453/1097 1025/451/1097
f 1013/448/1098 1019/443/1098 1040/440/1098 1014/439/1098
f 1048/455/1099 1051/431/1099 1030/424/1099 1024/423/1099
f 1017/444/1100 1019/443/1101 1026/452/1102
f 1007/429/1103 1018/428/1103 1032/434/1103 1039/437/1103
f 1043/456/1104 1052/457/1104 1018/428/1104 1009/427/1104
f 1015/458/1105 1016/459/1105 1035/445/1105 1034/460/1105
f 1011/461/1106 1010/462/1106 1036/436/1106 1037/426/1106
f 1029/463/1107 1011/461/1107 1037/426/1107 1038/425/1107
f 1010/462/1108 1033/464/1108 1039/437/1108 1036/436/1108
f 1033/464/1109 1012/465/1110 1039/437/1110
f 1008/466/1111 1041/467/1111 1029/463/1111 1038/425/1111 1040/440/1111
f 1016/459/1112 1008/466/1112 1040/440/1112 1035/445/1112
f 1028/453/1113 1049/468/1113 1050/469/1113 1027/454/1113
f 1022/447/1114 1047/470/1114 1049/468/1114 1028/453/1114
f 1023/435/1115 1045/450/1115 1048/455/1115 1024/423/1115
f 1020/433/1116 1046/432/1116 1044/471/1116 1021/446/1116
f 1021/446/1117 1044/471/1117 1047/470/1117 1022/447/1117
f 1018/428/1118 1052/457/1118 1042/449/1118 1032/434/1118
f 1012/465/1119 1053/441/1119 1007/429/1119 1039/437/1119
f 1073/472/1120 1086/473/1120 1087/474/1120 1079/475/1120
f 1058/476/1121 1080/477/1121 1056/478/1121 1067/479/1121
f 1051/431/1122 1079/475/1122 1069/480/1122 1046/432/1122
f 1081/481/1123 1088/482/1123 1085/483/1123 1072/484/1123
f 1087/474/1124 1089/485/1124 1063/486/1124 1055/487/1124
f 1080/477/1125 1092/488/1125 1091/489/1125 1056/478/1125
f 1068/490/1126 1089/485/1127 1084/491/1127 1066/492/1126
f 1079/475/1128 1087/474/1128 1055/487/1128 1069/480/1128
f 1085/483/1129 1086/473/1129 1073/472/1129 1072/484/1129
f 1063/486/1130 1062/493/1130 1071/494/1130 1070/495/1130
f 1042/449/1131 1081/481/1131 1072/484/1131 1045/450/1131
f 1055/487/1132 1063/486/1132 1070/495/1132 1069/480/1132
f 1068/490/1133 1075/496/1133 1074/497/1133 1062/493/1133
f 1074/497/1134 1075/496/1134 1076/498/1134 1077/499/1134
f 1062/493/1135 1074/497/1135 1077/499/1135 1071/494/1135
f 1062/493/1136 1063/486/1136 1089/485/1136 1068/490/1136
f 1048/455/1137 1073/472/1137 1079/475/1137 1051/431/1137
f 1066/492/1138 1075/496/1139 1068/490/1140
f 1056/478/1141 1088/482/1141 1081/481/1141 1067/479/1141
f 1043/456/1142 1058/476/1142 1067/479/1142 1052/457/1142
f 1064/500/1143 1083/501/1143 1084/491/1143 1065/502/1143
f 1060/503/1144 1086/473/1144 1085/483/1144 1059/504/1144
f 1078/505/1145 1087/474/1145 1086/473/1145 1060/503/1145
f 1059/504/1146 1085/483/1146 1088/482/1146 1082/506/1146
f 1082/506/1147 1088/482/1148 1061/507/1148
f 1057/508/1149 1089/485/1149 1087/474/1149 1078/505/1149 1090/509/1149
f 1065/502/1150 1084/491/1150 1089/485/1150 1057/508/1150
f 1077/499/1151 1076/498/1151 1050/469/1151 1049/468/1151
f 1071/494/1152 1077/499/1152 1049/468/1152 1047/470/1152
f 1072/484/1153 1073/472/1153 1048/455/1153 1045/450/1153
f 1069/480/1154 1070/495/1154 1044/471/1154 1046/432/1154
f 1070/495/1155 1071/494/1155 1047/470/1155 1044/471/1155
f 1067/479/1156 1081/481/1156 1042/449/1156 1052/457/1156
f 1061/507/1157 1088/482/1157 1056/478/1157 1091/489/1157
f 1111/423/1158 1124/426/1158 1125/425/1158 1117/424/1158
f 1096/427/1159 1118/430/1159 1094/429/1159 1105/428/1159
f 1138/431/1160 1117/424/1160 1107/433/1160 1133/432/1160
f 1119/434/1161 1126/437/1161 1123/436/1161 1110/435/1161
f 1125/425/1162 1127/440/1162 1101/439/1162 1093/438/1162
f 1118/430/1163 1141/442/1163 1140/441/1163 1094/429/1163
f 1106/443/1164 1127/440/1165 1122/445/1166 1104/444/1167
f 1117/424/1168 1125/425/1168 1093/438/1168 1107/433/1168
f 1123/436/1169 1124/426/1169 1111/423/1169 1110/435/1169
f 1101/439/1170 1100/448/1170 1109/447/1170 1108/446/1170
f 1129/449/1171 1119/434/1171 1110/435/1171 1132/450/1171
f 1093/438/1172 1101/439/1172 1108/446/1172 1107/433/1172
f 1106/443/1173 1113/452/1173 1112/451/1173 1100/448/1173
f 1112/451/1174 1113/452/1174 1114/454/1174 1115/453/1174
f 1100/448/1175 1112/451/1175 1115/453/1175 1109/447/1175
f 1100/448/1176 1101/439/1176 1127/440/1176 1106/443/1176
f 1135/455/1177 1111/423/1177 1117/424/1177 1138/431/1177
f 1104/444/1178 1113/452/1179 1106/443/1180
f 1094/429/1181 1126/437/1181 1119/434/1181 1105/428/1181
f 1130/456/1182 1096/427/1182 1105/428/1182 1139/457/1182
f 1102/458/1183 1121/460/1183 1122/445/1183 1103/459/1183
f 1098/461/1184 1124/426/1184 1123/436/1184 1097/462/1184
f 1116/463/1185 1125/425/1185 1124/426/1185 1098/461/1185
f 1097/462/1186 1123/436/1186 1126/437/1186 1120/464/1186
f 1120/464/1187 1126/437/1188 1099/465/1189
f 1095/466/1190 1127/440/1190 1125/425/1190 1116/463/1190 1128/467/1190
f 1103/459/1191 1122/445/1191 1127/440/1191 1095/466/1191
f 1115/453/1192 1114/454/1192 1137/469/1192 1136/468/1192
f 1109/447/1193 1115/453/1193 1136/468/1193 1134/470/1193
f 1110/435/1194 1111/423/1194 1135/455/1194 1132/450/1194
f 1107/433/1195 1108/446/1195 1131/471/1195 1133/432/1195
f 1108/446/1196 1109/447/1196 1134/470/1196 1131/471/1196
f 1105/428/1197 1119/434/1197 1129/449/1197 1139/457/1197
f 1099/465/1198 1126/437/1198 1094/429/1198 1140/441/1198
f 1160/472/1199 1166/475/1199 1174/474/1199 1173/473/1199
f 1145/476/1200 1154/479/1200 1143/478/1200 1167/477/1200
f 1138/431/1201 1133/432/1201 1156/480/1201 1166/475/1201
f 1168/481/1202 1159/484/1202 1172/483/1202 1175/482/1202
f 1174/474/1203 1142/487/1203 1150/486/1203 1176/485/1203
f 1167/477/1204 1143/478/1204 1178/489/1204 1179/488/1204
f 1155/490/1205 1153/492/1206 1171/491/1207 1176/485/1208
f 1166/475/1209 1156/480/1209 1142/487/1209 1174/474/1209
f 1172/483/1210 1159/484/1210 1160/472/1210 1173/473/1210
f 1150/486/1211 1157/495/1211 1158/494/1211 1149/493/1211
f 1129/449/1212 1132/450/1212 1159/484/1212 1168/481/1212
f 1142/487/1213 1156/480/1213 1157/495/1213 1150/486/1213
f 1155/490/1214 1149/493/1214 1161/497/1214 1162/496/1214
f 1161/497/1215 1164/499/1215 1163/498/1215 1162/496/1215
f 1149/493/1216 1158/494/1216 1164/499/1216 1161/497/1216
f 1149/493/1217 1155/490/1217 1176/485/1217 1150/486/1217
f 1135/455/1218 1138/431/1218 1166/475/1218 1160/472/1218
f 1153/492/1219 1155/490/1220 1162/496/1221
f 1143/478/1222 1154/479/1222 1168/481/1222 1175/482/1222
f 1130/456/1223 1139/457/1223 1154/479/1223 1145/476/1223
f 1151/500/1224 1152/502/1224 1171/491/1224 1170/501/1224
f 1147/503/1225 1146/504/1225 1172/483/1225 1173/473/1225
f 1165/505/1226 1147/503/1226 1173/473/1226 1174/474/1226
f 1146/504/1227 1169/506/1227 1175/482/1227 1172/483/1227
f 1169/506/1228 1148/507/1229 1175/482/1230
f 1144/508/1231 1177/509/1231 1165/505/1231 1174/474/1231 1176/485/1231
f 1152/502/1232 1144/508/1232 1176/485/1232 1171/491/1232
f 1164/499/1233 1136/468/1233 1137/469/1233 1163/498/1233
f 1158/494/1234 1134/470/1234 1136/468/1234 1164/499/1234
f 1159/484/1235 1132/450/1235 1135/455/1235 1160/472/1235
f 1156/480/1236 1133/432/1236 1131/471/1236 1157/495/1236
f 1157/495/1237 1131/471/1237 1134/470/1237 1158/494/1237
f 1154/479/1238 1139/457/1238 1129/449/1238 1168/481/1238
f 1148/507/1239 1178/489/1239 1143/478/1239 1175/482/1239
f 1043/456/1240 1009/427/1240 1096/427/1240 1130/456/1240
f 1034/460/1241 1035/445/1241 1122/445/1241 1121/460/1241
f 1035/445/1242 1017/444/1243 1104/444/1244 1122/445/1245
f 1009/427/1246 1031/430/1246 1118/430/1246 1096/427/1246
f 1012/465/1247 1033/464/1248 1120/464/1249 1099/465/1250
f 1027/454/1251 1050/469/1251 1137/469/1251 1114/454/1251
f 1026/452/1252 1027/454/1252 1114/454/1252 1113/452/1252
f 1031/430/1253 1054/442/1253 1141/442/1253 1118/430/1253
f 1016/459/1254 1015/458/1254 1102/458/1254 1103/459/1254
f 1010/462/1255 1011/461/1255 1098/461/1255 1097/462/1255
f 1011/461/1256 1029/463/1256 1116/463/1256 1098/461/1256
f 1041/467/1257 1008/466/1257 1095/466/1257 1128/467/1257
f 1008/466/1258 1016/459/1258 1103/459/1258 1095/466/1258
f 1015/458/1259 1034/460/1259 1121/460/1259 1102/458/1259
f 1029/463/1260 1041/467/1260 1128/467/1260 1116/463/1260
f 1017/444/1261 1026/452/1262 1113/452/1263 1104/444/1264
f 1053/441/1265 1012/465/1265 1099/465/1265 1140/441/1265
f 1054/442/1266 1053/441/1266 1140/441/1266 1141/442/1266
f 1033/464/1267 1010/462/1267 1097/462/1267 1120/464/1267
f 1058/476/1268 1043/456/1268 1130/456/1268 1145/476/1268
f 1084/491/1269 1083/501/1269 1170/501/1269 1171/491/1269
f 1066/492/1270 1084/491/1271 1171/491/1272 1153/492/1273
f 1080/477/1274 1058/476/1274 1145/476/1274 1167/477/1274
f 1082/506/1275 1061/507/1276 1148/507/1277 1169/506/1278
f 1050/469/1279 1076/498/1279 1163/498/1279 1137/469/1279
f 1076/498/1280 1075/496/1280 1162/496/1280 1163/498/1280
f 1092/488/1281 1080/477/1281 1167/477/1281 1179/488/1281
f 1064/500/1282 1065/502/1282 1152/502/1282 1151/500/1282
f 1060/503/1283 1059/504/1283 1146/504/1283 1147/503/1283
f 1078/505/1284 1060/503/1284 1147/503/1284 1165/505/1284
f 1057/508/1285 1090/509/1285 1177/509/1285 1144/508/1285
f 1065/502/1286 1057/508/1286 1144/508/1286 1152/502/1286
f 1083/501/1287 1064/500/1287 1151/500/1287 1170/501/1287
f 1090/509/1288 1078/505/1288 1165/505/1288 1177/509/1288
f 1075/496/1289 1066/492/1290 1153/492/1291 1162/496/1292
f 1061/507/1293 1091/489/1293 1178/489/1293 1148/507/1293
f 1091/489/1294 1092/488/1294 1179/488/1294 1178/489/1294
f 1059/504/1295 1082/506/1295 1169/506/1295 1146/504/1295
o Belt
v 0.098273 0.792969 -0.086044
v 0.142825 0.792656 -0.018286
v 0.091903 0.794327 0.091509
v 0.000000 0.793661 -0.124784
v 0.000000 0.794460 0.109868
v 0.059538 0.793427 -0.115860
v 0.054543 0.794634 0.103613
v 0.126218 0.793400 0.049213
v 0.120113 0.792500 -0.065883
v 0.000000 0.844974 -0.126092
v 0.100131 0.844298 -0.092736
v 0.150130 0.843912 -0.025574
v 0.103480 0.845454 0.083794
v 0.000000 0.845773 0.110136
v 0.055507 0.845955 0.099016
v 0.058614 0.844749 -0.118826
v 0.133575 0.844634 0.038645
v 0.127884 0.843803 -0.069161
v 0.092131 0.794059 -0.078228
v 0.132955 0.794059 -0.017504
v 0.086501 0.794059 0.083098
v 0.000000 0.794059 -0.114882
v 0.000000 0.794059 0.100004
v 0.055846 0.794059 -0.106588
v 0.052285 0.794059 0.093888
v 0.117319 0.794059 0.044700
v 0.112346 0.794059 -0.059780
v 0.000000 0.845372 -0.116189
v 0.094013 0.845372 -0.084898
v 0.140322 0.845372 -0.024287
v 0.097270 0.845372 0.075956
v 0.000000 0.845372 0.100272
v 0.053216 0.845372 0.089299
v 0.055021 0.845372 -0.109515
v 0.124447 0.845372 0.034630
v 0.120059 0.845372 -0.063135
v -0.098273 0.792969 -0.086044
v -0.142825 0.792656 -0.018286
v -0.091903 0.794327 0.091509
v -0.059538 0.793427 -0.115860
v -0.054543 0.794634 0.103613
v -0.126218 0.793400 0.049213
v -0.120113 0.792500 -0.065883
v -0.100131 0.844298 -0.092736
v -0.150130 0.843912 -0.025574
v -0.103480 0.845454 0.083794
v -0.055507 0.845955 0.099016
v -0.058614 0.844749 -0.118826
v -0.133575 0.844634 0.038645
v -0.127884 0.843803 -0.069161
v -0.092131 0.794059 -0.078228
v -0.132955 0.794059 -0.017504
v -0.086501 0.794059 0.083098
v -0.055846 0.794059 -0.106588
v -0.052285 0.794059 0.093888
v -0.117319 0.794059 0.044700
v -0.112346 0.794059 -0.059780
v -0.094013 0.845372 -0.084898
v -0.140322 0.845372 -0.024287
v -0.097270 0.845372 0.075956
v -0.053216 0.845372 0.089299
v -0.055021 0.845372 -0.109515
v -0.124447 0.845372 0.034630
v -0.120059 0.845372 -0.063135
vn 0.8833 -0.1747 -0.4350
vn 0.8040 -0.0428 0.5931
vn 0.1355 -0.0400 -0.9900
vn 0.3047 0.0768 0.9493
vn 0.1557 0.0402 0.9870
vn 0.9651 -0.0955 0.2440
vn 0.6540 -0.1337 -0.7446
vn 0.5691 -0.0822 -0.8182
vn -0.8796 0.1730 0.4432
vn -0.8079 0.0423 -0.5877
vn -0.1337 0.0398 0.9902
vn -0.2938 -0.0754 -0.9529
vn -0.1598 -0.0401 -0.9863
vn -0.9634 0.0949 -0.2506
vn -0.6501 0.1339 0.7479
vn -0.5736 0.0821 0.8150
vn -1.0000 -0.0000 -0.0000
vn -0.0098 -0.9986 0.0518
vn -0.0961 -0.9911 0.0926
vn -0.1052 -0.9942 -0.0205
vn 0.0093 -0.9991 0.0425
vn -0.1391 -0.9879 0.0687
vn -0.0581 -0.9961 0.0670
vn 0.0073 -0.9988 0.0489
vn -0.0218 -0.9997 -0.0061
vn 0.1393 0.9875 -0.0731
vn 0.0331 0.9994 0.0124
vn 0.0083 0.9986 -0.0515
vn -0.0055 0.9994 -0.0353
vn -0.0116 0.9987 -0.0489
vn 0.1119 0.9934 0.0236
vn 0.0911 0.9911 -0.0973
vn 0.0499 0.9963 -0.0703
vn -0.8833 -0.1747 -0.4350
vn -0.8040 -0.0428 0.5931
vn -0.1355 -0.0400 -0.9900
vn -0.3047 0.0768 0.9493
vn -0.1557 0.0402 0.9870
vn -0.9651 -0.0955 0.2440
vn -0.6540 -0.1337 -0.7446
vn -0.5691 -0.0822 -0.8182
vn 0.8796 0.1730 0.4432
vn 0.8079 0.0423 -0.5877
vn 0.1337 0.0398 0.9902
vn 0.2938 -0.0754 -0.9529
vn 0.1598 -0.0401 -0.9863
vn 0.9634 0.0949 -0.2506
vn 0.6501 0.1339 0.7479
vn 0.5736 0.0821 0.8150
vn 0.0098 -0.9986 0.0518
vn 0.0961 -0.9911 0.0926
vn 0.1052 -0.9942 -0.0205
vn -0.0093 -0.9991 0.0425
vn 0.1391 -0.9879 0.0687
vn 0.0581 -0.9961 0.0670
vn -0.0073 -0.9988 0.0489
vn 0.0218 -0.9997 -0.0061
vn -0.1393 0.9875 -0.0731
vn -0.0331 0.9994 0.0124
vn -0.0083 0.9986 -0.0515
vn 0.0055 0.9994 -0.0353
vn 0.0116 0.9987 -0.0489
vn -0.1119 0.9934 0.0236
vn -0.0911 0.9911 -0.0973
vn -0.0499 0.9963 -0.0703
vt 0.598751 0.408117
vt 0.600990 0.407794
vt 0.601002 0.406824
vt 0.598764 0.407127
vt 0.598792 0.407851
vt 0.601028 0.407546
vt 0.601055 0.408858
vt 0.598822 0.409348
vt 0.598765 0.413355
vt 0.601003 0.413370
vt 0.601011 0.410815
vt 0.598773 0.410759
vt 0.601062 0.410950
vt 0.598824 0.410977
vt 0.601038 0.413371
vt 0.598800 0.413355
vt 0.598765 0.409070
vt 0.601003 0.409004
vt 0.598817 0.408456
vt 0.598823 0.407558
vt 0.601062 0.407252
vt 0.601056 0.408136
vt 0.598818 0.408240
vt 0.598809 0.409583
vt 0.601049 0.409129
vt 0.601058 0.407944
vt 0.598783 0.413355
vt 0.598800 0.410920
vt 0.601037 0.410971
vt 0.601020 0.413370
vt 0.598798 0.411075
vt 0.601036 0.411050
vt 0.598810 0.409338
vt 0.601048 0.409271
s 0
usemtl Palette
f 1188/510/1296 1197/511/1296 1191/512/1296 1181/513/1296
f 1187/514/1297 1196/515/1297 1192/516/1297 1182/517/1297
f 1183/518/1298 1189/519/1298 1195/520/1298 1185/521/1298
f 1182/517/1299 1192/516/1299 1194/522/1299 1186/523/1299
f 1186/523/1300 1194/522/1300 1193/524/1300 1184/525/1300
f 1181/513/1301 1191/512/1301 1196/515/1301 1187/514/1301
f 1180/526/1302 1190/527/1302 1197/511/1302 1188/510/1302
f 1185/521/1303 1195/520/1303 1190/527/1303 1180/526/1303
f 1206/528/1304 1199/529/1304 1209/530/1304 1215/531/1304
f 1205/532/1305 1200/533/1305 1210/534/1305 1214/535/1305
f 1201/536/1306 1203/537/1306 1213/538/1306 1207/539/1306
f 1200/533/1307 1204/540/1307 1212/541/1307 1210/534/1307
f 1204/540/1308 1202/536/1308 1211/539/1308 1212/541/1308
f 1199/529/1309 1205/532/1309 1214/535/1309 1209/530/1309
f 1198/542/1310 1206/528/1310 1215/531/1310 1208/543/1310
f 1203/537/1311 1198/542/1311 1208/543/1311 1213/538/1311
f 1189/519/1312 1183/518/1312 1201/536/1312 1207/539/1312
f 1183/518/1313 1185/521/1313 1203/537/1313 1201/536/1313
f 1180/526/1314 1188/510/1314 1206/528/1314 1198/542/1314
f 1181/513/1315 1187/514/1315 1205/532/1315 1199/529/1315
f 1182/517/1316 1186/523/1316 1204/540/1316 1200/533/1316
f 1188/510/1317 1181/513/1317 1199/529/1317 1206/528/1317
f 1185/521/1318 1180/526/1318 1198/542/1318 1203/537/1318
f 1186/523/1319 1184/525/1319 1202/536/1319 1204/540/1319
f 1187/514/1320 1182/517/1320 1200/533/1320 1205/532/1320
f 1184/525/1312 1193/524/1312 1211/539/1312 1202/536/1312
f 1191/512/1321 1197/511/1321 1215/531/1321 1209/530/1321
f 1192/516/1322 1196/515/1322 1214/535/1322 1210/534/1322
f 1195/520/1323 1189/519/1323 1207/539/1323 1213/538/1323
f 1194/522/1324 1192/516/1324 1210/534/1324 1212/541/1324
f 1193/524/1325 1194/522/1325 1212/541/1325 1211/539/1325
f 1196/515/1326 1191/512/1326 1209/530/1326 1214/535/1326
f 1197/511/1327 1190/527/1327 1208/543/1327 1215/531/1327
f 1190/527/1328 1195/520/1328 1213/538/1328 1208/543/1328
f 1222/510/1329 1217/513/1329 1224/512/1329 1229/511/1329
f 1221/514/1330 1218/517/1330 1225/516/1330 1228/515/1330
f 1183/518/1331 1219/521/1331 1227/520/1331 1189/519/1331
f 1218/517/1332 1220/523/1332 1226/522/1332 1225/516/1332
f 1220/523/1333 1184/525/1333 1193/524/1333 1226/522/1333
f 1217/513/1334 1221/514/1334 1228/515/1334 1224/512/1334
f 1216/526/1335 1222/510/1335 1229/511/1335 1223/527/1335
f 1219/521/1336 1216/526/1336 1223/527/1336 1227/520/1336
f 1236/528/1337 1243/531/1337 1238/530/1337 1231/529/1337
f 1235/532/1338 1242/535/1338 1239/534/1338 1232/533/1338
f 1201/536/1339 1207/539/1339 1241/538/1339 1233/537/1339
f 1232/533/1340 1239/534/1340 1240/541/1340 1234/540/1340
f 1234/540/1341 1240/541/1341 1211/539/1341 1202/536/1341
f 1231/529/1342 1238/530/1342 1242/535/1342 1235/532/1342
f 1230/542/1343 1237/543/1343 1243/531/1343 1236/528/1343
f 1233/537/1344 1241/538/1344 1237/543/1344 1230/542/1344
f 1183/518/1345 1201/536/1345 1233/537/1345 1219/521/1345
f 1216/526/1346 1230/542/1346 1236/528/1346 1222/510/1346
f 1217/513/1347 1231/529/1347 1235/532/1347 1221/514/1347
f 1218/517/1348 1232/533/1348 1234/540/1348 1220/523/1348
f 1222/510/1349 1236/528/1349 1231/529/1349 1217/513/1349
f 1219/521/1350 1233/537/1350 1230/542/1350 1216/526/1350
f 1220/523/1351 1234/540/1351 1202/536/1351 1184/525/1351
f 1221/514/1352 1235/532/1352 1232/533/1352 1218/517/1352
f 1224/512/1353 1238/530/1353 1243/531/1353 1229/511/1353
f 1225/516/1354 1239/534/1354 1242/535/1354 1228/515/1354
f 1227/520/1355 1241/538/1355 1207/539/1355 1189/519/1355
f 1226/522/1356 1240/541/1356 1239/534/1356 1225/516/1356
f 1193/524/1357 1211/539/1357 1240/541/1357 1226/522/1357
f 1228/515/1358 1242/535/1358 1238/530/1358 1224/512/1358
f 1229/511/1359 1243/531/1359 1237/543/1359 1223/527/1359
f 1223/527/1360 1237/543/1360 1241/538/1360 1227/520/1360
o BeltBuckle
v -0.029211 0.817248 0.103426
v -0.029211 0.828285 0.103426
v 0.029211 0.793555 0.110440
v 0.029211 0.851977 0.110440
v -0.021435 0.801331 0.110440
v -0.021435 0.844202 0.110440
v 0.021435 0.844202 0.110440
v 0.021435 0.801331 0.110440
v -0.029211 0.793555 0.092028
v -0.029211 0.851977 0.092028
v 0.029211 0.793555 0.092028
v 0.029211 0.851977 0.092028
v -0.029211 0.793555 0.110440
v -0.029211 0.851977 0.110440
v -0.029211 0.817248 0.099042
v -0.029211 0.828285 0.099042
v 0.024921 0.817248 0.110751
v 0.024921 0.828285 0.110751
v 0.024921 0.817248 0.115135
v 0.024921 0.828285 0.115135
v -0.029211 0.822766 0.099042
v -0.029211 0.822766 0.103426
v 0.029205 0.822766 0.111683
v 0.029205 0.822766 0.116067
vn -0.0000 -0.0000 1.0000
vn -0.0000 1.0000 -0.0000
vn 1.0000 -0.0000 -0.0000
vn -0.0000 -1.0000 -0.0000
vn -1.0000 -0.0000 -0.0000
vn -0.7899 -0.6132 -0.0000
vn 0.2115 -0.0004 -0.9774
vn -0.2115 -0.0004 0.9774
vn -0.2115 0.0004 0.9774
vn 0.2115 0.0004 -0.9774
vn -0.7899 0.6132 -0.0000
vt 0.648081 0.224697
vt 0.728941 0.256955
vt 0.746287 0.298553
vt 0.644942 0.238453
vt 0.721991 0.144645
vt 0.716741 0.127627
vt 0.651650 0.116336
vt 0.642693 0.078001
vt 0.578241 0.291531
vt 0.556175 0.052150
vt 0.809612 0.395259
vt 0.809612 0.090287
vt 0.637279 0.000273
vt 0.645817 0.026926
vt 0.648187 0.022141
vt 0.648052 0.023017
vt 0.664219 0.036094
vt 0.680994 0.051075
vt 0.699195 0.050560
vt 0.647700 0.022899
vt 0.648574 0.021842
vt 0.672813 0.053474
vt 0.650827 0.023674
vt 0.648603 0.024113
s 0
usemtl Palette
f 1250/544/1361 1251/545/1361 1246/546/1361 1247/547/1361
f 1251/545/1361 1248/548/1361 1256/549/1361 1246/546/1361
f 1249/550/1361 1250/544/1361 1247/547/1361 1257/551/1361
f 1257/551/1362 1247/547/1362 1255/552/1362 1253/553/1362
f 1247/547/1363 1246/546/1363 1254/554/1363 1255/552/1363
f 1246/546/1364 1256/549/1364 1252/555/1364 1254/554/1364
f 1245/556/1364 1259/557/1364 1261/558/1364 1263/559/1364
f 1248/548/1361 1249/550/1361 1257/551/1361 1256/549/1361
f 1245/556/1365 1265/560/1365 1244/561/1365 1256/549/1365 1257/551/1365
f 1259/557/1365 1245/556/1365 1257/551/1365 1253/553/1365
f 1244/561/1365 1258/562/1365 1252/555/1365 1256/549/1365
f 1267/563/1366 1263/559/1366 1261/558/1366 1266/564/1366
f 1265/560/1367 1245/556/1367 1263/559/1367 1267/563/1367
f 1264/565/1368 1258/562/1368 1260/566/1368 1266/564/1368
f 1258/562/1362 1244/561/1362 1262/567/1362 1260/566/1362
f 1259/557/1369 1264/565/1369 1266/564/1369 1261/558/1369
f 1244/561/1370 1265/560/1370 1267/563/1370 1262/567/1370
f 1262/567/1371 1267/563/1371 1266/564/1371 1260/566/1371
f 1258/562/1365 1264/565/1365 1259/557/1365 1253/553/1365 1252/555/1365
o Trousers
v 0.095494 0.798096 -0.081658
v 0.135280 0.797967 -0.017625
v 0.087514 0.796174 0.084006
v 0.031261 0.601472 -0.133216
v 0.028573 0.598483 0.051329
v 0.073386 0.672337 -0.148486
v 0.060150 0.678909 0.085434
v 0.011593 0.579787 0.002835
v 0.128736 0.678773 0.059461
v 0.159145 0.714885 -0.009704
v 0.137462 0.689605 -0.084936
v 0.032434 0.580035 0.045301
v 0.088633 0.634843 0.085926
v 0.034954 0.589000 -0.113315
v 0.013939 0.559279 -0.015685
v 0.096336 0.640739 -0.128313
v 0.190285 0.254214 -0.107083
v 0.149763 0.254298 -0.125246
v 0.157820 0.090809 -0.125073
v 0.136575 0.336771 -0.102329
v 0.184186 0.092808 -0.111454
v 0.187340 0.339795 -0.089107
v 0.195487 0.095621 -0.078573
v 0.206130 0.339103 -0.032121
v 0.190633 0.097580 -0.050274
v 0.185953 0.336180 0.023603
v 0.160760 0.098358 -0.029585
v 0.136382 0.331804 0.047073
v 0.133949 0.097013 -0.043276
v 0.087116 0.329065 0.023069
v 0.122694 0.094476 -0.076354
v 0.067413 0.328641 -0.032724
v 0.132087 0.092040 -0.110038
v 0.086293 0.332166 -0.089233
v 0.203829 0.253848 -0.054943
v 0.188224 0.253034 -0.015917
v 0.146453 0.252049 0.002547
v 0.104752 0.252245 -0.016140
v 0.091016 0.252964 -0.055632
v 0.107752 0.253640 -0.107532
v 0.181193 0.154717 -0.110906
v 0.192725 0.154044 -0.073576
v 0.181206 0.154140 -0.036189
v 0.152418 0.154889 -0.020334
v 0.123712 0.156016 -0.036259
v 0.112189 0.156795 -0.073531
v 0.152263 0.155261 -0.126812
v 0.123623 0.156711 -0.110855
v 0.087217 0.293392 -0.045946
v 0.100317 0.293757 0.002658
v 0.139438 0.293305 0.023046
v 0.179400 0.295314 0.003534
v 0.196062 0.298199 -0.043594
v 0.127227 0.395481 -0.122547
v 0.192457 0.400709 -0.097235
v 0.216506 0.400516 -0.029316
v 0.197024 0.393364 0.047918
v 0.120879 0.382162 0.084802
v 0.056460 0.382160 0.045943
v 0.032457 0.382030 -0.021495
v 0.067281 0.390816 -0.093432
v 0.132000 0.473658 -0.121185
v 0.192084 0.478638 -0.087092
v 0.216200 0.480085 -0.014607
v 0.188527 0.478616 0.056919
v 0.126806 0.474368 0.083511
v 0.049622 0.472575 0.051674
v 0.025724 0.470217 -0.021337
v 0.053646 0.472036 -0.092739
v 0.115728 0.537909 -0.106264
v 0.175952 0.547902 -0.077334
v 0.199143 0.552130 -0.012355
v 0.171887 0.548746 0.051347
v 0.109993 0.539123 0.076879
v 0.045991 0.531136 0.047336
v 0.021198 0.526439 -0.018068
v 0.050216 0.530376 -0.081656
v 0.000000 0.798114 -0.119681
v -0.000000 0.796033 0.104959
v 0.000000 0.609302 -0.138435
v -0.000000 0.599321 0.058717
v 0.000000 0.680457 -0.152198
v -0.000000 0.677845 0.086159
v 0.000000 0.581177 0.002225
v 0.057208 0.798206 -0.111159
v 0.053096 0.796140 0.098789
v 0.030225 0.678107 0.086814
v 0.015252 0.601731 0.056681
v 0.036360 0.676402 -0.150949
v 0.015207 0.605011 -0.135455
v 0.006736 0.579968 0.002293
v 0.121036 0.797585 0.046750
v 0.116663 0.797963 -0.061969
v -0.095494 0.798096 -0.081658
v -0.135280 0.797967 -0.017625
v -0.087514 0.796174 0.084006
v -0.031261 0.601472 -0.133216
v -0.028573 0.598483 0.051329
v -0.073386 0.672337 -0.148486
v -0.060150 0.678909 0.085434
v -0.011593 0.579787 0.002835
v -0.128736 0.678773 0.059461
v -0.159145 0.714885 -0.009704
v -0.137462 0.689605 -0.084936
v -0.032434 0.580035 0.045301
v -0.088633 0.634843 0.085926
v -0.034954 0.589000 -0.113315
v -0.013939 0.559279 -0.015685
v -0.096336 0.640739 -0.128313
v -0.190285 0.254214 -0.107083
v -0.149763 0.254298 -0.125246
v -0.157820 0.090809 -0.125073
v -0.136575 0.336771 -0.102329
v -0.184186 0.092808 -0.111454
v -0.187340 0.339795 -0.089107
v -0.195487 0.095621 -0.078573
v -0.206130 0.339103 -0.032121
v -0.190633 0.097580 -0.050274
v -0.185953 0.336180 0.023603
v -0.160760 0.098358 -0.029585
v -0.136382 0.331804 0.047073
v -0.133949 0.097013 -0.043276
v -0.087116 0.329065 0.023069
v -0.122694 0.094476 -0.076354
v -0.067413 0.328641 -0.032724
v -0.132087 0.092040 -0.110038
v -0.086293 0.332166 -0.089233
v -0.203829 0.253848 -0.054943
v -0.188224 0.253034 -0.015917
v -0.146453 0.252049 0.002547
v -0.104752 0.252245 -0.016140
v -0.091016 0.252964 -0.055632
v -0.107752 0.253640 -0.107532
v -0.181193 0.154717 -0.110906
v -0.192725 0.154044 -0.073576
v -0.181206 0.154140 -0.036189
v -0.152418 0.154889 -0.020334
v -0.123712 0.156016 -0.036259
v -0.112189 0.156795 -0.073531
v -0.152263 0.155261 -0.126812
v -0.123623 0.156711 -0.110855
v -0.087217 0.293392 -0.045946
v -0.100317 0.293757 0.002658
v -0.139438 0.293305 0.023046
v -0.179400 0.295314 0.003534
v -0.196062 0.298199 -0.043594
v -0.127227 0.395481 -0.122547
v -0.192457 0.400709 -0.097235
v -0.216506 0.400516 -0.029316
v -0.197024 0.393364 0.047918
v -0.120879 0.382162 0.084802
v -0.056460 0.382160 0.045943
v -0.032457 0.382030 -0.021495
v -0.067281 0.390816 -0.093432
v -0.132000 0.473658 -0.121185
v -0.192084 0.478638 -0.087092
v -0.216200 0.480085 -0.014607
v -0.188527 0.478616 0.056919
v -0.126806 0.474368 0.083511
v -0.049622 0.472575 0.051674
v -0.025724 0.470217 -0.021337
v -0.053646 0.472036 -0.092739
v -0.115728 0.537909 -0.106264
v -0.175952 0.547902 -0.077334
v -0.199143 0.552130 -0.012355
v -0.171887 0.548746 0.051347
v -0.109993 0.539123 0.076879
v -0.045991 0.531136 0.047336
v -0.021198 0.526439 -0.018068
v -0.050216 0.530376 -0.081656
v -0.057208 0.798206 -0.111159
v -0.053096 0.796140 0.098789
v -0.030225 0.678107 0.086814
v -0.015252 0.601731 0.056681
v -0.036360 0.676402 -0.150949
v -0.015207 0.605011 -0.135455
v -0.006736 0.579968 0.002293
v -0.121036 0.797585 0.046750
v -0.116663 0.797963 -0.061969
v 0.092131 0.796709 -0.078228
v 0.130422 0.796789 -0.017508
v 0.084763 0.796042 0.079834
v 0.031310 0.604650 -0.129357
v 0.030078 0.601191 0.047404
v 0.071205 0.672232 -0.143988
v 0.059301 0.679649 0.080562
v 0.014581 0.583671 0.001843
v 0.125354 0.678143 0.055833
v 0.154293 0.713698 -0.009921
v 0.133551 0.688591 -0.081990
v 0.035883 0.581468 0.041976
v 0.088378 0.635273 0.080951
v 0.037773 0.591166 -0.109800
v 0.018690 0.560836 -0.015648
v 0.094046 0.641378 -0.123915
v 0.186512 0.253748 -0.103835
v 0.149709 0.253748 -0.120277
v 0.157769 0.090934 -0.120075
v 0.136600 0.336849 -0.097329
v 0.180382 0.092590 -0.108217
v 0.183621 0.340012 -0.085772
v 0.190507 0.095310 -0.078242
v 0.201248 0.340183 -0.032142
v 0.186342 0.097573 -0.052841
v 0.182351 0.338089 0.020709
v 0.160362 0.099156 -0.034505
v 0.136138 0.334560 0.042909
v 0.137749 0.098030 -0.046363
v 0.090130 0.331991 0.020358
v 0.127624 0.095310 -0.076337
v 0.071776 0.331079 -0.032554
v 0.135916 0.092590 -0.106869
v 0.089773 0.333360 -0.085848
v 0.198833 0.253748 -0.055135
v 0.184402 0.253748 -0.019062
v 0.146385 0.253748 -0.002155
v 0.108491 0.253748 -0.019099
v 0.095954 0.253748 -0.055583
v 0.111369 0.253748 -0.104081
v 0.177384 0.154682 -0.107668
v 0.187727 0.154158 -0.073517
v 0.177384 0.154682 -0.039367
v 0.152414 0.155945 -0.025221
v 0.127443 0.157209 -0.039367
v 0.117100 0.157733 -0.073517
v 0.152341 0.155350 -0.121813
v 0.127443 0.157209 -0.107668
v 0.091995 0.294862 -0.045977
v 0.103657 0.296132 -0.000208
v 0.139406 0.295756 0.018688
v 0.175868 0.296850 0.000346
v 0.191075 0.298399 -0.043907
v 0.127302 0.396044 -0.117579
v 0.188874 0.401005 -0.093761
v 0.211523 0.400884 -0.029145
v 0.193250 0.394276 0.044767
v 0.121067 0.383665 0.080037
v 0.060038 0.383802 0.042861
v 0.037213 0.383567 -0.021354
v 0.070656 0.391822 -0.089883
v 0.131667 0.473051 -0.116233
v 0.188351 0.477814 -0.083870
v 0.211249 0.479395 -0.014713
v 0.184926 0.478114 0.053487
v 0.126685 0.474165 0.078517
v 0.053292 0.472774 0.048284
v 0.030707 0.470574 -0.021121
v 0.057105 0.472018 -0.089129
v 0.115055 0.537747 -0.101312
v 0.172157 0.546851 -0.074253
v 0.194305 0.550886 -0.012564
v 0.168406 0.547810 0.047882
v 0.110066 0.538989 0.071881
v 0.049591 0.531714 0.043915
v 0.026122 0.527306 -0.018008
v 0.053637 0.531200 -0.078104
v 0.000000 0.796709 -0.114882
v 0.000000 0.796709 0.100004
v 0.000000 0.612473 -0.134570
v 0.000000 0.602891 0.055216
v 0.000000 0.680166 -0.147207
v 0.000000 0.679067 0.081310
v 0.000000 0.586162 0.001843
v 0.055846 0.796709 -0.106588
v 0.052285 0.796709 0.093888
v 0.029650 0.679358 0.082007
v 0.015039 0.605113 0.053005
v 0.035603 0.676199 -0.146011
v 0.015655 0.608562 -0.131963
v 0.007291 0.584917 0.001843
v 0.116658 0.796759 0.044480
v 0.112346 0.796709 -0.059780
v -0.092131 0.796709 -0.078228
v -0.130422 0.796789 -0.017508
v -0.084763 0.796042 0.079834
v -0.031310 0.604650 -0.129357
v -0.030078 0.601191 0.047404
v -0.071205 0.672232 -0.143988
v -0.059301 0.679649 0.080562
v -0.014581 0.583671 0.001843
v -0.125354 0.678143 0.055833
v -0.154293 0.713698 -0.009921
v -0.133551 0.688591 -0.081990
v -0.035883 0.581468 0.041976
v -0.088378 0.635273 0.080951
v -0.037773 0.591166 -0.109800
v -0.018690 0.560836 -0.015648
v -0.094046 0.641378 -0.123915
v -0.186512 0.253748 -0.103835
v -0.149709 0.253748 -0.120277
v -0.157769 0.090934 -0.120075
v -0.136600 0.336849 -0.097329
v -0.180382 0.092590 -0.108217
v -0.183621 0.340012 -0.085772
v -0.190507 0.095310 -0.078242
v -0.201248 0.340183 -0.032142
v -0.186342 0.097573 -0.052841
v -0.182351 0.338089 0.020709
v -0.160362 0.099156 -0.034505
v -0.136138 0.334560 0.042909
v -0.137749 0.098030 -0.046363
v -0.090130 0.331991 0.020358
v -0.127624 0.095310 -0.076337
v -0.071776 0.331079 -0.032554
v -0.135916 0.092590 -0.106869
v -0.089773 0.333360 -0.085848
v -0.198833 0.253748 -0.055135
v -0.184402 0.253748 -0.019062
v -0.146385 0.253748 -0.002155
v -0.108491 0.253748 -0.019099
v -0.095954 0.253748 -0.055583
v -0.111369 0.253748 -0.104081
v -0.177384 0.154682 -0.107668
v -0.187727 0.154158 -0.073517
v -0.177384 0.154682 -0.039367
v -0.152414 0.155945 -0.025221
v -0.127443 0.157209 -0.039367
v -0.117100 0.157733 -0.073517
v -0.152341 0.155350 -0.121813
v -0.127443 0.157209 -0.107668
v -0.091995 0.294862 -0.045977
v -0.103657 0.296132 -0.000208
v -0.139406 0.295756 0.018688
v -0.175868 0.296850 0.000346
v -0.191075 0.298399 -0.043907
v -0.127302 0.396044 -0.117579
v -0.188874 0.401005 -0.093761
v -0.211523 0.400884 -0.029145
v -0.193250 0.394276 0.044767
v -0.121067 0.383665 0.080037
v -0.060038 0.383802 0.042861
v -0.037213 0.383567 -0.021354
v -0.070656 0.391822 -0.089883
v -0.131667 0.473051 -0.116233
v -0.188351 0.477814 -0.083870
v -0.211249 0.479395 -0.014713
v -0.184926 0.478114 0.053487
v -0.126685 0.474165 0.078517
v -0.053292 0.472774 0.048284
v -0.030707 0.470574 -0.021121
v -0.057105 0.472018 -0.089129
v -0.115055 0.537747 -0.101312
v -0.172157 0.546851 -0.074253
v -0.194305 0.550886 -0.012564
v -0.168406 0.547810 0.047882
v -0.110066 0.538989 0.071881
v -0.049591 0.531714 0.043915
v -0.026122 0.527306 -0.018008
v -0.053637 0.531200 -0.078104
v -0.055846 0.796709 -0.106588
v -0.052285 0.796709 0.093888
v -0.029650 0.679358 0.082007
v -0.015039 0.605113 0.053005
v -0.035603 0.676199 -0.146011
v -0.015655 0.608562 -0.131963
v -0.007291 0.584917 0.001843
v -0.116658 0.796759 0.044480
v -0.112346 0.796709 -0.059780
vn 0.0491 -0.3521 0.9347
vn 0.0526 -0.2334 -0.9710
vn 0.3862 0.3075 -0.8697
vn 0.0660 -0.1352 0.9886
vn 0.0810 -0.9398 0.3320
vn -0.2139 -0.9583 -0.1895
vn 0.8656 0.2501 -0.4339
vn 0.8758 0.1641 0.4539
vn -0.3565 -0.2638 0.8962
vn 0.3541 0.0136 0.9351
vn -0.9606 -0.1846 -0.2078
vn -0.8263 -0.3886 0.4078
vn 0.3604 -0.4988 -0.7882
vn 0.6572 0.2175 -0.7217
vn 0.5248 -0.0922 0.8462
vn 0.9605 -0.0669 -0.2700
vn 0.9853 0.0824 -0.1493
vn 0.9830 0.0126 -0.1830
vn 0.9852 0.0810 -0.1510
vn 0.9688 0.0629 0.2395
vn 0.9322 -0.1495 0.3295
vn 0.9562 -0.1077 -0.2722
vn 0.9564 -0.1094 -0.2708
vn 0.9564 -0.1095 -0.2708
vn -0.9337 -0.1845 0.3069
vn 0.4294 -0.1963 0.8815
vn 0.9029 -0.3017 0.3063
vn -0.9517 -0.1378 -0.2743
vn -0.4311 -0.2484 0.8674
vn 0.4113 -0.4565 0.7890
vn -0.4966 -0.0710 -0.8651
vn -0.9209 -0.2510 0.2981
vn -0.3672 -0.5378 0.7589
vn 0.4704 0.0235 -0.8821
vn -0.9428 -0.1480 -0.2987
vn -0.8204 -0.5085 0.2616
vn 0.3217 -0.2075 -0.9238
vn -0.4303 -0.0178 -0.9025
vn -0.8712 -0.3747 -0.3173
vn -0.8712 -0.3743 -0.3176
vn -0.4610 -0.1960 0.8655
vn 0.4404 0.0097 -0.8977
vn 0.9487 0.0597 -0.3104
vn -0.9387 -0.1935 0.2852
vn -0.3941 -0.4381 0.8079
vn 0.4077 -0.3299 0.8514
vn 0.9344 0.0537 0.3522
vn 0.9443 0.0553 -0.3244
vn 0.9373 -0.2295 0.2622
vn -0.8398 -0.3802 -0.3876
vn 0.4327 -0.4371 0.7885
vn -0.3249 -0.2673 -0.9072
vn -0.3805 -0.5879 0.7138
vn 0.9373 -0.1327 -0.3224
vn -0.7756 -0.5668 0.2776
vn -0.3504 0.1401 -0.9261
vn -0.9079 -0.1071 -0.4053
vn -0.4463 -0.0240 0.8946
vn 0.9531 0.0074 0.3026
vn 0.4241 0.0547 -0.9040
vn -0.3839 -0.0094 -0.9233
vn -0.9428 -0.0823 0.3230
vn 0.4211 -0.0333 0.9064
vn 0.9119 0.2296 -0.3402
vn -0.9404 -0.0637 0.3341
vn 0.3661 0.1735 0.9143
vn 0.9143 0.2423 -0.3246
vn -0.9210 -0.0152 -0.3892
vn -0.3995 0.0153 0.9166
vn 0.9005 0.2222 0.3738
vn 0.4219 0.2628 -0.8677
vn 0.8660 0.2296 0.4441
vn 0.4306 0.0546 0.9009
vn -0.4393 -0.1490 0.8859
vn -0.9050 -0.2320 0.3567
vn -0.8813 -0.3264 -0.3417
vn -0.1327 -0.3384 -0.9316
vn 0.5671 0.0345 -0.8229
vn -0.1488 -0.9721 -0.1812
vn -0.0731 -0.9218 0.3806
vn 0.2437 -0.0953 0.9652
vn 0.1114 0.2784 -0.9540
vn 0.0466 -0.2075 -0.9771
vn 0.1181 -0.4063 0.9061
vn -0.9349 -0.2706 -0.2297
vn -0.9612 -0.1586 -0.2256
vn -0.9353 -0.2650 -0.2346
vn 0.9458 0.2203 -0.2384
vn -0.3130 0.1926 -0.9300
vn -0.3445 0.1356 -0.9289
vn -0.3432 0.1392 -0.9289
vn -0.3109 0.1945 -0.9303
vn -0.9475 0.0041 -0.3196
vn -0.9477 0.0044 -0.3191
vn 0.3187 0.2569 -0.9124
vn 0.3260 0.2491 -0.9120
vn 0.3277 0.2486 -0.9115
vn 0.3178 0.2560 -0.9129
vn -0.0491 -0.3521 0.9347
vn -0.0526 -0.2334 -0.9710
vn -0.3862 0.3075 -0.8697
vn -0.0660 -0.1352 0.9886
vn -0.0810 -0.9398 0.3320
vn 0.2139 -0.9583 -0.1895
vn -0.8656 0.2501 -0.4339
vn -0.8758 0.1641 0.4539
vn 0.3565 -0.2638 0.8962
vn -0.3541 0.0136 0.9351
vn 0.9606 -0.1846 -0.2078
vn 0.8263 -0.3886 0.4078
vn -0.3604 -0.4988 -0.7882
vn -0.6572 0.2175 -0.7217
vn -0.5248 -0.0922 0.8462
vn -0.9605 -0.0669 -0.2700
vn -0.9853 0.0824 -0.1493
vn -0.9852 0.0810 -0.1510
vn -0.9830 0.0126 -0.1830
vn -0.9688 0.0629 0.2395
vn -0.9322 -0.1495 0.3295
vn -0.9562 -0.1077 -0.2722
vn -0.9564 -0.1095 -0.2708
vn -0.9564 -0.1094 -0.2708
vn 0.9337 -0.1845 0.3069
vn -0.4294 -0.1963 0.8815
vn -0.9029 -0.3017 0.3063
vn 0.9517 -0.1378 -0.2743
vn 0.4311 -0.2484 0.8674
vn -0.4113 -0.4565 0.7890
vn 0.4966 -0.0710 -0.8651
vn 0.9209 -0.2510 0.2981
vn 0.3672 -0.5378 0.7589
vn -0.4704 0.0235 -0.8821
vn 0.9428 -0.1480 -0.2987
vn 0.8204 -0.5085 0.2616
vn -0.3217 -0.2075 -0.9238
vn 0.4303 -0.0178 -0.9025
vn 0.8712 -0.3747 -0.3173
vn 0.8713 -0.3743 -0.3175
vn 0.4610 -0.1960 0.8655
vn -0.4404 0.0097 -0.8977
vn -0.9487 0.0597 -0.3104
vn 0.9387 -0.1935 0.2852
vn 0.3941 -0.4381 0.8079
vn -0.4077 -0.3299 0.8514
vn -0.9344 0.0537 0.3522
vn -0.9443 0.0553 -0.3244
vn -0.9373 -0.2295 0.2622
vn 0.8398 -0.3802 -0.3876
vn -0.4327 -0.4371 0.7885
vn 0.3249 -0.2673 -0.9072
vn 0.3805 -0.5879 0.7138
vn -0.9373 -0.1327 -0.3224
vn 0.7756 -0.5668 0.2776
vn 0.3504 0.1401 -0.9261
vn 0.9079 -0.1071 -0.4053
vn 0.4463 -0.0240 0.8946
vn -0.9531 0.0074 0.3026
vn -0.4241 0.0547 -0.9040
vn 0.3839 -0.0094 -0.9233
vn 0.9428 -0.0823 0.3230
vn -0.4211 -0.0333 0.9064
vn -0.9119 0.2296 -0.3402
vn 0.9404 -0.0637 0.3341
vn -0.3661 0.1735 0.9143
vn -0.9143 0.2423 -0.3246
vn 0.9210 -0.0152 -0.3892
vn 0.3995 0.0153 0.9166
vn -0.9005 0.2222 0.3738
vn -0.4219 0.2628 -0.8677
vn -0.8660 0.2296 0.4441
vn -0.4306 0.0546 0.9009
vn 0.4393 -0.1490 0.8859
vn 0.9050 -0.2320 0.3567
vn 0.8813 -0.3264 -0.3417
vn 0.1327 -0.3384 -0.9316
vn -0.5671 0.0345 -0.8229
vn 0.1488 -0.9721 -0.1812
vn 0.0732 -0.9218 0.3806
vn -0.2437 -0.0953 0.9652
vn -0.1114 0.2784 -0.9540
vn -0.0466 -0.2075 -0.9771
vn -0.1181 -0.4063 0.9061
vn 0.9349 -0.2706 -0.2297
vn 0.9353 -0.2651 -0.2346
vn 0.9612 -0.1586 -0.2256
vn -0.9458 0.2203 -0.2384
vn 0.3130 0.1926 -0.9300
vn 0.3109 0.1945 -0.9303
vn 0.3432 0.1392 -0.9289
vn 0.3445 0.1356 -0.9289
vn 0.9475 0.0041 -0.3196
vn 0.9477 0.0044 -0.3191
vn -0.3187 0.2569 -0.9124
vn -0.3178 0.2560 -0.9129
vn -0.3277 0.2486 -0.9115
vn -0.3260 0.2491 -0.9120
vn -0.0513 0.3479 -0.9361
vn -0.0525 0.2294 0.9719
vn -0.3847 -0.3088 0.8699
vn -0.0659 0.1350 -0.9887
vn -0.0736 0.9420 -0.3273
vn 0.1956 0.9632 0.1841
vn -0.8633 -0.2508 0.4380
vn -0.8756 -0.1651 -0.4540
vn 0.3593 0.2659 -0.8945
vn -0.3509 -0.0144 -0.9363
vn 0.9347 0.2842 0.2133
vn 0.8146 0.4105 -0.4098
vn -0.3525 0.4833 0.8014
vn -0.6583 -0.2199 0.7200
vn -0.5319 0.0893 -0.8421
vn -0.9622 0.0685 0.2636
vn -0.9874 -0.0646 0.1442
vn -0.9923 -0.0753 0.0986
vn -0.9798 -0.0702 0.1873
vn -0.9704 -0.0616 -0.2335
vn -0.9321 0.1493 -0.3299
vn -0.9452 0.0866 0.3147
vn -0.9546 0.1529 0.2556
vn -0.9203 0.1718 0.3515
vn 0.9344 0.1846 -0.3046
vn -0.4304 0.1963 -0.8810
vn -0.9036 0.2997 -0.3061
vn 0.9535 0.1383 0.2678
vn 0.4334 0.2488 -0.8662
vn -0.4123 0.4559 -0.7888
vn 0.5077 0.0716 0.8586
vn 0.9215 0.2507 -0.2966
vn 0.3697 0.5377 -0.7578
vn -0.4785 -0.0236 0.8778
vn 0.9442 0.1497 0.2933
vn 0.8212 0.5075 -0.2610
vn -0.3170 0.2068 0.9256
vn 0.4329 0.0179 0.9012
vn 0.8736 0.3713 0.3147
vn 0.8728 0.3763 0.3108
vn 0.8759 0.3712 0.3082
vn 0.4708 0.1949 -0.8605
vn -0.4434 -0.0098 0.8963
vn -0.9504 -0.0587 0.3054
vn 0.9402 0.1944 -0.2796
vn 0.3956 0.4360 -0.8083
vn -0.4080 0.3285 -0.8518
vn -0.9365 -0.0529 -0.3466
vn -0.9450 -0.0553 0.3224
vn -0.9380 0.2299 -0.2593
vn 0.8394 0.3811 0.3874
vn -0.4342 0.4397 -0.7862
vn 0.3240 0.2657 0.9080
vn 0.3828 0.5909 -0.7101
vn -0.9382 0.1328 0.3195
vn 0.7738 0.5694 -0.2776
vn 0.3504 -0.1372 0.9265
vn 0.9079 0.1065 0.4055
vn 0.4480 0.0223 -0.8938
vn -0.9540 -0.0078 -0.2998
vn -0.4247 -0.0554 0.9036
vn 0.3850 0.0102 0.9228
vn 0.9432 0.0814 -0.3220
vn -0.4223 0.0309 -0.9059
vn -0.9112 -0.2295 0.3422
vn 0.9407 0.0638 -0.3331
vn -0.3656 -0.1733 -0.9145
vn -0.9140 -0.2428 0.3251
vn 0.9213 0.0166 0.3884
vn 0.3995 -0.0159 -0.9166
vn -0.9007 -0.2226 -0.3732
vn -0.4213 -0.2626 0.8681
vn -0.8652 -0.2290 -0.4461
vn -0.4331 -0.0562 -0.8996
vn 0.4425 0.1504 -0.8841
vn 0.9052 0.2316 -0.3564
vn 0.8824 0.3262 0.3390
vn 0.1320 0.3389 0.9315
vn -0.5668 -0.0359 0.8231
vn 0.1961 0.9638 0.1809
vn 0.1154 0.9157 -0.3848
vn -0.2404 0.0956 -0.9660
vn -0.1111 -0.2792 0.9538
vn -0.0420 0.1992 0.9791
vn -0.1107 0.4018 -0.9090
vn 0.9498 0.2060 0.2356
vn 0.9535 0.2799 0.1115
vn 0.9508 0.1998 0.2367
vn -0.9418 -0.2309 0.2445
vn -0.9473 -0.2225 0.2304
vn -0.9467 -0.2154 0.2395
vn 0.3322 -0.1559 0.9302
vn 0.2898 -0.1833 0.9394
vn 0.2866 -0.2026 0.9364
vn 0.3321 -0.1379 0.9331
vn 0.9570 0.0387 0.2874
vn 0.9530 -0.0029 0.3029
vn 0.9456 0.0151 0.3249
vn -0.2962 -0.2399 0.9245
vn -0.3007 -0.2632 0.9167
vn -0.3034 -0.2322 0.9241
vn -0.2906 -0.2711 0.9176
vn 0.0513 0.3479 -0.9361
vn 0.0525 0.2294 0.9719
vn 0.3847 -0.3088 0.8699
vn 0.0659 0.1350 -0.9887
vn 0.0736 0.9420 -0.3273
vn -0.1956 0.9632 0.1841
vn 0.8633 -0.2508 0.4380
vn 0.8756 -0.1651 -0.4540
vn -0.3593 0.2659 -0.8945
vn 0.3509 -0.0144 -0.9363
vn -0.9347 0.2842 0.2133
vn -0.8146 0.4105 -0.4098
vn 0.3525 0.4833 0.8014
vn 0.6583 -0.2199 0.7200
vn 0.5319 0.0893 -0.8421
vn 0.9622 0.0685 0.2636
vn 0.9874 -0.0646 0.1442
vn 0.9798 -0.0702 0.1873
vn 0.9923 -0.0753 0.0986
vn 0.9704 -0.0616 -0.2335
vn 0.9321 0.1493 -0.3299
vn 0.9452 0.0866 0.3147
vn 0.9203 0.1718 0.3515
vn 0.9546 0.1529 0.2556
vn -0.9344 0.1846 -0.3046
vn 0.4304 0.1963 -0.8810
vn 0.9036 0.2997 -0.3061
vn -0.9535 0.1383 0.2678
vn -0.4334 0.2488 -0.8662
vn 0.4123 0.4559 -0.7888
vn -0.5077 0.0716 0.8586
vn -0.9215 0.2507 -0.2966
vn -0.3697 0.5377 -0.7578
vn 0.4785 -0.0236 0.8778
vn -0.9442 0.1497 0.2933
vn -0.8212 0.5075 -0.2610
vn 0.3170 0.2068 0.9256
vn -0.4329 0.0179 0.9012
vn -0.8736 0.3713 0.3147
vn -0.8759 0.3712 0.3083
vn -0.8728 0.3763 0.3108
vn -0.4708 0.1949 -0.8605
vn 0.4434 -0.0098 0.8963
vn 0.9504 -0.0587 0.3054
vn -0.9402 0.1944 -0.2796
vn -0.3956 0.4360 -0.8083
vn 0.4080 0.3285 -0.8518
vn 0.9365 -0.0529 -0.3466
vn 0.9450 -0.0553 0.3224
vn 0.9380 0.2299 -0.2593
vn -0.8394 0.3811 0.3874
vn 0.4342 0.4397 -0.7862
vn -0.3240 0.2657 0.9080
vn -0.3828 0.5909 -0.7101
vn 0.9382 0.1328 0.3195
vn -0.7738 0.5694 -0.2776
vn -0.3504 -0.1372 0.9265
vn -0.9079 0.1065 0.4055
vn -0.4480 0.0223 -0.8938
vn 0.9540 -0.0078 -0.2998
vn 0.4247 -0.0554 0.9036
vn -0.3850 0.0102 0.9228
vn -0.9432 0.0814 -0.3220
vn 0.4223 0.0309 -0.9059
vn 0.9112 -0.2295 0.3422
vn -0.9407 0.0638 -0.3331
vn 0.3656 -0.1733 -0.9145
vn 0.9140 -0.2428 0.3251
vn -0.9213 0.0166 0.3884
vn -0.3995 -0.0159 -0.9166
vn 0.9007 -0.2226 -0.3732
vn 0.4213 -0.2626 0.8681
vn 0.8652 -0.2290 -0.4461
vn 0.4331 -0.0562 -0.8996
vn -0.4425 0.1504 -0.8841
vn -0.9052 0.2316 -0.3564
vn -0.8824 0.3262 0.3390
vn -0.1320 0.3389 0.9315
vn 0.5668 -0.0359 0.8231
vn -0.1961 0.9638 0.1809
vn -0.1154 0.9157 -0.3848
vn 0.2404 0.0956 -0.9660
vn 0.1111 -0.2792 0.9538
vn 0.0420 0.1992 0.9791
vn 0.1107 0.4018 -0.9090
vn -0.9498 0.2060 0.2356
vn -0.9508 0.1998 0.2367
vn -0.9535 0.2799 0.1115
vn 0.9418 -0.2309 0.2445
vn 0.9467 -0.2154 0.2395
vn 0.9473 -0.2225 0.2304
vn -0.3322 -0.1559 0.9302
vn -0.3321 -0.1379 0.9331
vn -0.2866 -0.2026 0.9364
vn -0.2898 -0.1833 0.9394
vn -0.9570 0.0387 0.2874
vn -0.9456 0.0151 0.3249
vn -0.9530 -0.0029 0.3029
vn 0.2962 -0.2399 0.9245
vn 0.2906 -0.2711 0.9176
vn 0.3034 -0.2322 0.9241
vn 0.3007 -0.2632 0.9167
vn -0.0439 0.9561 0.2897
vn -0.1830 0.9622 0.2019
vn -0.2025 0.9784 -0.0417
vn 0.0258 0.9989 0.0380
vn -0.0804 -0.9953 -0.0548
vn 0.0148 -0.9966 0.0809
vn 0.2107 -0.9775 0.0100
vn 0.1155 -0.9871 0.1111
vn -0.0091 -0.9962 0.0865
vn 0.0646 -0.9977 0.0189
vn 0.1340 -0.9772 -0.1647
vn 0.0840 -0.9947 0.0589
vn -0.2320 0.9678 0.0974
vn -0.1820 0.9545 0.2364
vn 0.0135 0.9922 0.1243
vn -0.0882 0.9948 -0.0503
vn 0.0439 0.9561 0.2897
vn 0.1830 0.9622 0.2019
vn 0.2025 0.9784 -0.0417
vn -0.0258 0.9989 0.0380
vn 0.0804 -0.9953 -0.0548
vn -0.0148 -0.9966 0.0809
vn -0.2107 -0.9775 0.0100
vn -0.1155 -0.9871 0.1111
vn 0.0091 -0.9962 0.0865
vn -0.0646 -0.9977 0.0189
vn -0.1340 -0.9772 -0.1647
vn -0.0840 -0.9947 0.0589
vn 0.2320 0.9678 0.0974
vn 0.1820 0.9545 0.2364
vn -0.0135 0.9922 0.1243
vn 0.0882 0.9948 -0.0503
vt 0.361299 0.545067
vt 0.376865 0.528001
vt 0.416253 0.578201
vt 0.406133 0.582955
vt 0.371216 0.720791
vt 0.358038 0.701626
vt 0.400727 0.683736
vt 0.408505 0.689580
vt 0.275934 0.745825
vt 0.254622 0.710788
vt 0.269104 0.515701
vt 0.291522 0.476079
vt 0.418657 0.617865
vt 0.423192 0.617353
vt 0.417376 0.696113
vt 0.248237 0.688134
vt 0.245111 0.644991
vt 0.309248 0.632731
vt 0.328181 0.666996
vt 0.245111 0.583323
vt 0.256828 0.543388
vt 0.329826 0.598009
vt 0.348598 0.561090
vt 0.398802 0.591227
vt 0.396955 0.602079
vt 0.357452 0.589223
vt 0.414437 0.618378
vt 0.397837 0.670687
vt 0.404183 0.628855
vt 0.361013 0.679825
vt 0.376629 0.632534
vt 0.376619 0.632524
vt 0.376630 0.632516
vt 0.376631 0.632532
vt 0.376624 0.632548
vt 0.376532 0.632656
vt 0.376459 0.632524
vt 0.376617 0.632538
vt 0.376104 0.633166
vt 0.376189 0.632535
vt 0.376629 0.632536
vt 0.376470 0.632387
vt 0.375693 0.632514
vt 0.376633 0.632533
vt 0.376643 0.632519
vt 0.376650 0.632534
vt 0.376634 0.632536
vt 0.376617 0.632271
vt 0.375845 0.631710
vt 0.376263 0.632125
vt 0.376643 0.632547
vt 0.376633 0.632538
vt 0.376797 0.632342
vt 0.376525 0.631270
vt 0.376607 0.631890
vt 0.376634 0.632550
vt 0.376632 0.632539
vt 0.376841 0.632494
vt 0.377344 0.631500
vt 0.377009 0.632021
vt 0.376631 0.632538
vt 0.376756 0.632661
vt 0.377700 0.632361
vt 0.377144 0.632485
vt 0.376669 0.633397
vt 0.376809 0.634543
vt 0.375340 0.634077
vt 0.376635 0.632683
vt 0.377319 0.633166
vt 0.374510 0.632648
vt 0.372899 0.636066
vt 0.371228 0.632422
vt 0.374961 0.630853
vt 0.378936 0.632094
vt 0.378386 0.634045
vt 0.376655 0.630031
vt 0.378275 0.630556
vt 0.376273 0.638120
vt 0.381648 0.637061
vt 0.388960 0.644452
vt 0.375620 0.647402
vt 0.384499 0.631810
vt 0.375295 0.625964
vt 0.381321 0.626206
vt 0.372374 0.628529
vt 0.363150 0.632484
vt 0.366357 0.641822
vt 0.386177 0.618975
vt 0.393554 0.630562
vt 0.366286 0.623916
vt 0.373849 0.617575
vt 0.298907 0.788125
vt 0.386712 0.741881
s 0
usemtl Palette
f 1354/568/1372 1350/569/1372 1348/570/1372 1355/571/1372
f 1356/572/1373 1273/573/1373 1271/574/1373 1357/575/1373
f 1352/576/1374 1268/577/1374 1273/573/1374 1356/572/1374
f 1353/578/1375 1346/579/1375 1350/569/1375 1354/568/1375
f 1358/580/1376 1355/571/1376 1348/570/1376 1351/581/1376
f 1357/575/1377 1358/580/1377 1351/581/1377 1347/582/1377
f 1268/577/1378 1360/583/1378 1269/584/1378 1277/585/1378 1278/586/1378
f 1269/584/1379 1359/587/1379 1270/588/1379 1276/589/1379 1277/585/1379
f 1274/590/1380 1272/591/1380 1279/592/1380 1280/593/1380
f 1274/590/1381 1280/593/1381 1276/589/1381 1270/588/1381
f 1275/594/1382 1271/574/1382 1281/595/1382 1282/596/1382
f 1275/594/1383 1282/596/1383 1279/592/1383 1272/591/1383
f 1283/597/1384 1281/595/1384 1271/574/1384 1273/573/1384
f 1273/573/1385 1268/577/1385 1278/586/1385 1283/597/1385
f 1292/598/1386 1310/599/1386 1311/600/1386 1294/601/1386
f 1308/602/1387 1284/603/1387 1302/604/1387 1309/605/1387
f 1284/603/1388 1289/606/1389 1320/607/1390
f 1290/608/1391 1309/605/1391 1310/599/1391 1292/598/1391
f 1309/605/1392 1302/604/1392 1303/609/1392 1310/599/1392
f 1289/606/1393 1291/610/1394 1320/607/1395
f 1296/611/1396 1312/612/1396 1313/613/1396 1298/614/1396
f 1310/599/1397 1303/609/1397 1304/615/1397 1311/600/1397
f 1320/607/1398 1291/610/1398 1293/616/1398 1319/617/1398
f 1298/614/1399 1313/613/1399 1315/618/1399 1300/619/1399
f 1311/600/1400 1304/615/1400 1305/620/1400 1312/612/1400
f 1319/617/1401 1293/616/1401 1295/621/1401 1318/622/1401
f 1300/619/1402 1315/618/1402 1314/623/1402 1286/624/1402
f 1312/612/1403 1305/620/1403 1306/625/1403 1313/613/1403
f 1318/622/1404 1295/621/1404 1297/626/1404 1317/627/1404
f 1286/624/1405 1314/623/1405 1308/602/1405 1288/628/1405
f 1313/613/1406 1306/625/1406 1307/629/1406 1315/618/1406
f 1317/627/1407 1297/626/1407 1299/630/1407 1316/631/1407
f 1289/606/1408 1287/632/1408 1321/633/1408 1322/634/1408
f 1315/618/1409 1307/629/1409 1285/635/1409 1314/623/1409
f 1316/631/1410 1299/630/1411 1301/636/1410
f 1294/601/1412 1311/600/1412 1312/612/1412 1296/611/1412
f 1314/623/1413 1285/635/1413 1284/603/1413 1308/602/1413
f 1288/628/1414 1308/602/1414 1309/605/1414 1290/608/1414
f 1305/620/1415 1317/627/1415 1316/631/1415 1306/625/1415
f 1304/615/1416 1318/622/1416 1317/627/1416 1305/620/1416
f 1303/609/1417 1319/617/1417 1318/622/1417 1304/615/1417
f 1302/604/1418 1320/607/1418 1319/617/1418 1303/609/1418
f 1323/637/1419 1322/634/1419 1330/638/1419 1331/639/1419
f 1293/616/1420 1291/610/1420 1323/637/1420 1324/640/1420
f 1301/636/1421 1299/630/1421 1327/641/1421 1328/642/1421
f 1295/621/1422 1293/616/1422 1324/640/1422 1325/643/1422
f 1287/632/1423 1301/636/1423 1328/642/1423 1321/633/1423
f 1297/626/1424 1295/621/1424 1325/643/1424 1326/644/1424
f 1291/610/1425 1289/606/1425 1322/634/1425 1323/637/1425
f 1299/630/1426 1297/626/1426 1326/644/1426 1327/641/1426
f 1329/645/1427 1336/646/1427 1344/647/1427 1337/648/1427
f 1328/642/1428 1327/641/1428 1335/649/1428 1336/646/1428
f 1326/644/1429 1325/643/1429 1333/650/1429 1334/651/1429
f 1324/640/1430 1323/637/1430 1331/639/1430 1332/652/1430
f 1322/634/1431 1321/633/1431 1329/645/1431 1330/638/1431
f 1321/633/1432 1328/642/1432 1336/646/1432 1329/645/1432
f 1327/641/1433 1326/644/1433 1334/651/1433 1335/649/1433
f 1325/643/1434 1324/640/1434 1332/652/1434 1333/650/1434
f 1278/586/1435 1277/585/1435 1339/653/1435 1338/654/1435
f 1335/649/1436 1334/651/1436 1342/655/1436 1343/656/1436
f 1333/650/1437 1332/652/1437 1340/657/1437 1341/658/1437
f 1331/639/1438 1330/638/1438 1338/654/1438 1339/653/1438
f 1336/646/1439 1335/649/1439 1343/656/1439 1344/647/1439
f 1334/651/1440 1333/650/1440 1341/658/1440 1342/655/1440
f 1332/652/1441 1331/639/1441 1339/653/1441 1340/657/1441
f 1330/638/1442 1329/645/1442 1337/648/1442 1338/654/1442
f 1277/585/1443 1276/589/1443 1340/657/1443 1339/653/1443
f 1276/589/1444 1280/593/1444 1341/658/1444 1340/657/1444
f 1280/593/1445 1279/592/1445 1342/655/1445 1341/658/1445
f 1279/592/1446 1282/596/1446 1343/656/1446 1342/655/1446
f 1282/596/1447 1281/595/1447 1344/647/1447 1343/656/1447
f 1281/595/1448 1283/597/1448 1337/648/1448 1344/647/1448
f 1283/597/1449 1278/586/1449 1338/654/1449 1337/648/1449
f 1271/574/1450 1275/594/1450 1358/580/1450 1357/575/1450
f 1275/594/1451 1272/591/1451 1355/571/1451 1358/580/1451
f 1270/588/1452 1353/578/1452 1354/568/1452 1274/590/1452
f 1345/659/1453 1352/576/1453 1356/572/1453 1349/660/1453
f 1349/660/1454 1356/572/1454 1357/575/1454 1347/582/1454
f 1274/590/1455 1354/568/1455 1355/571/1455 1272/591/1455
f 1301/636/1456 1307/629/1457 1316/631/1458
f 1302/604/1459 1284/603/1459 1320/607/1459
f 1307/629/1460 1301/636/1461 1287/632/1462 1285/635/1463
f 1306/625/1464 1316/631/1465 1307/629/1465
f 1285/635/1466 1287/632/1467 1289/606/1468 1284/603/1469
f 1440/568/1470 1441/571/1470 1348/570/1470 1350/569/1470
f 1442/572/1471 1443/575/1471 1364/574/1471 1366/573/1471
f 1438/576/1472 1442/572/1472 1366/573/1472 1361/577/1472
f 1439/578/1473 1440/568/1473 1350/569/1473 1346/579/1473
f 1444/580/1474 1351/581/1474 1348/570/1474 1441/571/1474
f 1443/575/1475 1347/582/1475 1351/581/1475 1444/580/1475
f 1361/577/1476 1371/586/1476 1370/585/1476 1362/584/1476 1446/583/1476
f 1362/584/1477 1370/585/1477 1369/589/1477 1363/588/1477 1445/587/1477
f 1367/590/1478 1373/593/1478 1372/592/1478 1365/591/1478
f 1367/590/1479 1363/588/1479 1369/589/1479 1373/593/1479
f 1368/594/1480 1375/596/1480 1374/595/1480 1364/574/1480
f 1368/594/1481 1365/591/1481 1372/592/1481 1375/596/1481
f 1376/597/1482 1366/573/1482 1364/574/1482 1374/595/1482
f 1366/573/1483 1376/597/1483 1371/586/1483 1361/577/1483
f 1385/598/1484 1387/601/1484 1404/600/1484 1403/599/1484
f 1401/602/1485 1402/605/1485 1395/604/1485 1377/603/1485
f 1377/603/1486 1413/607/1487 1382/606/1488
f 1383/608/1489 1385/598/1489 1403/599/1489 1402/605/1489
f 1402/605/1490 1403/599/1490 1396/609/1490 1395/604/1490
f 1382/606/1491 1413/607/1492 1384/610/1493
f 1389/611/1494 1391/614/1494 1406/613/1494 1405/612/1494
f 1403/599/1495 1404/600/1495 1397/615/1495 1396/609/1495
f 1413/607/1496 1412/617/1496 1386/616/1496 1384/610/1496
f 1391/614/1497 1393/619/1497 1408/618/1497 1406/613/1497
f 1404/600/1498 1405/612/1498 1398/620/1498 1397/615/1498
f 1412/617/1499 1411/622/1499 1388/621/1499 1386/616/1499
f 1393/619/1500 1379/624/1500 1407/623/1500 1408/618/1500
f 1405/612/1501 1406/613/1501 1399/625/1501 1398/620/1501
f 1411/622/1502 1410/627/1502 1390/626/1502 1388/621/1502
f 1379/624/1503 1381/628/1503 1401/602/1503 1407/623/1503
f 1406/613/1504 1408/618/1504 1400/629/1504 1399/625/1504
f 1410/627/1505 1409/631/1505 1392/630/1505 1390/626/1505
f 1382/606/1506 1415/634/1506 1414/633/1506 1380/632/1506
f 1408/618/1507 1407/623/1507 1378/635/1507 1400/629/1507
f 1409/631/1508 1394/636/1508 1392/630/1509
f 1387/601/1510 1389/611/1510 1405/612/1510 1404/600/1510
f 1407/623/1511 1401/602/1511 1377/603/1511 1378/635/1511
f 1381/628/1512 1383/608/1512 1402/605/1512 1401/602/1512
f 1398/620/1513 1399/625/1513 1409/631/1513 1410/627/1513
f 1397/615/1514 1398/620/1514 1410/627/1514 1411/622/1514
f 1396/609/1515 1397/615/1515 1411/622/1515 1412/617/1515
f 1395/604/1516 1396/609/1516 1412/617/1516 1413/607/1516
f 1416/637/1517 1424/639/1517 1423/638/1517 1415/634/1517
f 1386/616/1518 1417/640/1518 1416/637/1518 1384/610/1518
f 1394/636/1519 1421/642/1519 1420/641/1519 1392/630/1519
f 1388/621/1520 1418/643/1520 1417/640/1520 1386/616/1520
f 1380/632/1521 1414/633/1521 1421/642/1521 1394/636/1521
f 1390/626/1522 1419/644/1522 1418/643/1522 1388/621/1522
f 1384/610/1523 1416/637/1523 1415/634/1523 1382/606/1523
f 1392/630/1524 1420/641/1524 1419/644/1524 1390/626/1524
f 1422/645/1525 1430/648/1525 1437/647/1525 1429/646/1525
f 1421/642/1526 1429/646/1526 1428/649/1526 1420/641/1526
f 1419/644/1527 1427/651/1527 1426/650/1527 1418/643/1527
f 1417/640/1528 1425/652/1528 1424/639/1528 1416/637/1528
f 1415/634/1529 1423/638/1529 1422/645/1529 1414/633/1529
f 1414/633/1530 1422/645/1530 1429/646/1530 1421/642/1530
f 1420/641/1531 1428/649/1531 1427/651/1531 1419/644/1531
f 1418/643/1532 1426/650/1532 1425/652/1532 1417/640/1532
f 1371/586/1533 1431/654/1533 1432/653/1533 1370/585/1533
f 1428/649/1534 1436/656/1534 1435/655/1534 1427/651/1534
f 1426/650/1535 1434/658/1535 1433/657/1535 1425/652/1535
f 1424/639/1536 1432/653/1536 1431/654/1536 1423/638/1536
f 1429/646/1537 1437/647/1537 1436/656/1537 1428/649/1537
f 1427/651/1538 1435/655/1538 1434/658/1538 1426/650/1538
f 1425/652/1539 1433/657/1539 1432/653/1539 1424/639/1539
f 1423/638/1540 1431/654/1540 1430/648/1540 1422/645/1540
f 1370/585/1541 1432/653/1541 1433/657/1541 1369/589/1541
f 1369/589/1542 1433/657/1542 1434/658/1542 1373/593/1542
f 1373/593/1543 1434/658/1543 1435/655/1543 1372/592/1543
f 1372/592/1544 1435/655/1544 1436/656/1544 1375/596/1544
f 1375/596/1545 1436/656/1545 1437/647/1545 1374/595/1545
f 1374/595/1546 1437/647/1546 1430/648/1546 1376/597/1546
f 1376/597/1547 1430/648/1547 1431/654/1547 1371/586/1547
f 1364/574/1548 1443/575/1548 1444/580/1548 1368/594/1548
f 1368/594/1549 1444/580/1549 1441/571/1549 1365/591/1549
f 1363/588/1550 1367/590/1550 1440/568/1550 1439/578/1550
f 1345/659/1551 1349/660/1551 1442/572/1551 1438/576/1551
f 1349/660/1552 1347/582/1552 1443/575/1552 1442/572/1552
f 1367/590/1553 1365/591/1553 1441/571/1553 1440/568/1553
f 1394/636/1554 1409/631/1555 1400/629/1556
f 1395/604/1557 1413/607/1557 1377/603/1557
f 1400/629/1558 1378/635/1559 1380/632/1560 1394/636/1561
f 1399/625/1562 1400/629/1563 1409/631/1563
f 1378/635/1564 1377/603/1565 1382/606/1566 1380/632/1567
f 1533/568/1568 1534/571/1568 1527/570/1568 1529/569/1568
f 1535/572/1569 1536/575/1569 1450/574/1569 1452/573/1569
f 1531/576/1570 1535/572/1570 1452/573/1570 1447/577/1570
f 1532/578/1571 1533/568/1571 1529/569/1571 1525/579/1571
f 1537/580/1572 1530/581/1572 1527/570/1572 1534/571/1572
f 1536/575/1573 1526/582/1573 1530/581/1573 1537/580/1573
f 1447/577/1574 1457/586/1574 1456/585/1574 1448/584/1574 1539/583/1574
f 1448/584/1575 1456/585/1575 1455/589/1575 1449/588/1575 1538/587/1575
f 1453/590/1576 1459/593/1576 1458/592/1576 1451/591/1576
f 1453/590/1577 1449/588/1577 1455/589/1577 1459/593/1577
f 1454/594/1578 1461/596/1578 1460/595/1578 1450/574/1578
f 1454/594/1579 1451/591/1579 1458/592/1579 1461/596/1579
f 1462/597/1580 1452/573/1580 1450/574/1580 1460/595/1580
f 1452/573/1581 1462/597/1581 1457/586/1581 1447/577/1581
f 1471/598/1582 1473/601/1582 1490/600/1582 1489/599/1582
f 1487/602/1583 1488/605/1583 1481/604/1583 1463/603/1583
f 1463/603/1584 1499/607/1585 1468/606/1586
f 1469/608/1587 1471/598/1587 1489/599/1587 1488/605/1587
f 1488/605/1588 1489/599/1588 1482/609/1588 1481/604/1588
f 1468/606/1589 1499/607/1590 1470/610/1591
f 1475/611/1592 1477/614/1592 1492/613/1592 1491/612/1592
f 1489/599/1593 1490/600/1593 1483/615/1593 1482/609/1593
f 1499/607/1594 1498/617/1594 1472/616/1594 1470/610/1594
f 1477/614/1595 1479/619/1595 1494/618/1595 1492/613/1595
f 1490/600/1596 1491/612/1596 1484/620/1596 1483/615/1596
f 1498/617/1597 1497/622/1597 1474/621/1597 1472/616/1597
f 1479/619/1598 1465/624/1598 1493/623/1598 1494/618/1598
f 1491/612/1599 1492/613/1599 1485/625/1599 1484/620/1599
f 1497/622/1600 1496/627/1600 1476/626/1600 1474/621/1600
f 1465/624/1601 1467/628/1601 1487/602/1601 1493/623/1601
f 1492/613/1602 1494/618/1602 1486/629/1602 1485/625/1602
f 1496/627/1603 1495/631/1603 1478/630/1603 1476/626/1603
f 1468/606/1604 1501/634/1604 1500/633/1604 1466/632/1604
f 1494/618/1605 1493/623/1605 1464/635/1605 1486/629/1605
f 1495/631/1606 1480/636/1607 1478/630/1608
f 1473/601/1609 1475/611/1609 1491/612/1609 1490/600/1609
f 1493/623/1610 1487/602/1610 1463/603/1610 1464/635/1610
f 1467/628/1611 1469/608/1611 1488/605/1611 1487/602/1611
f 1484/620/1612 1485/625/1612 1495/631/1612 1496/627/1612
f 1483/615/1613 1484/620/1613 1496/627/1613 1497/622/1613
f 1482/609/1614 1483/615/1614 1497/622/1614 1498/617/1614
f 1481/604/1615 1482/609/1615 1498/617/1615 1499/607/1615
f 1502/637/1616 1510/639/1616 1509/638/1616 1501/634/1616
f 1472/616/1617 1503/640/1617 1502/637/1617 1470/610/1617
f 1480/636/1618 1507/642/1618 1506/641/1618 1478/630/1618
f 1474/621/1619 1504/643/1619 1503/640/1619 1472/616/1619
f 1466/632/1620 1500/633/1620 1507/642/1620 1480/636/1620
f 1476/626/1621 1505/644/1621 1504/643/1621 1474/621/1621
f 1470/610/1622 1502/637/1622 1501/634/1622 1468/606/1622
f 1478/630/1623 1506/641/1623 1505/644/1623 1476/626/1623
f 1508/645/1624 1516/648/1624 1523/647/1624 1515/646/1624
f 1507/642/1625 1515/646/1625 1514/649/1625 1506/641/1625
f 1505/644/1626 1513/651/1626 1512/650/1626 1504/643/1626
f 1503/640/1627 1511/652/1627 1510/639/1627 1502/637/1627
f 1501/634/1628 1509/638/1628 1508/645/1628 1500/633/1628
f 1500/633/1629 1508/645/1629 1515/646/1629 1507/642/1629
f 1506/641/1630 1514/649/1630 1513/651/1630 1505/644/1630
f 1504/643/1631 1512/650/1631 1511/652/1631 1503/640/1631
f 1457/586/1632 1517/654/1632 1518/653/1632 1456/585/1632
f 1514/649/1633 1522/656/1633 1521/655/1633 1513/651/1633
f 1512/650/1634 1520/658/1634 1519/657/1634 1511/652/1634
f 1510/639/1635 1518/653/1635 1517/654/1635 1509/638/1635
f 1515/646/1636 1523/647/1636 1522/656/1636 1514/649/1636
f 1513/651/1637 1521/655/1637 1520/658/1637 1512/650/1637
f 1511/652/1638 1519/657/1638 1518/653/1638 1510/639/1638
f 1509/638/1639 1517/654/1639 1516/648/1639 1508/645/1639
f 1456/585/1640 1518/653/1640 1519/657/1640 1455/589/1640
f 1455/589/1641 1519/657/1641 1520/658/1641 1459/593/1641
f 1459/593/1642 1520/658/1642 1521/655/1642 1458/592/1642
f 1458/592/1643 1521/655/1643 1522/656/1643 1461/596/1643
f 1461/596/1644 1522/656/1644 1523/647/1644 1460/595/1644
f 1460/595/1645 1523/647/1645 1516/648/1645 1462/597/1645
f 1462/597/1646 1516/648/1646 1517/654/1646 1457/586/1646
f 1450/574/1647 1536/575/1647 1537/580/1647 1454/594/1647
f 1454/594/1648 1537/580/1648 1534/571/1648 1451/591/1648
f 1449/588/1649 1453/590/1649 1533/568/1649 1532/578/1649
f 1524/659/1650 1528/660/1650 1535/572/1650 1531/576/1650
f 1528/660/1651 1526/582/1651 1536/575/1651 1535/572/1651
f 1453/590/1652 1451/591/1652 1534/571/1652 1533/568/1652
f 1480/636/1653 1495/631/1654 1486/629/1655
f 1481/604/1656 1499/607/1657 1463/603/1658
f 1486/629/1659 1464/635/1660 1466/632/1661 1480/636/1662
f 1485/625/1663 1486/629/1664 1495/631/1665
f 1464/635/1666 1463/603/1667 1468/606/1668 1466/632/1669
f 1619/568/1670 1529/569/1670 1527/570/1670 1620/571/1670
f 1621/572/1671 1545/573/1671 1543/574/1671 1622/575/1671
f 1617/576/1672 1540/577/1672 1545/573/1672 1621/572/1672
f 1618/578/1673 1525/579/1673 1529/569/1673 1619/568/1673
f 1623/580/1674 1620/571/1674 1527/570/1674 1530/581/1674
f 1622/575/1675 1623/580/1675 1530/581/1675 1526/582/1675
f 1540/577/1676 1625/583/1676 1541/584/1676 1549/585/1676 1550/586/1676
f 1541/584/1677 1624/587/1677 1542/588/1677 1548/589/1677 1549/585/1677
f 1546/590/1678 1544/591/1678 1551/592/1678 1552/593/1678
f 1546/590/1679 1552/593/1679 1548/589/1679 1542/588/1679
f 1547/594/1680 1543/574/1680 1553/595/1680 1554/596/1680
f 1547/594/1681 1554/596/1681 1551/592/1681 1544/591/1681
f 1555/597/1682 1553/595/1682 1543/574/1682 1545/573/1682
f 1545/573/1683 1540/577/1683 1550/586/1683 1555/597/1683
f 1564/598/1684 1582/599/1684 1583/600/1684 1566/601/1684
f 1580/602/1685 1556/603/1685 1574/604/1685 1581/605/1685
f 1556/603/1686 1561/606/1687 1592/607/1688
f 1562/608/1689 1581/605/1689 1582/599/1689 1564/598/1689
f 1581/605/1690 1574/604/1690 1575/609/1690 1582/599/1690
f 1561/606/1691 1563/610/1692 1592/607/1693
f 1568/611/1694 1584/612/1694 1585/613/1694 1570/614/1694
f 1582/599/1695 1575/609/1695 1576/615/1695 1583/600/1695
f 1592/607/1696 1563/610/1696 1565/616/1696 1591/617/1696
f 1570/614/1697 1585/613/1697 1587/618/1697 1572/619/1697
f 1583/600/1698 1576/615/1698 1577/620/1698 1584/612/1698
f 1591/617/1699 1565/616/1699 1567/621/1699 1590/622/1699
f 1572/619/1700 1587/618/1700 1586/623/1700 1558/624/1700
f 1584/612/1701 1577/620/1701 1578/625/1701 1585/613/1701
f 1590/622/1702 1567/621/1702 1569/626/1702 1589/627/1702
f 1558/624/1703 1586/623/1703 1580/602/1703 1560/628/1703
f 1585/613/1704 1578/625/1704 1579/629/1704 1587/618/1704
f 1589/627/1705 1569/626/1705 1571/630/1705 1588/631/1705
f 1561/606/1706 1559/632/1706 1593/633/1706 1594/634/1706
f 1587/618/1707 1579/629/1707 1557/635/1707 1586/623/1707
f 1588/631/1708 1571/630/1709 1573/636/1710
f 1566/601/1711 1583/600/1711 1584/612/1711 1568/611/1711
f 1586/623/1712 1557/635/1712 1556/603/1712 1580/602/1712
f 1560/628/1713 1580/602/1713 1581/605/1713 1562/608/1713
f 1577/620/1714 1589/627/1714 1588/631/1714 1578/625/1714
f 1576/615/1715 1590/622/1715 1589/627/1715 1577/620/1715
f 1575/609/1716 1591/617/1716 1590/622/1716 1576/615/1716
f 1574/604/1717 1592/607/1717 1591/617/1717 1575/609/1717
f 1595/637/1718 1594/634/1718 1602/638/1718 1603/639/1718
f 1565/616/1719 1563/610/1719 1595/637/1719 1596/640/1719
f 1573/636/1720 1571/630/1720 1599/641/1720 1600/642/1720
f 1567/621/1721 1565/616/1721 1596/640/1721 1597/643/1721
f 1559/632/1722 1573/636/1722 1600/642/1722 1593/633/1722
f 1569/626/1723 1567/621/1723 1597/643/1723 1598/644/1723
f 1563/610/1724 1561/606/1724 1594/634/1724 1595/637/1724
f 1571/630/1725 1569/626/1725 1598/644/1725 1599/641/1725
f 1601/645/1726 1608/646/1726 1616/647/1726 1609/648/1726
f 1600/642/1727 1599/641/1727 1607/649/1727 1608/646/1727
f 1598/644/1728 1597/643/1728 1605/650/1728 1606/651/1728
f 1596/640/1729 1595/637/1729 1603/639/1729 1604/652/1729
f 1594/634/1730 1593/633/1730 1601/645/1730 1602/638/1730
f 1593/633/1731 1600/642/1731 1608/646/1731 1601/645/1731
f 1599/641/1732 1598/644/1732 1606/651/1732 1607/649/1732
f 1597/643/1733 1596/640/1733 1604/652/1733 1605/650/1733
f 1550/586/1734 1549/585/1734 1611/653/1734 1610/654/1734
f 1607/649/1735 1606/651/1735 1614/655/1735 1615/656/1735
f 1605/650/1736 1604/652/1736 1612/657/1736 1613/658/1736
f 1603/639/1737 1602/638/1737 1610/654/1737 1611/653/1737
f 1608/646/1738 1607/649/1738 1615/656/1738 1616/647/1738
f 1606/651/1739 1605/650/1739 1613/658/1739 1614/655/1739
f 1604/652/1740 1603/639/1740 1611/653/1740 1612/657/1740
f 1602/638/1741 1601/645/1741 1609/648/1741 1610/654/1741
f 1549/585/1742 1548/589/1742 1612/657/1742 1611/653/1742
f 1548/589/1743 1552/593/1743 1613/658/1743 1612/657/1743
f 1552/593/1744 1551/592/1744 1614/655/1744 1613/658/1744
f 1551/592/1745 1554/596/1745 1615/656/1745 1614/655/1745
f 1554/596/1746 1553/595/1746 1616/647/1746 1615/656/1746
f 1553/595/1747 1555/597/1747 1609/648/1747 1616/647/1747
f 1555/597/1748 1550/586/1748 1610/654/1748 1609/648/1748
f 1543/574/1749 1547/594/1749 1623/580/1749 1622/575/1749
f 1547/594/1750 1544/591/1750 1620/571/1750 1623/580/1750
f 1542/588/1751 1618/578/1751 1619/568/1751 1546/590/1751
f 1524/659/1752 1617/576/1752 1621/572/1752 1528/660/1752
f 1528/660/1753 1621/572/1753 1622/575/1753 1526/582/1753
f 1546/590/1754 1619/568/1754 1620/571/1754 1544/591/1754
f 1573/636/1755 1579/629/1756 1588/631/1757
f 1574/604/1758 1556/603/1759 1592/607/1760
f 1579/629/1761 1573/636/1762 1559/632/1763 1557/635/1764
f 1578/625/1765 1588/631/1766 1579/629/1767
f 1557/635/1768 1559/632/1769 1561/606/1770 1556/603/1771
f 1352/576/1772 1345/659/1772 1524/659/1772 1531/576/1772
f 1360/583/1773 1268/577/1773 1447/577/1773 1539/583/1773
f 1359/587/1774 1269/584/1774 1448/584/1774 1538/587/1774
f 1353/578/1775 1270/588/1775 1449/588/1775 1532/578/1775
f 1292/598/1776 1294/601/1776 1473/601/1776 1471/598/1776
f 1290/608/1777 1292/598/1777 1471/598/1777 1469/608/1777
f 1296/611/1778 1298/614/1778 1477/614/1778 1475/611/1778
f 1298/614/1779 1300/619/1779 1479/619/1779 1477/614/1779
f 1300/619/1780 1286/624/1780 1465/624/1780 1479/619/1780
f 1286/624/1781 1288/628/1781 1467/628/1781 1465/624/1781
f 1294/601/1782 1296/611/1782 1475/611/1782 1473/601/1782
f 1288/628/1783 1290/608/1783 1469/608/1783 1467/628/1783
f 1269/584/1784 1360/583/1784 1539/583/1784 1448/584/1784
f 1268/577/1785 1352/576/1785 1531/576/1785 1447/577/1785
f 1346/579/1786 1353/578/1786 1532/578/1786 1525/579/1786
f 1270/588/1787 1359/587/1787 1538/587/1787 1449/588/1787
f 1345/659/1788 1438/576/1788 1617/576/1788 1524/659/1788
f 1361/577/1789 1446/583/1789 1625/583/1789 1540/577/1789
f 1362/584/1790 1445/587/1790 1624/587/1790 1541/584/1790
f 1363/588/1791 1439/578/1791 1618/578/1791 1542/588/1791
f 1387/601/1792 1385/598/1792 1564/598/1792 1566/601/1792
f 1385/598/1793 1383/608/1793 1562/608/1793 1564/598/1793
f 1391/614/1794 1389/611/1794 1568/611/1794 1570/614/1794
f 1393/619/1795 1391/614/1795 1570/614/1795 1572/619/1795
f 1379/624/1796 1393/619/1796 1572/619/1796 1558/624/1796
f 1381/628/1797 1379/624/1797 1558/624/1797 1560/628/1797
f 1389/611/1798 1387/601/1798 1566/601/1798 1568/611/1798
f 1383/608/1799 1381/628/1799 1560/628/1799 1562/608/1799
f 1446/583/1800 1362/584/1800 1541/584/1800 1625/583/1800
f 1438/576/1801 1361/577/1801 1540/577/1801 1617/576/1801
f 1439/578/1802 1346/579/1802 1525/579/1802 1618/578/1802
f 1445/587/1803 1363/588/1803 1542/588/1803 1624/587/1803
o Bots
v 0.187025 0.263734 -0.103924
v 0.149576 0.263743 -0.120549
v 0.157312 0.093117 -0.129823
v 0.187690 0.094950 -0.114621
v 0.200300 0.097201 -0.078969
v 0.195139 0.100318 -0.048960
v 0.161543 0.103737 -0.025695
v 0.129320 0.099165 -0.041104
v 0.151053 0.228226 -0.130643
v 0.117633 0.095407 -0.075919
v 0.115426 0.228075 -0.114955
v 0.127971 0.093733 -0.112834
v 0.097834 0.228349 -0.069496
v 0.199997 0.263672 -0.054748
v 0.185547 0.263566 -0.017545
v 0.146197 0.263458 0.000229
v 0.106689 0.263422 -0.017322
v 0.093926 0.263533 -0.055212
v 0.110327 0.263688 -0.104408
v 0.184890 0.181812 -0.110156
v 0.197422 0.181476 -0.067191
v 0.183525 0.181139 -0.029263
v 0.150230 0.181414 -0.013588
v 0.117801 0.182311 -0.029936
v 0.105070 0.183030 -0.067156
v 0.151127 0.182026 -0.126676
v 0.117825 0.182956 -0.109500
v 0.111673 0.228958 -0.034150
v 0.157787 0.227773 -0.006653
v 0.191106 0.227584 -0.029470
v 0.199938 0.227893 -0.069025
v 0.184621 0.228138 -0.114804
v 0.161200 -0.005392 -0.143426
v 0.210900 -0.003881 -0.129522
v 0.229059 -0.003658 -0.085379
v 0.225186 -0.004491 -0.042624
v 0.175680 -0.007895 -0.020054
v 0.122840 -0.005174 -0.030946
v 0.108981 -0.004298 -0.070967
v 0.116305 -0.004480 -0.118155
v 0.223479 -0.008604 0.106308
v 0.177219 -0.007740 0.132276
v 0.122489 -0.007765 0.142606
v 0.171721 0.079313 0.013812
v 0.218278 0.053251 -0.001991
v 0.228710 -0.004744 -0.001173
v 0.175780 -0.007895 0.012484
v 0.122310 -0.005169 0.024548
v 0.129472 0.064861 0.020993
v 0.221797 0.033244 -0.048276
v 0.120147 0.044377 -0.040324
v 0.205536 0.040799 -0.137614
v 0.156560 0.038489 -0.151004
v 0.221511 0.035030 -0.086593
v 0.110165 0.047018 -0.074541
v 0.111911 0.039562 -0.126850
v 0.228797 0.024860 -0.004628
v 0.120295 0.029051 0.019536
v 0.172368 0.060290 0.066347
v 0.235154 -0.006980 0.053654
v 0.116196 -0.006820 0.080828
v 0.225966 0.040343 0.048690
v 0.177046 -0.007895 0.075381
v 0.121043 0.049698 0.071657
v 0.238245 0.018091 0.049501
v 0.111081 0.022802 0.076418
v 0.210427 0.221126 -0.128169
v 0.214375 0.258759 -0.125768
v 0.232812 0.256107 -0.051750
v 0.209070 0.253550 0.005642
v 0.145683 0.251508 0.033089
v 0.082760 0.250713 0.004455
v 0.061803 0.252888 -0.053860
v 0.083998 0.256681 -0.126607
v 0.228792 0.218102 -0.059317
v 0.207156 0.215820 -0.002517
v 0.149701 0.259982 -0.155190
v 0.148645 0.214317 0.024504
v 0.089540 0.213753 -0.003153
v 0.069578 0.216069 -0.061367
v 0.091002 0.219982 -0.129345
v 0.151078 0.222281 -0.155631
v 0.198085 0.179265 -0.016862
v 0.150787 0.178714 0.006743
v 0.221061 0.231787 -0.057865
v 0.215491 0.180593 -0.067035
v 0.199760 0.182984 -0.123017
v 0.201288 0.230010 -0.006414
v 0.103242 0.178951 -0.017336
v 0.086625 0.180765 -0.068057
v 0.147305 0.228659 0.018269
v 0.103661 0.183327 -0.123638
v 0.093933 0.228604 -0.007210
v 0.151899 0.184129 -0.147049
v 0.076081 0.230335 -0.059045
v 0.095199 0.232846 -0.121149
v 0.204506 0.233735 -0.120685
v 0.150260 0.234639 -0.146505
v 0.239644 -0.004843 0.052955
v 0.231869 -0.006571 0.111087
v 0.179948 -0.006935 0.140149
v 0.226604 0.042856 0.050141
v 0.173744 0.062715 0.068329
v 0.179463 0.043982 0.137024
v 0.222830 0.030079 0.117217
v 0.236206 0.012606 0.119426
v 0.181195 0.018956 0.149362
v 0.110965 0.019075 0.157311
v 0.115754 -0.005676 0.150887
v 0.107871 0.024128 0.078456
v 0.112163 -0.004670 0.079040
v 0.121044 0.054946 0.074690
v 0.123959 0.042839 0.145744
v 0.241399 0.019620 0.051874
v -0.187025 0.263734 -0.103924
v -0.149576 0.263743 -0.120549
v -0.157312 0.093117 -0.129823
v -0.187690 0.094950 -0.114621
v -0.200300 0.097201 -0.078969
v -0.195139 0.100318 -0.048960
v -0.161543 0.103737 -0.025695
v -0.129320 0.099165 -0.041104
v -0.151053 0.228226 -0.130643
v -0.117633 0.095407 -0.075919
v -0.115426 0.228075 -0.114955
v -0.127971 0.093733 -0.112834
v -0.097834 0.228349 -0.069497
v -0.199997 0.263672 -0.054748
v -0.185547 0.263566 -0.017545
v -0.146197 0.263458 0.000229
v -0.106689 0.263422 -0.017322
v -0.093926 0.263533 -0.055212
v -0.110327 0.263688 -0.104408
v -0.184890 0.181812 -0.110156
v -0.197422 0.181476 -0.067191
v -0.183525 0.181139 -0.029263
v -0.150230 0.181414 -0.013588
v -0.117801 0.182311 -0.029936
v -0.105070 0.183030 -0.067156
v -0.151127 0.182026 -0.126676
v -0.117825 0.182956 -0.109500
v -0.111674 0.228958 -0.034150
v -0.157787 0.227773 -0.006653
v -0.191106 0.227584 -0.029470
v -0.199938 0.227893 -0.069025
v -0.184621 0.228138 -0.114804
v -0.161200 -0.005392 -0.143426
v -0.210900 -0.003881 -0.129522
v -0.229059 -0.003658 -0.085379
v -0.225186 -0.004491 -0.042624
v -0.175680 -0.007895 -0.020054
v -0.122840 -0.005174 -0.030946
v -0.108981 -0.004298 -0.070967
v -0.116305 -0.004480 -0.118155
v -0.223479 -0.008604 0.106308
v -0.177219 -0.007740 0.132276
v -0.122489 -0.007765 0.142606
v -0.171721 0.079313 0.013812
v -0.218278 0.053251 -0.001991
v -0.228710 -0.004744 -0.001173
v -0.175780 -0.007895 0.012484
v -0.122310 -0.005169 0.024548
v -0.129472 0.064861 0.020993
v -0.221797 0.033244 -0.048276
v -0.120147 0.044377 -0.040324
v -0.205536 0.040799 -0.137614
v -0.156560 0.038489 -0.151004
v -0.221511 0.035030 -0.086593
v -0.110165 0.047018 -0.074541
v -0.111911 0.039562 -0.126850
v -0.228797 0.024860 -0.004628
v -0.120295 0.029051 0.019536
v -0.172368 0.060290 0.066347
v -0.235154 -0.006980 0.053654
v -0.116196 -0.006820 0.080828
v -0.225966 0.040343 0.048690
v -0.177046 -0.007895 0.075381
v -0.121043 0.049698 0.071657
v -0.238245 0.018091 0.049501
v -0.111081 0.022802 0.076418
v -0.210427 0.221126 -0.128169
v -0.214375 0.258759 -0.125768
v -0.232812 0.256107 -0.051750
v -0.209070 0.253550 0.005642
v -0.145683 0.251508 0.033089
v -0.082760 0.250713 0.004455
v -0.061803 0.252888 -0.053860
v -0.083998 0.256681 -0.126607
v -0.228792 0.218102 -0.059317
v -0.207156 0.215820 -0.002517
v -0.149701 0.259982 -0.155190
v -0.148645 0.214317 0.024504
v -0.089540 0.213753 -0.003153
v -0.069578 0.216069 -0.061367
v -0.091002 0.219982 -0.129345
v -0.151078 0.222281 -0.155631
v -0.198085 0.179265 -0.016862
v -0.150787 0.178714 0.006743
v -0.221061 0.231787 -0.057865
v -0.215491 0.180593 -0.067035
v -0.199760 0.182984 -0.123017
v -0.201288 0.230010 -0.006414
v -0.103242 0.178951 -0.017336
v -0.086625 0.180765 -0.068057
v -0.147305 0.228659 0.018269
v -0.103661 0.183327 -0.123638
v -0.093933 0.228604 -0.007210
v -0.151899 0.184129 -0.147049
v -0.076081 0.230335 -0.059045
v -0.095199 0.232846 -0.121149
v -0.204506 0.233735 -0.120685
v -0.150260 0.234639 -0.146505
v -0.239644 -0.004843 0.052955
v -0.231869 -0.006571 0.111087
v -0.179948 -0.006935 0.140149
v -0.226604 0.042856 0.050141
v -0.173744 0.062715 0.068329
v -0.179463 0.043982 0.137024
v -0.222830 0.030079 0.117217
v -0.236206 0.012606 0.119426
v -0.181195 0.018956 0.149362
v -0.110965 0.019075 0.157311
v -0.115754 -0.005676 0.150887
v -0.107871 0.024128 0.078456
v -0.112163 -0.004670 0.079040
v -0.121044 0.054946 0.074690
v -0.123959 0.042839 0.145744
v -0.241399 0.019620 0.051874
v 0.186512 0.253748 -0.103835
v 0.149709 0.253748 -0.120277
v 0.157769 0.090934 -0.120075
v 0.180382 0.092590 -0.108217
v 0.190507 0.095310 -0.078242
v 0.186342 0.097573 -0.052841
v 0.160362 0.099156 -0.034505
v 0.137749 0.098030 -0.046363
v 0.150383 0.228539 -0.120670
v 0.127624 0.095310 -0.076337
v 0.115487 0.229016 -0.105000
v 0.135916 0.092590 -0.106869
v 0.101371 0.229150 -0.060177
v 0.198833 0.253748 -0.055135
v 0.184402 0.253748 -0.019062
v 0.146385 0.253748 -0.002155
v 0.108491 0.253748 -0.019099
v 0.095954 0.253748 -0.055583
v 0.111369 0.253748 -0.104081
v 0.180638 0.190002 -0.106301
v 0.191687 0.189665 -0.066963
v 0.179886 0.190002 -0.032127
v 0.150264 0.190815 -0.016997
v 0.120686 0.191628 -0.032141
v 0.109561 0.191965 -0.067123
v 0.151403 0.190432 -0.121265
v 0.121712 0.191628 -0.106389
v 0.113347 0.229016 -0.024291
v 0.147929 0.228692 -0.008064
v 0.182604 0.228368 -0.024264
v 0.195988 0.228234 -0.059845
v 0.184174 0.228368 -0.104817
v 0.161872 0.001523 -0.136234
v 0.204998 0.002105 -0.124106
v 0.220952 0.002105 -0.084350
v 0.217676 0.002105 -0.042308
v 0.175679 0.002105 -0.020064
v 0.129638 0.002105 -0.031845
v 0.116599 0.002105 -0.071948
v 0.122790 0.002105 -0.114336
v 0.224532 0.001297 0.107237
v 0.177840 0.002105 0.133913
v 0.121777 0.002105 0.144043
v 0.170048 0.070237 0.009961
v 0.210356 0.047188 -0.002684
v 0.221514 0.002105 -0.000024
v 0.175794 0.002105 0.012493
v 0.129134 0.002105 0.025267
v 0.136720 0.058241 0.019086
v 0.212196 0.030455 -0.048059
v 0.129913 0.043197 -0.042126
v 0.198987 0.038589 -0.130388
v 0.157677 0.037387 -0.141127
v 0.212001 0.032210 -0.085328
v 0.120038 0.045740 -0.075483
v 0.120075 0.038589 -0.121159
v 0.219179 0.022425 -0.003374
v 0.130215 0.027951 0.020156
v 0.173029 0.052224 0.072222
v 0.232271 0.001701 0.057696
v 0.118582 0.002105 0.084655
v 0.221110 0.034721 0.055384
v 0.177097 0.002105 0.075401
v 0.126701 0.046105 0.079078
v 0.231781 0.016918 0.057040
v 0.117535 0.022658 0.084055
v 0.204805 0.227522 -0.122927
v 0.207974 0.252778 -0.120946
v 0.224552 0.250561 -0.052755
v 0.203025 0.248646 -0.000637
v 0.145961 0.247096 0.024120
v 0.089411 0.246477 -0.001696
v 0.070560 0.248099 -0.054484
v 0.090592 0.251138 -0.121528
v 0.221838 0.225288 -0.059223
v 0.202116 0.223343 -0.006760
v 0.149775 0.253695 -0.147413
v 0.148401 0.222095 0.018223
v 0.094086 0.221743 -0.007088
v 0.075895 0.223806 -0.060876
v 0.096046 0.226737 -0.123967
v 0.150890 0.228500 -0.147802
v 0.192982 0.186775 -0.021054
v 0.150633 0.186422 0.000374
v 0.212795 0.226210 -0.058624
v 0.208556 0.187797 -0.066886
v 0.194110 0.189461 -0.117905
v 0.195055 0.225081 -0.012485
v 0.107916 0.186914 -0.021176
v 0.092954 0.188496 -0.067632
v 0.147546 0.224253 0.009296
v 0.108892 0.190129 -0.118502
v 0.100670 0.224302 -0.013219
v 0.151787 0.190367 -0.139233
v 0.084812 0.225486 -0.059541
v 0.101784 0.227290 -0.116073
v 0.198121 0.227755 -0.115840
v 0.150319 0.228460 -0.138643
v 0.233756 0.001573 0.057870
v 0.225980 0.000917 0.108045
v 0.178311 0.001645 0.135281
v 0.222071 0.035892 0.055704
v 0.173348 0.053681 0.072597
v 0.176877 0.036366 0.131082
v 0.217032 0.023341 0.112635
v 0.228108 0.011335 0.113697
v 0.177976 0.018068 0.139936
v 0.117350 0.017685 0.149742
v 0.120381 0.001512 0.145698
v 0.116008 0.022982 0.084155
v 0.117093 0.001936 0.084702
v 0.125923 0.047619 0.079435
v 0.127700 0.035425 0.140173
v 0.233290 0.017400 0.057287
v -0.186512 0.253748 -0.103835
v -0.149709 0.253748 -0.120277
v -0.157769 0.090934 -0.120075
v -0.180382 0.092590 -0.108217
v -0.190507 0.095310 -0.078242
v -0.186342 0.097573 -0.052841
v -0.160362 0.099156 -0.034505
v -0.137749 0.098030 -0.046363
v -0.150383 0.228539 -0.120670
v -0.127624 0.095310 -0.076337
v -0.115487 0.229016 -0.105000
v -0.135916 0.092590 -0.106869
v -0.101371 0.229150 -0.060177
v -0.198833 0.253748 -0.055135
v -0.184402 0.253748 -0.019062
v -0.146385 0.253748 -0.002155
v -0.108491 0.253748 -0.019099
v -0.095954 0.253748 -0.055583
v -0.111369 0.253748 -0.104081
v -0.180638 0.190002 -0.106301
v -0.191687 0.189665 -0.066963
v -0.179886 0.190002 -0.032127
v -0.150264 0.190815 -0.016997
v -0.120686 0.191628 -0.032141
v -0.109561 0.191965 -0.067123
v -0.151403 0.190432 -0.121265
v -0.121712 0.191628 -0.106389
v -0.113347 0.229016 -0.024291
v -0.147929 0.228692 -0.008064
v -0.182604 0.228368 -0.024264
v -0.195988 0.228234 -0.059845
v -0.184174 0.228368 -0.104817
v -0.161872 0.001523 -0.136234
v -0.204998 0.002105 -0.124106
v -0.220952 0.002105 -0.084350
v -0.217676 0.002105 -0.042308
v -0.175679 0.002105 -0.020064
v -0.129638 0.002105 -0.031845
v -0.116599 0.002105 -0.071948
v -0.122790 0.002105 -0.114336
v -0.224532 0.001297 0.107237
v -0.177840 0.002105 0.133913
v -0.121777 0.002105 0.144043
v -0.170048 0.070237 0.009961
v -0.210356 0.047188 -0.002684
v -0.221514 0.002105 -0.000024
v -0.175794 0.002105 0.012493
v -0.129134 0.002105 0.025267
v -0.136720 0.058241 0.019086
v -0.212196 0.030455 -0.048059
v -0.129913 0.043197 -0.042126
v -0.198987 0.038589 -0.130388
v -0.157677 0.037387 -0.141127
v -0.212001 0.032210 -0.085328
v -0.120038 0.045740 -0.075483
v -0.120075 0.038589 -0.121159
v -0.219179 0.022425 -0.003374
v -0.130215 0.027951 0.020156
v -0.173029 0.052224 0.072222
v -0.232271 0.001701 0.057696
v -0.118582 0.002105 0.084655
v -0.221110 0.034721 0.055384
v -0.177097 0.002105 0.075401
v -0.126701 0.046105 0.079078
v -0.231781 0.016918 0.057040
v -0.117535 0.022658 0.084055
v -0.204805 0.227522 -0.122927
v -0.207974 0.252778 -0.120946
v -0.224552 0.250561 -0.052755
v -0.203025 0.248646 -0.000637
v -0.145961 0.247096 0.024120
v -0.089411 0.246477 -0.001696
v -0.070560 0.248099 -0.054484
v -0.090592 0.251138 -0.121528
v -0.221838 0.225288 -0.059223
v -0.202116 0.223343 -0.006760
v -0.149775 0.253695 -0.147413
v -0.148401 0.222095 0.018223
v -0.094086 0.221743 -0.007088
v -0.075895 0.223806 -0.060876
v -0.096046 0.226737 -0.123967
v -0.150890 0.228500 -0.147802
v -0.192982 0.186775 -0.021054
v -0.150633 0.186422 0.000374
v -0.212795 0.226210 -0.058624
v -0.208556 0.187797 -0.066886
v -0.194110 0.189461 -0.117905
v -0.195055 0.225081 -0.012485
v -0.107916 0.186914 -0.021176
v -0.092954 0.188496 -0.067632
v -0.147546 0.224253 0.009296
v -0.108892 0.190129 -0.118502
v -0.100670 0.224302 -0.013219
v -0.151787 0.190367 -0.139233
v -0.084812 0.225486 -0.059541
v -0.101784 0.227290 -0.116073
v -0.198121 0.227755 -0.115840
v -0.150319 0.228460 -0.138643
v -0.233756 0.001573 0.057870
v -0.225980 0.000917 0.108045
v -0.178311 0.001645 0.135281
v -0.222071 0.035892 0.055704
v -0.173348 0.053681 0.072597
v -0.176877 0.036366 0.131082
v -0.217032 0.023341 0.112635
v -0.228108 0.011335 0.113697
v -0.177976 0.018068 0.139936
v -0.117350 0.017685 0.149742
v -0.120381 0.001512 0.145698
v -0.116008 0.022982 0.084155
v -0.117093 0.001936 0.084702
v -0.125923 0.047619 0.079435
v -0.127700 0.035425 0.140173
v -0.233290 0.017400 0.057287
vn 0.4963 -0.1012 0.8622
vn -0.3391 -0.9314 -0.1323
vn 0.9627 0.0333 0.2687
vn -0.3317 0.9332 0.1384
vn -0.9313 -0.1690 0.3228
vn 0.1369 -0.9569 0.2563
vn -0.9555 -0.1038 -0.2761
vn -0.2898 -0.9553 0.0579
vn -0.4790 -0.0120 -0.8777
vn 0.1725 -0.9246 -0.3395
vn 0.4412 0.0613 -0.8953
vn 0.1955 0.9803 -0.0282
vn 0.3498 -0.9324 0.0904
vn -0.4243 -0.1884 0.8857
vn 0.0665 0.9904 -0.1209
vn -0.0005 -0.9999 -0.0153
vn -0.0069 -0.9999 -0.0123
vn -0.0059 -0.9999 -0.0140
vn -0.0057 -0.9998 -0.0173
vn 0.9503 0.0605 -0.3054
vn 0.1414 -0.9871 -0.0756
vn -0.1624 0.9171 0.3641
vn -0.1665 0.9856 -0.0297
vn 0.0042 -0.9999 -0.0158
vn -0.7086 0.1808 -0.6821
vn -0.7068 0.1823 -0.6835
vn -0.7068 0.1800 -0.6841
vn 0.2690 -0.1383 -0.9532
vn 0.9377 0.1084 -0.3300
vn -0.9515 0.0252 0.3068
vn -0.9515 0.0253 0.3065
vn -0.9515 0.0256 0.3067
vn -0.4763 -0.2071 -0.8546
vn 0.9881 0.1458 0.0484
vn -0.9952 -0.0447 -0.0873
vn 0.3010 -0.9533 0.0240
vn 0.3029 -0.9527 0.0248
vn 0.3001 -0.9536 0.0257
vn -0.3595 -0.9330 0.0130
vn -0.0540 0.5846 -0.8095
vn -0.0528 0.5856 -0.8089
vn -0.0529 0.5837 -0.8103
vn 0.2706 -0.1257 -0.9545
vn 0.2700 -0.1273 -0.9544
vn 0.2678 -0.1271 -0.9550
vn -0.0099 -0.9999 -0.0061
vn -0.0104 -0.9999 -0.0006
vn -0.0132 -0.9999 -0.0059
vn 0.5269 0.2685 -0.8064
vn 0.9278 0.3631 -0.0864
vn -0.0505 -0.9987 -0.0000
vn -0.0516 -0.9987 0.0009
vn -0.0527 -0.9986 -0.0021
vn -0.0512 -0.9987 -0.0002
vn -0.2657 0.8227 0.5026
vn -0.9983 -0.0580 -0.0110
vn 0.4900 0.7551 0.4355
vn 0.0628 -0.9980 -0.0065
vn 0.0613 -0.9981 -0.0058
vn 0.0603 -0.9982 -0.0069
vn 0.0634 -0.9980 -0.0081
vn -0.9769 0.1972 0.0827
vn 0.9923 0.0325 -0.1194
vn 0.9921 0.0332 -0.1206
vn -0.0812 -0.0979 -0.9919
vn -0.1904 0.5609 -0.8057
vn -0.1889 0.5618 -0.8054
vn -0.1881 0.5605 -0.8065
vn -0.1900 0.5600 -0.8064
vn 0.0220 -0.9831 0.1816
vn 0.0227 -0.9825 0.1847
vn 0.0185 -0.9832 0.1819
vn 0.0826 -0.9853 0.1497
vn 0.0796 -0.9853 0.1510
vn 0.0788 -0.9859 0.1477
vn -0.9587 0.2390 -0.1543
vn -0.9589 0.2385 -0.1535
vn 0.9371 0.3438 0.0602
vn -0.4517 0.3370 -0.8261
vn -0.9428 0.1582 0.2934
vn -0.9428 0.1578 0.2937
vn 0.8864 0.3706 -0.2773
vn 0.2923 0.3989 -0.8692
vn -0.9532 0.2857 -0.0995
vn -0.9531 0.2851 -0.1020
vn 0.9857 -0.0770 -0.1496
vn 0.9856 -0.0782 -0.1502
vn 0.9854 -0.0774 -0.1519
vn 0.9086 0.4116 -0.0713
vn -0.0356 -0.9993 -0.0153
vn -0.0374 -0.9992 -0.0136
vn -0.0410 -0.9990 -0.0154
vn -0.2105 0.9326 0.2931
vn -0.2093 0.9331 0.2926
vn -0.2109 0.9328 0.2922
vn -0.9812 -0.1305 -0.1420
vn 0.4681 0.8542 0.2265
vn 0.4693 0.8538 0.2255
vn 0.0315 -0.9993 -0.0190
vn 0.0294 -0.9994 -0.0197
vn 0.0279 -0.9994 -0.0212
vn 0.0302 -0.9992 -0.0264
vn 0.1352 0.9297 0.3427
vn -0.2354 0.9678 0.0886
vn 0.0130 0.9999 -0.0032
vn 0.1661 0.9831 0.0771
vn 0.0611 -0.9981 -0.0068
vn 0.9654 -0.0686 -0.2514
vn 0.9213 -0.1469 0.3599
vn 0.4049 -0.1940 0.8935
vn -0.4038 -0.2455 0.8813
vn -0.9177 -0.2451 0.3128
vn -0.9424 -0.1476 -0.3002
vn -0.3996 -0.0059 -0.9167
vn 0.4171 0.0200 -0.9086
vn -0.1251 -0.9625 0.2409
vn -0.1628 0.9246 0.3444
vn -0.0928 0.9852 -0.1439
vn -0.1889 -0.9088 -0.3720
vn 0.1207 0.9401 0.3189
vn -0.2708 0.9611 -0.0546
vn 0.2422 0.9622 0.1249
vn 0.3787 -0.9127 -0.1535
vn 0.9622 -0.0676 -0.2639
vn 0.9307 -0.1448 0.3361
vn 0.4253 -0.1919 0.8845
vn -0.4278 -0.2441 0.8703
vn -0.9221 -0.2427 0.3015
vn -0.9438 -0.1466 -0.2963
vn -0.4265 -0.0157 -0.9043
vn 0.4389 0.0120 -0.8985
vn -0.0017 -0.9996 -0.0271
vn 0.0261 -0.9960 -0.0859
vn -0.0524 -0.9920 -0.1144
vn -0.0677 -0.9968 -0.0429
vn 0.0640 -0.9860 -0.1542
vn -0.0509 0.9963 -0.0691
vn -0.0311 -0.9977 -0.0594
vn 0.0398 0.9992 -0.0016
vn 0.3944 0.8964 0.2024
vn 0.3955 0.8954 0.2045
vn 0.4321 -0.3733 0.8210
vn 0.4350 -0.3729 0.8196
vn 0.1292 -0.2843 0.9500
vn 0.1290 -0.2813 0.9509
vn -0.9846 -0.1710 0.0368
vn -0.0522 0.9742 0.2194
vn -0.0487 0.9742 0.2204
vn -0.0499 0.9746 0.2182
vn 0.8081 0.5726 0.1380
vn 0.9841 -0.1525 0.0909
vn -0.8894 0.4484 0.0882
vn -0.8885 0.4505 0.0872
vn 0.1162 0.4152 0.9023
vn 0.4762 0.4315 0.7661
vn -0.4963 -0.1012 0.8622
vn 0.3391 -0.9314 -0.1323
vn -0.9627 0.0333 0.2687
vn 0.3317 0.9332 0.1384
vn 0.9313 -0.1690 0.3228
vn -0.1369 -0.9569 0.2563
vn 0.9555 -0.1038 -0.2761
vn 0.2898 -0.9553 0.0579
vn 0.4790 -0.0120 -0.8777
vn -0.1725 -0.9246 -0.3395
vn -0.4412 0.0613 -0.8953
vn -0.1955 0.9803 -0.0282
vn -0.3498 -0.9324 0.0904
vn 0.4243 -0.1884 0.8857
vn -0.0665 0.9904 -0.1209
vn 0.0005 -0.9999 -0.0153
vn 0.0057 -0.9998 -0.0174
vn 0.0059 -0.9999 -0.0140
vn 0.0069 -0.9999 -0.0122
vn -0.9503 0.0605 -0.3054
vn -0.1414 -0.9871 -0.0756
vn 0.1624 0.9171 0.3641
vn 0.1665 0.9856 -0.0297
vn -0.0042 -0.9999 -0.0158
vn 0.7086 0.1808 -0.6821
vn 0.7068 0.1801 -0.6841
vn 0.7068 0.1823 -0.6835
vn -0.2690 -0.1383 -0.9532
vn -0.9377 0.1084 -0.3300
vn 0.9515 0.0252 0.3068
vn 0.9515 0.0256 0.3067
vn 0.9515 0.0253 0.3065
vn 0.4763 -0.2071 -0.8546
vn -0.9881 0.1458 0.0484
vn 0.9952 -0.0447 -0.0873
vn -0.3010 -0.9533 0.0240
vn -0.3001 -0.9536 0.0257
vn -0.3029 -0.9527 0.0248
vn 0.3595 -0.9330 0.0130
vn 0.0540 0.5846 -0.8095
vn 0.0529 0.5837 -0.8103
vn 0.0527 0.5857 -0.8088
vn -0.2706 -0.1257 -0.9545
vn -0.2679 -0.1271 -0.9550
vn -0.2700 -0.1273 -0.9544
vn 0.0099 -0.9999 -0.0061
vn 0.0132 -0.9999 -0.0059
vn 0.0104 -0.9999 -0.0006
vn -0.5269 0.2685 -0.8064
vn -0.9278 0.3631 -0.0864
vn 0.0505 -0.9987 -0.0000
vn 0.0512 -0.9987 -0.0002
vn 0.0527 -0.9986 -0.0021
vn 0.0516 -0.9987 0.0009
vn 0.2657 0.8227 0.5026
vn 0.9983 -0.0580 -0.0110
vn -0.4900 0.7551 0.4355
vn -0.0628 -0.9980 -0.0065
vn -0.0634 -0.9980 -0.0081
vn -0.0603 -0.9982 -0.0069
vn -0.0613 -0.9981 -0.0058
vn 0.9769 0.1972 0.0827
vn -0.9923 0.0325 -0.1194
vn -0.9921 0.0332 -0.1206
vn 0.0812 -0.0979 -0.9919
vn 0.1904 0.5609 -0.8057
vn 0.1900 0.5600 -0.8064
vn 0.1881 0.5605 -0.8065
vn 0.1889 0.5618 -0.8054
vn -0.0220 -0.9831 0.1816
vn -0.0185 -0.9832 0.1819
vn -0.0227 -0.9825 0.1847
vn -0.0827 -0.9853 0.1497
vn -0.0788 -0.9859 0.1477
vn -0.0796 -0.9853 0.1510
vn 0.9587 0.2390 -0.1543
vn 0.9589 0.2385 -0.1535
vn -0.9371 0.3438 0.0602
vn 0.4517 0.3370 -0.8261
vn 0.9428 0.1582 0.2934
vn 0.9428 0.1578 0.2938
vn -0.8864 0.3706 -0.2773
vn -0.2923 0.3989 -0.8692
vn 0.9532 0.2857 -0.0995
vn 0.9531 0.2851 -0.1020
vn -0.9857 -0.0770 -0.1496
vn -0.9854 -0.0774 -0.1519
vn -0.9856 -0.0782 -0.1502
vn -0.9086 0.4116 -0.0713
vn 0.0356 -0.9993 -0.0153
vn 0.0410 -0.9990 -0.0154
vn 0.0374 -0.9992 -0.0136
vn 0.2105 0.9326 0.2931
vn 0.2108 0.9328 0.2922
vn 0.2094 0.9330 0.2926
vn 0.9812 -0.1305 -0.1420
vn -0.4681 0.8542 0.2265
vn -0.4693 0.8538 0.2255
vn -0.0315 -0.9993 -0.0190
vn -0.0302 -0.9992 -0.0264
vn -0.0279 -0.9994 -0.0212
vn -0.0294 -0.9994 -0.0197
vn -0.1352 0.9297 0.3427
vn 0.2354 0.9678 0.0886
vn -0.0130 0.9999 -0.0032
vn -0.1661 0.9831 0.0771
vn -0.0611 -0.9981 -0.0068
vn -0.9654 -0.0686 -0.2514
vn -0.9213 -0.1469 0.3599
vn -0.4049 -0.1940 0.8935
vn 0.4038 -0.2455 0.8813
vn 0.9177 -0.2451 0.3128
vn 0.9424 -0.1476 -0.3002
vn 0.3996 -0.0059 -0.9167
vn -0.4171 0.0200 -0.9086
vn 0.1251 -0.9625 0.2409
vn 0.1628 0.9246 0.3444
vn 0.0928 0.9852 -0.1439
vn 0.1889 -0.9088 -0.3720
vn -0.1207 0.9401 0.3189
vn 0.2708 0.9611 -0.0546
vn -0.2422 0.9622 0.1249
vn -0.3787 -0.9127 -0.1535
vn -0.9622 -0.0676 -0.2639
vn -0.9307 -0.1448 0.3361
vn -0.4253 -0.1919 0.8845
vn 0.4278 -0.2441 0.8703
vn 0.9221 -0.2427 0.3015
vn 0.9438 -0.1466 -0.2963
vn 0.4265 -0.0157 -0.9043
vn -0.4389 0.0120 -0.8985
vn 0.0017 -0.9996 -0.0271
vn -0.0261 -0.9960 -0.0859
vn 0.0524 -0.9920 -0.1144
vn 0.0677 -0.9968 -0.0429
vn -0.0640 -0.9860 -0.1542
vn 0.0509 0.9963 -0.0691
vn 0.0311 -0.9977 -0.0594
vn -0.0398 0.9992 -0.0016
vn -0.3944 0.8964 0.2024
vn -0.3956 0.8954 0.2046
vn -0.4321 -0.3733 0.8210
vn -0.4350 -0.3729 0.8196
vn -0.1292 -0.2843 0.9500
vn -0.1289 -0.2813 0.9509
vn 0.9846 -0.1710 0.0368
vn 0.0522 0.9742 0.2194
vn 0.0499 0.9746 0.2182
vn 0.0487 0.9742 0.2204
vn -0.8081 0.5726 0.1380
vn -0.9841 -0.1525 0.0909
vn 0.8894 0.4485 0.0882
vn 0.8885 0.4505 0.0872
vn -0.1162 0.4152 0.9023
vn -0.4762 0.4315 0.7661
vn -0.5071 0.1313 -0.8519
vn 0.1437 0.9868 0.0743
vn -0.9663 0.0167 -0.2568
vn 0.2384 -0.9659 -0.1014
vn 0.9270 0.2095 -0.3110
vn -0.0309 0.9988 -0.0375
vn 0.9514 0.1434 0.2724
vn 0.0814 0.9967 0.0001
vn 0.4800 0.0529 0.8757
vn -0.1192 0.9597 0.2545
vn -0.4591 -0.0175 0.8882
vn -0.0870 -0.9962 0.0026
vn -0.1569 0.9873 -0.0242
vn 0.4478 0.2143 -0.8681
vn -0.0165 -0.9998 0.0151
vn 0.0146 0.9998 0.0101
vn 0.0167 0.9999 0.0028
vn 0.0139 0.9999 0.0046
vn 0.0123 0.9999 0.0058
vn -0.9562 -0.0130 0.2925
vn -0.2346 0.9672 0.0979
vn -0.0180 -0.9997 0.0152
vn -0.1486 -0.9865 -0.0686
vn -0.0003 1.0000 -0.0026
vn 0.2597 0.0911 0.9614
vn 0.2614 0.0872 0.9613
vn 0.2618 0.0899 0.9609
vn -0.2620 0.1111 0.9587
vn -0.9354 -0.1768 0.3062
vn 0.9498 -0.0904 -0.2994
vn 0.9497 -0.0904 -0.2999
vn 0.9498 -0.0902 -0.2996
vn 0.4743 0.1847 0.8608
vn -0.9688 -0.2441 -0.0430
vn 0.9975 0.0001 0.0705
vn 0.1593 0.9866 0.0353
vn 0.1573 0.9869 0.0359
vn 0.1598 0.9864 0.0371
vn -0.2462 0.9691 0.0167
vn 0.1968 -0.3392 0.9199
vn 0.1970 -0.3408 0.9193
vn 0.1985 -0.3392 0.9195
vn -0.1417 0.0358 0.9893
vn -0.1443 0.0368 0.9888
vn -0.1435 0.0350 0.9890
vn -0.0000 1.0000 -0.0000
vn -0.0004 1.0000 -0.0033
vn -0.0053 1.0000 0.0014
vn -0.2017 -0.0343 0.9788
vn -0.9331 -0.3481 0.0905
vn -0.0000 1.0000 0.0007
vn -0.0022 1.0000 -0.0010
vn -0.0012 1.0000 0.0001
vn 0.2182 -0.8197 -0.5296
vn 0.9998 -0.0205 -0.0009
vn -0.4885 -0.7465 -0.4517
vn 0.0005 1.0000 0.0011
vn 0.0011 1.0000 -0.0022
vn -0.0009 1.0000 -0.0011
vn -0.0003 1.0000 0.0006
vn 0.9831 -0.1698 -0.0676
vn -0.9844 -0.1375 0.1098
vn -0.9846 -0.1364 0.1089
vn 0.0503 0.0301 0.9983
vn 0.1679 -0.2103 0.9631
vn 0.1671 -0.2116 0.9630
vn 0.1690 -0.2121 0.9625
vn 0.1692 -0.2104 0.9629
vn 0.0611 0.9365 0.3452
vn 0.0598 0.9377 0.3423
vn 0.0580 0.9364 0.3461
vn 0.1526 0.9586 0.2403
vn 0.1540 0.9596 0.2354
vn 0.1512 0.9596 0.2373
vn 0.9624 -0.2353 0.1357
vn 0.9621 -0.2361 0.1364
vn -0.9386 -0.3403 -0.0567
vn 0.4461 -0.3384 0.8286
vn 0.9424 -0.1537 -0.2972
vn 0.9424 -0.1540 -0.2969
vn -0.8927 -0.3700 0.2573
vn -0.2896 -0.3994 0.8698
vn 0.9549 -0.2629 0.1380
vn 0.9543 -0.2654 0.1372
vn -0.9798 -0.0556 0.1920
vn -0.9802 -0.0546 0.1901
vn -0.9800 -0.0564 0.1909
vn -0.9041 -0.4114 0.1158
vn -0.0007 1.0000 -0.0055
vn -0.0011 1.0000 0.0022
vn 0.1726 -0.9586 -0.2265
vn 0.1716 -0.9587 -0.2267
vn 0.1731 -0.9582 -0.2276
vn 0.9823 0.0222 0.1860
vn -0.4570 -0.8732 -0.1690
vn -0.4566 -0.8731 -0.1707
vn 0.0071 1.0000 0.0039
vn 0.0100 1.0000 0.0007
vn 0.0036 1.0000 0.0013
vn 0.0039 1.0000 0.0039
vn 0.0302 -0.9984 0.0477
vn -0.0837 -0.9965 0.0053
vn 0.1170 -0.9598 -0.2552
vn 0.1639 -0.9859 0.0340
vn -0.1525 0.9877 -0.0333
vn -0.9660 0.0709 0.2486
vn -0.9210 0.1550 -0.3575
vn -0.4055 0.2008 -0.8918
vn 0.4028 0.2570 -0.8784
vn 0.9146 0.2610 -0.3089
vn 0.9420 0.1547 0.2980
vn 0.3997 0.0007 0.9167
vn -0.4166 -0.0257 0.9087
vn 0.0182 0.9998 -0.0110
vn 0.1205 -0.9601 -0.2522
vn 0.0432 -0.9983 0.0395
vn 0.0907 0.9720 0.2166
vn -0.0816 -0.9716 -0.2223
vn 0.1673 -0.9856 0.0254
vn -0.1463 -0.9859 -0.0811
vn -0.2347 0.9666 0.1026
vn -0.9629 0.0684 0.2611
vn -0.9307 0.1498 -0.3336
vn -0.4270 0.1970 -0.8825
vn 0.4282 0.2535 -0.8674
vn 0.9200 0.2546 -0.2980
vn 0.9436 0.1523 0.2940
vn 0.4278 0.0125 0.9038
vn -0.4400 -0.0166 0.8979
vn 0.0791 0.9969 -0.0002
vn 0.0235 0.9997 -0.0095
vn 0.1116 0.9718 0.2075
vn 0.1463 0.9875 0.0580
vn -0.1139 0.9593 0.2585
vn -0.0949 -0.9713 -0.2182
vn -0.0102 0.9988 -0.0477
vn 0.2384 -0.9664 -0.0962
vn -0.4004 -0.8859 -0.2345
vn -0.3980 -0.8870 -0.2343
vn -0.4290 0.3487 -0.8333
vn -0.4286 0.3515 -0.8323
vn -0.1643 0.2385 -0.9571
vn -0.1675 0.2388 -0.9565
vn 0.9931 0.1127 -0.0312
vn 0.0298 -0.9705 -0.2391
vn 0.0305 -0.9699 -0.2414
vn 0.0331 -0.9700 -0.2407
vn -0.7888 -0.5912 -0.1682
vn -0.9897 0.0849 -0.1150
vn 0.8872 -0.4540 -0.0826
vn 0.8875 -0.4529 -0.0846
vn -0.1490 -0.4195 -0.8954
vn -0.4738 -0.4400 -0.7628
vn 0.5071 0.1313 -0.8519
vn -0.1437 0.9868 0.0743
vn 0.9663 0.0167 -0.2568
vn -0.2384 -0.9659 -0.1014
vn -0.9270 0.2095 -0.3110
vn 0.0309 0.9988 -0.0375
vn -0.9514 0.1434 0.2724
vn -0.0814 0.9967 0.0001
vn -0.4800 0.0529 0.8757
vn 0.1192 0.9597 0.2545
vn 0.4591 -0.0175 0.8882
vn 0.0870 -0.9962 0.0026
vn 0.1569 0.9873 -0.0242
vn -0.4478 0.2143 -0.8681
vn 0.0165 -0.9998 0.0151
vn -0.0146 0.9998 0.0101
vn -0.0122 0.9999 0.0058
vn -0.0139 0.9999 0.0046
vn -0.0168 0.9999 0.0027
vn 0.9562 -0.0130 0.2925
vn 0.2346 0.9672 0.0979
vn 0.0180 -0.9997 0.0152
vn 0.1486 -0.9865 -0.0686
vn 0.0003 1.0000 -0.0026
vn -0.2597 0.0910 0.9614
vn -0.2618 0.0899 0.9609
vn -0.2614 0.0873 0.9613
vn 0.2620 0.1111 0.9587
vn 0.9354 -0.1768 0.3062
vn -0.9498 -0.0904 -0.2994
vn -0.9498 -0.0902 -0.2996
vn -0.9497 -0.0904 -0.2999
vn -0.4743 0.1847 0.8608
vn 0.9688 -0.2441 -0.0430
vn -0.9975 0.0001 0.0705
vn -0.1593 0.9866 0.0353
vn -0.1598 0.9864 0.0371
vn -0.1573 0.9869 0.0359
vn 0.2462 0.9691 0.0167
vn -0.1968 -0.3392 0.9199
vn -0.1986 -0.3391 0.9195
vn -0.1970 -0.3408 0.9193
vn 0.1417 0.0358 0.9893
vn 0.1435 0.0350 0.9890
vn 0.1443 0.0367 0.9889
vn 0.0053 1.0000 0.0014
vn 0.0004 1.0000 -0.0033
vn 0.2017 -0.0343 0.9788
vn 0.9331 -0.3481 0.0905
vn 0.0012 1.0000 0.0001
vn 0.0022 1.0000 -0.0010
vn -0.2182 -0.8197 -0.5296
vn -0.9998 -0.0205 -0.0009
vn 0.4885 -0.7465 -0.4517
vn -0.0005 1.0000 0.0011
vn 0.0003 1.0000 0.0006
vn 0.0009 1.0000 -0.0011
vn -0.0011 1.0000 -0.0022
vn -0.9831 -0.1698 -0.0676
vn 0.9844 -0.1375 0.1098
vn 0.9846 -0.1364 0.1089
vn -0.0503 0.0301 0.9983
vn -0.1679 -0.2102 0.9631
vn -0.1693 -0.2104 0.9629
vn -0.1690 -0.2121 0.9625
vn -0.1671 -0.2116 0.9630
vn -0.0611 0.9365 0.3452
vn -0.0580 0.9364 0.3461
vn -0.0598 0.9377 0.3423
vn -0.1527 0.9586 0.2403
vn -0.1512 0.9596 0.2373
vn -0.1540 0.9596 0.2354
vn -0.9624 -0.2353 0.1357
vn -0.9621 -0.2360 0.1363
vn 0.9386 -0.3403 -0.0567
vn -0.4461 -0.3384 0.8286
vn -0.9424 -0.1537 -0.2972
vn -0.9424 -0.1541 -0.2968
vn 0.8927 -0.3700 0.2573
vn 0.2896 -0.3994 0.8698
vn -0.9549 -0.2629 0.1380
vn -0.9543 -0.2654 0.1372
vn 0.9798 -0.0556 0.1920
vn 0.9800 -0.0564 0.1909
vn 0.9802 -0.0546 0.1901
vn 0.9041 -0.4114 0.1158
vn 0.0011 1.0000 0.0022
vn 0.0007 1.0000 -0.0055
vn -0.1726 -0.9586 -0.2265
vn -0.1731 -0.9583 -0.2274
vn -0.1716 -0.9587 -0.2267
vn -0.9823 0.0222 0.1860
vn 0.4570 -0.8732 -0.1690
vn 0.4566 -0.8731 -0.1708
vn -0.0071 1.0000 0.0039
vn -0.0039 1.0000 0.0039
vn -0.0036 1.0000 0.0013
vn -0.0100 1.0000 0.0007
vn -0.0302 -0.9984 0.0477
vn 0.0837 -0.9965 0.0053
vn -0.1170 -0.9598 -0.2552
vn -0.1639 -0.9859 0.0340
vn 0.1525 0.9877 -0.0333
vn 0.9660 0.0709 0.2486
vn 0.9210 0.1550 -0.3575
vn 0.4055 0.2008 -0.8918
vn -0.4028 0.2570 -0.8784
vn -0.9146 0.2610 -0.3089
vn -0.9420 0.1547 0.2980
vn -0.3997 0.0007 0.9167
vn 0.4166 -0.0257 0.9087
vn -0.0182 0.9998 -0.0110
vn -0.1205 -0.9601 -0.2522
vn -0.0432 -0.9983 0.0395
vn -0.0907 0.9720 0.2166
vn 0.0816 -0.9716 -0.2223
vn -0.1673 -0.9856 0.0254
vn 0.1463 -0.9859 -0.0811
vn 0.2347 0.9666 0.1026
vn 0.9629 0.0684 0.2611
vn 0.9307 0.1498 -0.3336
vn 0.4270 0.1970 -0.8825
vn -0.4282 0.2535 -0.8674
vn -0.9200 0.2546 -0.2980
vn -0.9436 0.1523 0.2940
vn -0.4278 0.0125 0.9038
vn 0.4400 -0.0166 0.8979
vn -0.0791 0.9969 -0.0002
vn -0.0235 0.9997 -0.0095
vn -0.1116 0.9718 0.2075
vn -0.1463 0.9875 0.0580
vn 0.1139 0.9593 0.2585
vn 0.0949 -0.9713 -0.2182
vn 0.0102 0.9988 -0.0477
vn -0.2384 -0.9664 -0.0962
vn 0.4004 -0.8859 -0.2345
vn 0.3980 -0.8870 -0.2343
vn 0.4290 0.3487 -0.8333
vn 0.4286 0.3515 -0.8323
vn 0.1643 0.2385 -0.9571
vn 0.1675 0.2388 -0.9565
vn -0.9931 0.1127 -0.0312
vn -0.0298 -0.9705 -0.2391
vn -0.0332 -0.9700 -0.2407
vn -0.0305 -0.9699 -0.2414
vn 0.7888 -0.5912 -0.1682
vn 0.9897 0.0849 -0.1150
vn -0.8872 -0.4539 -0.0826
vn -0.8875 -0.4529 -0.0846
vn 0.1490 -0.4195 -0.8954
vn 0.4738 -0.4400 -0.7628
vn -0.9653 0.0775 0.2495
vn -0.9209 0.1427 -0.3627
vn -0.4012 0.1983 -0.8943
vn 0.3959 0.2314 -0.8886
vn 0.9243 0.2166 -0.3141
vn 0.9406 0.1457 0.3066
vn 0.3842 0.0504 0.9219
vn -0.4067 0.0243 0.9132
vn 0.9653 0.0775 0.2495
vn 0.9209 0.1427 -0.3627
vn 0.4012 0.1983 -0.8943
vn -0.3959 0.2314 -0.8886
vn -0.9243 0.2166 -0.3141
vn -0.9406 0.1457 0.3066
vn -0.3842 0.0504 0.9219
vn 0.4067 0.0243 0.9132
vt 0.594188 0.697673
vt 0.586590 0.685779
vt 0.596211 0.682317
vt 0.594199 0.697699
vt 0.564850 0.656013
vt 0.548644 0.688406
vt 0.526260 0.686587
vt 0.547190 0.637960
vt 0.594166 0.697667
vt 0.581907 0.695688
vt 0.748170 0.584834
vt 0.756027 0.708110
vt 0.700959 0.700815
vt 0.684177 0.629047
vt 0.594194 0.697724
vt 0.605506 0.687206
vt 0.608469 0.697941
vt 0.594165 0.697730
vt 0.589597 0.739743
vt 0.624720 0.737372
vt 0.636521 0.756244
vt 0.586147 0.764757
vt 0.602151 0.708694
vt 0.594147 0.697714
vt 0.557427 0.729177
vt 0.541248 0.743898
vt 0.593222 0.710679
vt 0.594146 0.697697
vt 0.635035 0.663490
vt 0.602133 0.641243
vt 0.604183 0.613902
vt 0.656580 0.648792
vt 0.585518 0.706811
vt 0.594149 0.697681
vt 0.454218 0.816932
vt 0.436730 0.669300
vt 0.492504 0.676042
vt 0.515224 0.760360
vt 0.643367 0.698884
vt 0.666121 0.702734
vt 0.575201 0.847610
vt 0.582888 0.794054
vt 0.594170 0.697698
vt 0.594169 0.697698
vt 0.594169 0.697698
vt 0.594170 0.697697
vt 0.610044 0.683687
vt 0.613466 0.698851
vt 0.568909 0.718394
vt 0.591020 0.730081
vt 0.573333 0.667184
vt 0.559066 0.689707
vt 0.594169 0.697700
vt 0.594170 0.697699
vt 0.594170 0.697699
vt 0.594170 0.697699
vt 0.594170 0.697699
vt 0.594169 0.697700
vt 0.594169 0.697700
vt 0.594169 0.697700
vt 0.594170 0.697698
vt 0.594169 0.697697
vt 0.594170 0.697698
vt 0.594169 0.697700
vt 0.594170 0.697699
vt 0.594170 0.697699
vt 0.594170 0.697701
vt 0.594170 0.697702
vt 0.594169 0.697701
vt 0.594170 0.697698
vt 0.594170 0.697698
vt 0.594170 0.697697
vt 0.594170 0.697696
vt 0.594170 0.697695
vt 0.594169 0.697697
vt 0.594169 0.697699
vt 0.594169 0.697699
vt 0.594169 0.697698
vt 0.594169 0.697699
vt 0.594169 0.697699
vt 0.594170 0.697699
vt 0.594170 0.697700
vt 0.594170 0.697699
vt 0.594169 0.697699
vt 0.594169 0.697700
vt 0.594170 0.697701
vt 0.594169 0.697699
vt 0.594169 0.697699
vt 0.594170 0.697697
vt 0.616151 0.723882
vt 0.624329 0.672764
vt 0.600382 0.659741
vt 0.632763 0.697525
vt 0.604869 0.712793
vt 0.528192 0.608660
vt 0.613194 0.577809
vt 0.658604 0.778047
vt 0.629015 0.456791
vt 0.703755 0.847610
vt 0.475866 0.549012
vt 0.581939 0.709887
vt 0.577209 0.695496
vt 0.582839 0.682079
vt 0.596340 0.676408
vt 0.592571 0.715387
vt 0.594170 0.697697
vt 0.594170 0.697698
vt 0.594170 0.697698
vt 0.594170 0.697697
vt 0.594170 0.697694
vt 0.594170 0.697696
s 0
usemtl Palette
f 1631/661/1804 1647/662/1804 1648/663/1804 1632/664/1804
f 1655/665/1805 1656/666/1805 1700/667/1805 1701/668/1805
f 1630/669/1806 1646/670/1806 1647/662/1806 1631/661/1806
f 1642/671/1807 1643/672/1807 1698/673/1807 1697/674/1807
f 1633/675/1808 1649/676/1808 1650/677/1808 1635/678/1808
f 1634/679/1809 1636/680/1809 1706/681/1809 1707/682/1809
f 1635/678/1810 1650/677/1810 1652/683/1810 1637/684/1810
f 1656/666/1811 1657/685/1811 1692/686/1811 1700/667/1811
f 1637/684/1812 1652/683/1812 1651/687/1812 1628/688/1812
f 1653/689/1813 1654/690/1813 1703/691/1813 1704/692/1813
f 1628/688/1814 1651/687/1814 1645/693/1814 1629/694/1814
f 1626/695/1815 1639/696/1815 1694/697/1815 1693/698/1815
f 1636/680/1816 1638/699/1816 1705/700/1816 1706/681/1816
f 1632/664/1817 1648/663/1817 1649/676/1817 1633/675/1817
f 1627/701/1818 1626/695/1818 1693/698/1818 1702/702/1818
f 1688/703/1819 1685/704/1820 1666/705/1821 1667/706/1822
f 1629/694/1823 1645/693/1823 1646/670/1823 1630/669/1823
f 1650/677/1824 1649/676/1824 1714/707/1824 1715/708/1824
f 1634/679/1825 1657/685/1825 1722/709/1825 1723/710/1825
f 1656/666/1826 1655/665/1826 1713/711/1826 1710/712/1826
f 1658/713/1827 1659/714/1827 1660/715/1827 1661/716/1827 1662/717/1827 1663/718/1827 1664/719/1827 1665/720/1827
f 1689/703/1828 1691/721/1829 1735/722/1829 1737/723/1830
f 1678/724/1831 1677/725/1831 1659/714/1831 1658/713/1831
f 1677/725/1832 1679/726/1832 1660/715/1832 1659/714/1832
f 1676/727/1833 1680/728/1834 1664/719/1833 1663/718/1835
f 1681/729/1836 1678/724/1836 1658/713/1836 1665/720/1836
f 1679/726/1837 1675/713/1837 1661/716/1837 1660/715/1837
f 1680/728/1838 1681/729/1838 1665/720/1838 1664/719/1838
f 1666/705/1839 1685/704/1840 1724/730/1841 1725/731/1839
f 1686/732/1842 1668/733/1842 1734/734/1842 1736/735/1842
f 1687/736/1843 1684/737/1844 1728/738/1845 1727/739/1843
f 1685/704/1846 1690/740/1847 1739/741/1847 1724/730/1848
f 1686/732/1849 1688/703/1850 1667/706/1851 1668/733/1849
f 1690/740/1852 1687/736/1852 1727/739/1852 1739/741/1852
f 1675/713/1853 1631/661/1853 1670/742/1853 1682/743/1853
f 1663/718/1854 1662/717/1855 1672/744/1856 1673/744/1857
f 1632/664/1858 1633/675/1858 1674/745/1858 1669/746/1858
f 1676/727/1859 1663/718/1859 1673/744/1859 1683/747/1859
f 1631/661/1860 1632/664/1860 1669/746/1860 1670/742/1860
f 1662/717/1861 1661/716/1862 1671/748/1863 1672/744/1864
f 1633/675/1865 1676/727/1865 1683/747/1865 1674/745/1865
f 1661/716/1866 1675/713/1866 1682/743/1866 1671/748/1867
f 1691/721/1868 1686/732/1868 1736/735/1868 1735/722/1868
f 1684/737/1869 1689/703/1870 1737/723/1871 1728/738/1872
f 1668/733/1873 1667/706/1874 1726/749/1875 1734/734/1873
f 1667/706/1876 1666/705/1877 1725/731/1877 1726/749/1878
f 1635/678/1879 1637/684/1879 1681/729/1879 1680/728/1880
f 1630/669/1881 1631/661/1881 1675/713/1881 1679/726/1881
f 1637/684/1882 1628/688/1882 1678/724/1882 1681/729/1882
f 1633/675/1883 1635/678/1883 1680/728/1883 1676/727/1884
f 1629/694/1885 1630/669/1885 1679/726/1885 1677/725/1885
f 1628/688/1886 1629/694/1886 1677/725/1886 1678/724/1886
f 1674/745/1887 1683/747/1887 1691/721/1887 1689/703/1888
f 1671/748/1889 1682/743/1890 1690/740/1890 1685/704/1891
f 1682/743/1892 1670/742/1892 1687/736/1892 1690/740/1892
f 1673/744/1893 1672/744/1894 1688/703/1895 1686/732/1893
f 1669/746/1896 1674/745/1896 1689/703/1897 1684/737/1898
f 1683/747/1899 1673/744/1899 1686/732/1899 1691/721/1899
f 1670/742/1900 1669/746/1900 1684/737/1901 1687/736/1900
f 1672/744/1902 1671/748/1903 1685/704/1904 1688/703/1905
f 1636/680/1906 1634/679/1906 1723/710/1906 1721/750/1906
f 1657/685/1907 1656/666/1907 1710/712/1907 1722/709/1907
f 1654/690/1908 1653/689/1908 1718/751/1908 1716/752/1908
f 1638/699/1909 1636/680/1909 1721/750/1909 1720/753/1909
f 1652/683/1910 1650/677/1910 1715/708/1910 1717/754/1910
f 1692/686/1911 1693/698/1911 1694/697/1911 1700/667/1911
f 1700/667/1912 1694/697/1912 1695/755/1912 1701/668/1912
f 1701/668/1913 1695/755/1913 1696/756/1913 1703/691/1913
f 1703/691/1914 1696/756/1914 1697/674/1914 1704/692/1914
f 1704/692/1915 1697/674/1915 1698/673/1915 1705/700/1915
f 1705/700/1916 1698/673/1916 1699/757/1916 1706/681/1916
f 1706/681/1917 1699/757/1917 1702/702/1917 1707/682/1917
f 1707/682/1918 1702/702/1918 1693/698/1918 1692/686/1918
f 1657/685/1919 1634/679/1919 1707/682/1919 1692/686/1919
f 1641/758/1920 1642/671/1920 1697/674/1920 1696/756/1920
f 1644/759/1921 1627/701/1921 1702/702/1921 1699/757/1921
f 1654/690/1922 1655/665/1922 1701/668/1922 1703/691/1922
f 1640/760/1923 1641/758/1923 1696/756/1923 1695/755/1923
f 1643/672/1924 1644/759/1924 1699/757/1924 1698/673/1924
f 1639/696/1925 1640/760/1925 1695/755/1925 1694/697/1925
f 1638/699/1926 1653/689/1926 1704/692/1926 1705/700/1926
f 1712/761/1927 1722/709/1927 1710/712/1927 1711/762/1927
f 1711/762/1928 1710/712/1928 1713/711/1928 1708/763/1928
f 1708/763/1929 1713/711/1929 1716/752/1929 1709/764/1929
f 1709/764/1930 1716/752/1930 1718/751/1930 1714/707/1930
f 1714/707/1931 1718/751/1931 1720/753/1931 1715/708/1931
f 1715/708/1932 1720/753/1932 1721/750/1932 1717/754/1932
f 1717/754/1933 1721/750/1933 1723/710/1933 1719/765/1933
f 1719/765/1934 1723/710/1934 1722/709/1934 1712/761/1934
f 1646/670/1935 1645/693/1935 1712/761/1935 1711/762/1935
f 1645/693/1936 1651/687/1936 1719/765/1936 1712/761/1936
f 1648/663/1937 1647/662/1937 1708/763/1937 1709/764/1937
f 1647/662/1938 1646/670/1938 1711/762/1938 1708/763/1938
f 1649/676/1939 1648/663/1939 1709/764/1939 1714/707/1939
f 1655/665/1940 1654/690/1940 1716/752/1940 1713/711/1940
f 1651/687/1941 1652/683/1941 1717/754/1941 1719/765/1941
f 1653/689/1942 1638/699/1942 1720/753/1942 1718/751/1942
f 1727/739/1943 1728/738/1944 1729/766/1943 1730/767/1943
f 1731/768/1945 1732/769/1945 1726/749/1946 1725/731/1945
f 1732/769/1947 1733/770/1947 1734/734/1947 1726/749/1948
f 1735/722/1949 1736/735/1949 1734/734/1949 1733/770/1949
f 1728/738/1950 1737/723/1951 1738/771/1952 1729/766/1952
f 1739/741/1953 1727/739/1953 1730/767/1953 1731/768/1953
f 1724/730/1954 1739/741/1954 1731/768/1954 1725/731/1954
f 1737/723/1955 1735/722/1956 1733/770/1956 1738/771/1956
f 1729/766/1957 1738/771/1957 1733/770/1957 1732/769/1957
f 1730/767/1958 1729/766/1958 1732/769/1958 1731/768/1958
f 1745/661/1959 1746/664/1959 1762/663/1959 1761/662/1959
f 1769/665/1960 1815/668/1960 1814/667/1960 1770/666/1960
f 1744/669/1961 1745/661/1961 1761/662/1961 1760/670/1961
f 1756/671/1962 1811/674/1962 1812/673/1962 1757/672/1962
f 1747/675/1963 1749/678/1963 1764/677/1963 1763/676/1963
f 1748/679/1964 1821/682/1964 1820/681/1964 1750/680/1964
f 1749/678/1965 1751/684/1965 1766/683/1965 1764/677/1965
f 1770/666/1966 1814/667/1966 1806/686/1966 1771/685/1966
f 1751/684/1967 1742/688/1967 1765/687/1967 1766/683/1967
f 1767/689/1968 1818/692/1968 1817/691/1968 1768/690/1968
f 1742/688/1969 1743/694/1969 1759/693/1969 1765/687/1969
f 1740/695/1970 1807/698/1970 1808/697/1970 1753/696/1970
f 1750/680/1971 1820/681/1971 1819/700/1971 1752/699/1971
f 1746/664/1972 1747/675/1972 1763/676/1972 1762/663/1972
f 1741/701/1973 1816/702/1973 1807/698/1973 1740/695/1973
f 1802/703/1974 1781/706/1975 1780/705/1976 1799/704/1977
f 1743/694/1978 1744/669/1978 1760/670/1978 1759/693/1978
f 1764/677/1979 1829/708/1979 1828/707/1979 1763/676/1979
f 1748/679/1980 1837/710/1980 1836/709/1980 1771/685/1980
f 1770/666/1981 1824/712/1981 1827/711/1981 1769/665/1981
f 1772/713/1982 1779/720/1982 1778/719/1982 1777/718/1982 1776/717/1982 1775/716/1982 1774/715/1982 1773/714/1982
f 1803/703/1983 1851/723/1984 1849/722/1985 1805/721/1985
f 1792/724/1986 1772/713/1986 1773/714/1986 1791/725/1986
f 1791/725/1987 1773/714/1987 1774/715/1987 1793/726/1987
f 1790/727/1988 1777/718/1989 1778/719/1988 1794/728/1990
f 1795/729/1991 1779/720/1991 1772/713/1991 1792/724/1991
f 1793/726/1992 1774/715/1992 1775/716/1992 1789/713/1992
f 1794/728/1993 1778/719/1993 1779/720/1993 1795/729/1993
f 1780/705/1994 1839/731/1994 1838/730/1995 1799/704/1996
f 1800/732/1997 1850/735/1997 1848/734/1997 1782/733/1997
f 1801/736/1998 1841/739/1998 1842/738/1999 1798/737/2000
f 1799/704/2001 1838/730/2002 1853/741/2003 1804/740/2003
f 1800/732/2004 1782/733/2004 1781/706/2005 1802/703/2006
f 1804/740/2007 1853/741/2007 1841/739/2007 1801/736/2007
f 1789/713/2008 1796/743/2008 1784/742/2008 1745/661/2008
f 1777/718/2009 1787/744/2010 1786/744/2011 1776/717/2012
f 1746/664/2013 1783/746/2013 1788/745/2013 1747/675/2013
f 1790/727/2014 1797/747/2014 1787/744/2014 1777/718/2014
f 1745/661/2015 1784/742/2015 1783/746/2015 1746/664/2015
f 1776/717/2016 1786/744/2017 1785/748/2018 1775/716/2019
f 1747/675/2020 1788/745/2020 1797/747/2020 1790/727/2020
f 1775/716/2021 1785/748/2022 1796/743/2021 1789/713/2021
f 1805/721/2023 1849/722/2023 1850/735/2023 1800/732/2023
f 1798/737/2024 1842/738/2025 1851/723/2026 1803/703/2027
f 1782/733/2028 1848/734/2028 1840/749/2029 1781/706/2030
f 1781/706/2031 1840/749/2032 1839/731/2033 1780/705/2033
f 1749/678/2034 1794/728/2035 1795/729/2034 1751/684/2034
f 1744/669/2036 1793/726/2036 1789/713/2036 1745/661/2036
f 1751/684/2037 1795/729/2037 1792/724/2037 1742/688/2037
f 1747/675/2038 1790/727/2039 1794/728/2038 1749/678/2038
f 1743/694/2040 1791/725/2040 1793/726/2040 1744/669/2040
f 1742/688/2041 1792/724/2041 1791/725/2041 1743/694/2041
f 1788/745/2042 1803/703/2043 1805/721/2042 1797/747/2042
f 1785/748/2044 1799/704/2045 1804/740/2046 1796/743/2046
f 1796/743/2047 1804/740/2047 1801/736/2047 1784/742/2047
f 1787/744/2048 1800/732/2048 1802/703/2049 1786/744/2050
f 1783/746/2051 1798/737/2052 1803/703/2053 1788/745/2051
f 1797/747/2054 1805/721/2054 1800/732/2054 1787/744/2054
f 1784/742/2055 1801/736/2055 1798/737/2056 1783/746/2055
f 1786/744/2057 1802/703/2058 1799/704/2059 1785/748/2060
f 1750/680/2061 1835/750/2061 1837/710/2061 1748/679/2061
f 1771/685/2062 1836/709/2062 1824/712/2062 1770/666/2062
f 1768/690/2063 1830/752/2063 1832/751/2063 1767/689/2063
f 1752/699/2064 1834/753/2064 1835/750/2064 1750/680/2064
f 1766/683/2065 1831/754/2065 1829/708/2065 1764/677/2065
f 1806/686/2066 1814/667/2066 1808/697/2066 1807/698/2066
f 1814/667/2067 1815/668/2067 1809/755/2067 1808/697/2067
f 1815/668/2068 1817/691/2068 1810/756/2068 1809/755/2068
f 1817/691/2069 1818/692/2069 1811/674/2069 1810/756/2069
f 1818/692/2070 1819/700/2070 1812/673/2070 1811/674/2070
f 1819/700/2071 1820/681/2071 1813/757/2071 1812/673/2071
f 1820/681/2072 1821/682/2072 1816/702/2072 1813/757/2072
f 1821/682/2073 1806/686/2073 1807/698/2073 1816/702/2073
f 1771/685/2074 1806/686/2074 1821/682/2074 1748/679/2074
f 1755/758/2075 1810/756/2075 1811/674/2075 1756/671/2075
f 1758/759/2076 1813/757/2076 1816/702/2076 1741/701/2076
f 1768/690/2077 1817/691/2077 1815/668/2077 1769/665/2077
f 1754/760/2078 1809/755/2078 1810/756/2078 1755/758/2078
f 1757/672/2079 1812/673/2079 1813/757/2079 1758/759/2079
f 1753/696/2080 1808/697/2080 1809/755/2080 1754/760/2080
f 1752/699/2081 1819/700/2081 1818/692/2081 1767/689/2081
f 1826/761/2082 1825/762/2082 1824/712/2082 1836/709/2082
f 1825/762/2083 1822/763/2083 1827/711/2083 1824/712/2083
f 1822/763/2084 1823/764/2084 1830/752/2084 1827/711/2084
f 1823/764/2085 1828/707/2085 1832/751/2085 1830/752/2085
f 1828/707/2086 1829/708/2086 1834/753/2086 1832/751/2086
f 1829/708/2087 1831/754/2087 1835/750/2087 1834/753/2087
f 1831/754/2088 1833/765/2088 1837/710/2088 1835/750/2088
f 1833/765/2089 1826/761/2089 1836/709/2089 1837/710/2089
f 1760/670/2090 1825/762/2090 1826/761/2090 1759/693/2090
f 1759/693/2091 1826/761/2091 1833/765/2091 1765/687/2091
f 1762/663/2092 1823/764/2092 1822/763/2092 1761/662/2092
f 1761/662/2093 1822/763/2093 1825/762/2093 1760/670/2093
f 1763/676/2094 1828/707/2094 1823/764/2094 1762/663/2094
f 1769/665/2095 1827/711/2095 1830/752/2095 1768/690/2095
f 1765/687/2096 1833/765/2096 1831/754/2096 1766/683/2096
f 1767/689/2097 1832/751/2097 1834/753/2097 1752/699/2097
f 1841/739/2098 1844/767/2098 1843/766/2098 1842/738/2099
f 1845/768/2100 1839/731/2100 1840/749/2101 1846/769/2100
f 1846/769/2102 1840/749/2103 1848/734/2102 1847/770/2102
f 1849/722/2104 1847/770/2104 1848/734/2104 1850/735/2104
f 1842/738/2105 1843/766/2106 1852/771/2106 1851/723/2107
f 1853/741/2108 1845/768/2108 1844/767/2108 1841/739/2108
f 1838/730/2109 1839/731/2109 1845/768/2109 1853/741/2109
f 1851/723/2110 1852/771/2111 1847/770/2111 1849/722/2111
f 1843/766/2112 1846/769/2112 1847/770/2112 1852/771/2112
f 1844/767/2113 1845/768/2113 1846/769/2113 1843/766/2113
f 1859/661/2114 1860/664/2114 1876/663/2114 1875/662/2114
f 1883/665/2115 1929/668/2115 1928/667/2115 1884/666/2115
f 1858/669/2116 1859/661/2116 1875/662/2116 1874/670/2116
f 1870/671/2117 1925/674/2117 1926/673/2117 1871/672/2117
f 1861/675/2118 1863/678/2118 1878/677/2118 1877/676/2118
f 1862/679/2119 1935/682/2119 1934/681/2119 1864/680/2119
f 1863/678/2120 1865/684/2120 1880/683/2120 1878/677/2120
f 1884/666/2121 1928/667/2121 1920/686/2121 1885/685/2121
f 1865/684/2122 1856/688/2122 1879/687/2122 1880/683/2122
f 1881/689/2123 1932/692/2123 1931/691/2123 1882/690/2123
f 1856/688/2124 1857/694/2124 1873/693/2124 1879/687/2124
f 1854/695/2125 1921/698/2125 1922/697/2125 1867/696/2125
f 1864/680/2126 1934/681/2126 1933/700/2126 1866/699/2126
f 1860/664/2127 1861/675/2127 1877/676/2127 1876/663/2127
f 1855/701/2128 1930/702/2128 1921/698/2128 1854/695/2128
f 1916/703/2129 1895/706/2130 1894/705/2131 1913/704/2132
f 1857/694/2133 1858/669/2133 1874/670/2133 1873/693/2133
f 1878/677/2134 1943/708/2134 1942/707/2134 1877/676/2134
f 1862/679/2135 1951/710/2135 1950/709/2135 1885/685/2135
f 1884/666/2136 1938/712/2136 1941/711/2136 1883/665/2136
f 1886/713/2137 1893/720/2137 1892/719/2137 1891/718/2137 1890/717/2137 1889/716/2137 1888/715/2137 1887/714/2137
f 1917/703/2138 1965/723/2139 1963/722/2140 1919/721/2140
f 1906/724/2141 1886/713/2141 1887/714/2141 1905/725/2141
f 1905/725/2142 1887/714/2142 1888/715/2142 1907/726/2142
f 1904/727/2143 1891/718/2144 1892/719/2143 1908/728/2145
f 1909/729/2146 1893/720/2146 1886/713/2146 1906/724/2146
f 1907/726/2147 1888/715/2147 1889/716/2147 1903/713/2147
f 1908/728/2148 1892/719/2148 1893/720/2148 1909/729/2148
f 1894/705/2149 1953/731/2149 1952/730/2150 1913/704/2151
f 1914/732/2152 1964/735/2152 1962/734/2152 1896/733/2152
f 1915/736/2153 1955/739/2153 1956/738/2154 1912/737/2155
f 1913/704/2156 1952/730/2157 1967/741/2158 1918/740/2158
f 1914/732/2159 1896/733/2159 1895/706/2160 1916/703/2161
f 1918/740/2162 1967/741/2162 1955/739/2162 1915/736/2162
f 1903/713/2163 1910/743/2163 1898/742/2163 1859/661/2163
f 1891/718/2164 1901/744/2159 1900/744/2165 1890/717/2166
f 1860/664/2167 1897/746/2167 1902/745/2167 1861/675/2167
f 1904/727/2168 1911/747/2168 1901/744/2168 1891/718/2168
f 1859/661/2169 1898/742/2169 1897/746/2169 1860/664/2169
f 1890/717/2170 1900/744/2171 1899/748/2172 1889/716/2173
f 1861/675/2174 1902/745/2174 1911/747/2174 1904/727/2174
f 1889/716/2175 1899/748/2176 1910/743/2175 1903/713/2175
f 1919/721/2177 1963/722/2177 1964/735/2177 1914/732/2177
f 1912/737/2178 1956/738/2179 1965/723/2180 1917/703/2181
f 1896/733/2182 1962/734/2182 1954/749/2183 1895/706/2184
f 1895/706/2185 1954/749/2186 1953/731/2187 1894/705/2187
f 1863/678/2188 1908/728/2189 1909/729/2188 1865/684/2188
f 1858/669/2190 1907/726/2190 1903/713/2190 1859/661/2190
f 1865/684/2191 1909/729/2191 1906/724/2191 1856/688/2191
f 1861/675/2192 1904/727/2193 1908/728/2192 1863/678/2192
f 1857/694/2194 1905/725/2194 1907/726/2194 1858/669/2194
f 1856/688/2195 1906/724/2195 1905/725/2195 1857/694/2195
f 1902/745/2196 1917/703/2197 1919/721/2196 1911/747/2196
f 1899/748/2198 1913/704/2199 1918/740/2200 1910/743/2200
f 1910/743/2201 1918/740/2201 1915/736/2201 1898/742/2201
f 1901/744/2159 1914/732/2159 1916/703/2202 1900/744/2203
f 1897/746/2204 1912/737/2205 1917/703/2206 1902/745/2204
f 1911/747/2207 1919/721/2207 1914/732/2207 1901/744/2207
f 1898/742/2208 1915/736/2208 1912/737/2209 1897/746/2208
f 1900/744/2210 1916/703/2211 1913/704/2212 1899/748/2213
f 1864/680/2214 1949/750/2214 1951/710/2214 1862/679/2214
f 1885/685/2215 1950/709/2215 1938/712/2215 1884/666/2215
f 1882/690/2216 1944/752/2216 1946/751/2216 1881/689/2216
f 1866/699/2217 1948/753/2217 1949/750/2217 1864/680/2217
f 1880/683/2218 1945/754/2218 1943/708/2218 1878/677/2218
f 1920/686/2219 1928/667/2219 1922/697/2219 1921/698/2219
f 1928/667/2220 1929/668/2220 1923/755/2220 1922/697/2220
f 1929/668/2221 1931/691/2221 1924/756/2221 1923/755/2221
f 1931/691/2222 1932/692/2222 1925/674/2222 1924/756/2222
f 1932/692/2223 1933/700/2223 1926/673/2223 1925/674/2223
f 1933/700/2224 1934/681/2224 1927/757/2224 1926/673/2224
f 1934/681/2225 1935/682/2225 1930/702/2225 1927/757/2225
f 1935/682/2226 1920/686/2226 1921/698/2226 1930/702/2226
f 1885/685/2227 1920/686/2227 1935/682/2227 1862/679/2227
f 1869/758/2228 1924/756/2228 1925/674/2228 1870/671/2228
f 1872/759/2229 1927/757/2229 1930/702/2229 1855/701/2229
f 1882/690/2230 1931/691/2230 1929/668/2230 1883/665/2230
f 1868/760/2231 1923/755/2231 1924/756/2231 1869/758/2231
f 1871/672/2232 1926/673/2232 1927/757/2232 1872/759/2232
f 1867/696/2233 1922/697/2233 1923/755/2233 1868/760/2233
f 1866/699/2234 1933/700/2234 1932/692/2234 1881/689/2234
f 1940/761/2235 1939/762/2235 1938/712/2235 1950/709/2235
f 1939/762/2236 1936/763/2236 1941/711/2236 1938/712/2236
f 1936/763/2237 1937/764/2237 1944/752/2237 1941/711/2237
f 1937/764/2238 1942/707/2238 1946/751/2238 1944/752/2238
f 1942/707/2239 1943/708/2239 1948/753/2239 1946/751/2239
f 1943/708/2240 1945/754/2240 1949/750/2240 1948/753/2240
f 1945/754/2241 1947/765/2241 1951/710/2241 1949/750/2241
f 1947/765/2242 1940/761/2242 1950/709/2242 1951/710/2242
f 1874/670/2243 1939/762/2243 1940/761/2243 1873/693/2243
f 1873/693/2244 1940/761/2244 1947/765/2244 1879/687/2244
f 1876/663/2245 1937/764/2245 1936/763/2245 1875/662/2245
f 1875/662/2246 1936/763/2246 1939/762/2246 1874/670/2246
f 1877/676/2247 1942/707/2247 1937/764/2247 1876/663/2247
f 1883/665/2248 1941/711/2248 1944/752/2248 1882/690/2248
f 1879/687/2249 1947/765/2249 1945/754/2249 1880/683/2249
f 1881/689/2250 1946/751/2250 1948/753/2250 1866/699/2250
f 1955/739/2251 1958/767/2251 1957/766/2251 1956/738/2252
f 1959/768/2253 1953/731/2253 1954/749/2254 1960/769/2253
f 1960/769/2255 1954/749/2256 1962/734/2255 1961/770/2255
f 1963/722/2257 1961/770/2257 1962/734/2257 1964/735/2257
f 1956/738/2258 1957/766/2259 1966/771/2259 1965/723/2260
f 1967/741/2261 1959/768/2261 1958/767/2261 1955/739/2261
f 1952/730/2262 1953/731/2262 1959/768/2262 1967/741/2262
f 1965/723/2263 1966/771/2264 1961/770/2264 1963/722/2264
f 1957/766/2265 1960/769/2265 1961/770/2265 1966/771/2265
f 1958/767/2266 1959/768/2266 1960/769/2266 1957/766/2266
f 1973/661/2267 1989/662/2267 1990/663/2267 1974/664/2267
f 1997/665/2268 1998/666/2268 2042/667/2268 2043/668/2268
f 1972/669/2269 1988/670/2269 1989/662/2269 1973/661/2269
f 1984/671/2270 1985/672/2270 2040/673/2270 2039/674/2270
f 1975/675/2271 1991/676/2271 1992/677/2271 1977/678/2271
f 1976/679/2272 1978/680/2272 2048/681/2272 2049/682/2272
f 1977/678/2273 1992/677/2273 1994/683/2273 1979/684/2273
f 1998/666/2274 1999/685/2274 2034/686/2274 2042/667/2274
f 1979/684/2275 1994/683/2275 1993/687/2275 1970/688/2275
f 1995/689/2276 1996/690/2276 2045/691/2276 2046/692/2276
f 1970/688/2277 1993/687/2277 1987/693/2277 1971/694/2277
f 1968/695/2278 1981/696/2278 2036/697/2278 2035/698/2278
f 1978/680/2279 1980/699/2279 2047/700/2279 2048/681/2279
f 1974/664/2280 1990/663/2280 1991/676/2280 1975/675/2280
f 1969/701/2281 1968/695/2281 2035/698/2281 2044/702/2281
f 2030/703/2282 2027/704/2283 2008/705/2284 2009/706/2285
f 1971/694/2286 1987/693/2286 1988/670/2286 1972/669/2286
f 1992/677/2287 1991/676/2287 2056/707/2287 2057/708/2287
f 1976/679/2288 1999/685/2288 2064/709/2288 2065/710/2288
f 1998/666/2289 1997/665/2289 2055/711/2289 2052/712/2289
f 2000/713/2290 2001/714/2290 2002/715/2290 2003/716/2290 2004/717/2290 2005/718/2290 2006/719/2290 2007/720/2290
f 2031/703/2291 2033/721/2292 2077/722/2292 2079/723/2293
f 2020/724/2294 2019/725/2294 2001/714/2294 2000/713/2294
f 2019/725/2295 2021/726/2295 2002/715/2295 2001/714/2295
f 2018/727/2296 2022/728/2297 2006/719/2296 2005/718/2298
f 2023/729/2299 2020/724/2299 2000/713/2299 2007/720/2299
f 2021/726/2300 2017/713/2300 2003/716/2300 2002/715/2300
f 2022/728/2301 2023/729/2301 2007/720/2301 2006/719/2301
f 2008/705/2302 2027/704/2303 2066/730/2304 2067/731/2302
f 2028/732/2305 2010/733/2305 2076/734/2305 2078/735/2305
f 2029/736/2306 2026/737/2307 2070/738/2308 2069/739/2306
f 2027/704/2309 2032/740/2310 2081/741/2310 2066/730/2311
f 2028/732/2159 2030/703/2312 2009/706/2313 2010/733/2159
f 2032/740/2314 2029/736/2314 2069/739/2314 2081/741/2314
f 2017/713/2315 1973/661/2315 2012/742/2315 2024/743/2315
f 2005/718/2164 2004/717/2316 2014/744/2317 2015/744/2159
f 1974/664/2318 1975/675/2318 2016/745/2318 2011/746/2318
f 2018/727/2319 2005/718/2319 2015/744/2319 2025/747/2319
f 1973/661/2320 1974/664/2320 2011/746/2320 2012/742/2320
f 2004/717/2321 2003/716/2322 2013/748/2323 2014/744/2324
f 1975/675/2325 2018/727/2325 2025/747/2325 2016/745/2325
f 2003/716/2326 2017/713/2326 2024/743/2326 2013/748/2327
f 2033/721/2328 2028/732/2328 2078/735/2328 2077/722/2328
f 2026/737/2329 2031/703/2330 2079/723/2331 2070/738/2332
f 2010/733/2333 2009/706/2334 2068/749/2335 2076/734/2333
f 2009/706/2336 2008/705/2337 2067/731/2337 2068/749/2338
f 1977/678/2339 1979/684/2339 2023/729/2339 2022/728/2340
f 1972/669/2341 1973/661/2341 2017/713/2341 2021/726/2341
f 1979/684/2342 1970/688/2342 2020/724/2342 2023/729/2342
f 1975/675/2343 1977/678/2343 2022/728/2343 2018/727/2344
f 1971/694/2345 1972/669/2345 2021/726/2345 2019/725/2345
f 1970/688/2346 1971/694/2346 2019/725/2346 2020/724/2346
f 2016/745/2347 2025/747/2347 2033/721/2347 2031/703/2348
f 2013/748/2349 2024/743/2350 2032/740/2350 2027/704/2351
f 2024/743/2352 2012/742/2352 2029/736/2352 2032/740/2352
f 2015/744/2159 2014/744/2353 2030/703/2354 2028/732/2159
f 2011/746/2355 2016/745/2355 2031/703/2356 2026/737/2357
f 2025/747/2358 2015/744/2358 2028/732/2358 2033/721/2358
f 2012/742/2359 2011/746/2359 2026/737/2360 2029/736/2359
f 2014/744/2361 2013/748/2362 2027/704/2363 2030/703/2364
f 1978/680/2365 1976/679/2365 2065/710/2365 2063/750/2365
f 1999/685/2366 1998/666/2366 2052/712/2366 2064/709/2366
f 1996/690/2367 1995/689/2367 2060/751/2367 2058/752/2367
f 1980/699/2368 1978/680/2368 2063/750/2368 2062/753/2368
f 1994/683/2369 1992/677/2369 2057/708/2369 2059/754/2369
f 2034/686/2370 2035/698/2370 2036/697/2370 2042/667/2370
f 2042/667/2371 2036/697/2371 2037/755/2371 2043/668/2371
f 2043/668/2372 2037/755/2372 2038/756/2372 2045/691/2372
f 2045/691/2373 2038/756/2373 2039/674/2373 2046/692/2373
f 2046/692/2374 2039/674/2374 2040/673/2374 2047/700/2374
f 2047/700/2375 2040/673/2375 2041/757/2375 2048/681/2375
f 2048/681/2376 2041/757/2376 2044/702/2376 2049/682/2376
f 2049/682/2377 2044/702/2377 2035/698/2377 2034/686/2377
f 1999/685/2378 1976/679/2378 2049/682/2378 2034/686/2378
f 1983/758/2379 1984/671/2379 2039/674/2379 2038/756/2379
f 1986/759/2380 1969/701/2380 2044/702/2380 2041/757/2380
f 1996/690/2381 1997/665/2381 2043/668/2381 2045/691/2381
f 1982/760/2382 1983/758/2382 2038/756/2382 2037/755/2382
f 1985/672/2383 1986/759/2383 2041/757/2383 2040/673/2383
f 1981/696/2384 1982/760/2384 2037/755/2384 2036/697/2384
f 1980/699/2385 1995/689/2385 2046/692/2385 2047/700/2385
f 2054/761/2386 2064/709/2386 2052/712/2386 2053/762/2386
f 2053/762/2387 2052/712/2387 2055/711/2387 2050/763/2387
f 2050/763/2388 2055/711/2388 2058/752/2388 2051/764/2388
f 2051/764/2389 2058/752/2389 2060/751/2389 2056/707/2389
f 2056/707/2390 2060/751/2390 2062/753/2390 2057/708/2390
f 2057/708/2391 2062/753/2391 2063/750/2391 2059/754/2391
f 2059/754/2392 2063/750/2392 2065/710/2392 2061/765/2392
f 2061/765/2393 2065/710/2393 2064/709/2393 2054/761/2393
f 1988/670/2394 1987/693/2394 2054/761/2394 2053/762/2394
f 1987/693/2395 1993/687/2395 2061/765/2395 2054/761/2395
f 1990/663/2396 1989/662/2396 2050/763/2396 2051/764/2396
f 1989/662/2397 1988/670/2397 2053/762/2397 2050/763/2397
f 1991/676/2398 1990/663/2398 2051/764/2398 2056/707/2398
f 1997/665/2399 1996/690/2399 2058/752/2399 2055/711/2399
f 1993/687/2400 1994/683/2400 2059/754/2400 2061/765/2400
f 1995/689/2401 1980/699/2401 2062/753/2401 2060/751/2401
f 2069/739/2402 2070/738/2403 2071/766/2402 2072/767/2402
f 2073/768/2404 2074/769/2404 2068/749/2405 2067/731/2404
f 2074/769/2406 2075/770/2406 2076/734/2406 2068/749/2407
f 2077/722/2408 2078/735/2408 2076/734/2408 2075/770/2408
f 2070/738/2409 2079/723/2410 2080/771/2411 2071/766/2411
f 2081/741/2412 2069/739/2412 2072/767/2412 2073/768/2412
f 2066/730/2413 2081/741/2413 2073/768/2413 2067/731/2413
f 2079/723/2414 2077/722/2415 2075/770/2415 2080/771/2415
f 2071/766/2416 2080/771/2416 2075/770/2416 2074/769/2416
f 2072/767/2417 2071/766/2417 2074/769/2417 2073/768/2417
f 1639/696/2418 1626/695/2418 1854/695/2418 1867/696/2418
f 1640/760/2419 1639/696/2419 1867/696/2419 1868/760/2419
f 1641/758/2420 1640/760/2420 1868/760/2420 1869/758/2420
f 1642/671/2421 1641/758/2421 1869/758/2421 1870/671/2421
f 1643/672/2422 1642/671/2422 1870/671/2422 1871/672/2422
f 1644/759/2423 1643/672/2423 1871/672/2423 1872/759/2423
f 1627/701/2424 1644/759/2424 1872/759/2424 1855/701/2424
f 1626/695/2425 1627/701/2425 1855/701/2425 1854/695/2425
f 1740/695/2426 1753/696/2426 1981/696/2426 1968/695/2426
f 1753/696/2427 1754/760/2427 1982/760/2427 1981/696/2427
f 1754/760/2428 1755/758/2428 1983/758/2428 1982/760/2428
f 1755/758/2429 1756/671/2429 1984/671/2429 1983/758/2429
f 1756/671/2430 1757/672/2430 1985/672/2430 1984/671/2430
f 1757/672/2431 1758/759/2431 1986/759/2431 1985/672/2431
f 1758/759/2432 1741/701/2432 1969/701/2432 1986/759/2432
f 1741/701/2433 1740/695/2433 1968/695/2433 1969/701/2433
o Baldric
v -0.026227 0.981595 -0.159822
v -0.082719 1.045990 -0.170355
v -0.134542 1.121668 -0.170391
v -0.171154 1.173747 -0.134733
v -0.183245 1.197531 -0.071973
v -0.163754 1.182513 -0.026505
v -0.136497 1.153822 0.018101
v -0.091044 1.106687 0.063578
v -0.030474 1.049211 0.091127
v 0.032187 0.995091 0.093443
v 0.089853 0.945200 0.087861
v 0.132644 0.901782 0.053278
v 0.145949 0.877128 0.013941
v 0.141440 0.872924 -0.038121
v 0.104534 0.886861 -0.093666
v 0.041434 0.917253 -0.134004
v 0.011780 1.020009 -0.172085
v -0.041444 1.089934 -0.183383
v -0.088535 1.159245 -0.167228
v -0.113235 1.202970 -0.126214
v -0.125065 1.225611 -0.073256
v -0.114212 1.215204 -0.035683
v -0.091466 1.196212 0.001187
v -0.045596 1.146541 0.046778
v 0.010802 1.093154 0.078099
v 0.073235 1.034776 0.082781
v 0.119296 0.986986 0.076189
v 0.155694 0.939591 0.039202
v 0.168118 0.920288 0.001105
v 0.162834 0.916081 -0.048164
v 0.125882 0.936819 -0.106695
v 0.075180 0.967211 -0.147033
v -0.026227 0.980583 -0.163477
v -0.083925 1.046852 -0.174336
v -0.136255 1.125317 -0.174233
v -0.173394 1.179314 -0.137549
v -0.186299 1.203475 -0.073221
v -0.167141 1.187720 -0.026083
v -0.139276 1.158263 0.019645
v -0.092613 1.109976 0.066191
v -0.030293 1.050379 0.094735
v 0.033939 0.994447 0.097325
v 0.093731 0.943390 0.091257
v 0.138207 0.899222 0.055489
v 0.152058 0.874261 0.015000
v 0.147433 0.870072 -0.038401
v 0.109449 0.884209 -0.095358
v 0.043980 0.915089 -0.136963
v 0.011698 1.019054 -0.175756
v -0.042703 1.091076 -0.187389
v -0.090331 1.163414 -0.170922
v -0.115623 1.208687 -0.128804
v -0.128197 1.231511 -0.074277
v -0.117599 1.220405 -0.035253
v -0.094379 1.200745 0.002600
v -0.047249 1.149927 0.049324
v 0.010938 1.094378 0.081689
v 0.075021 1.034104 0.086662
v 0.122999 0.985255 0.079655
v 0.161279 0.937021 0.041387
v 0.174229 0.917418 0.002150
v 0.168823 0.913231 -0.048458
v 0.130650 0.934180 -0.108496
v 0.077545 0.965102 -0.150057
vn 0.3703 -0.6846 -0.6279
vn -0.6784 0.4544 0.5773
vn 0.2085 -0.5585 -0.8028
vn -0.3658 0.4185 0.8313
vn 0.0764 -0.4036 -0.9118
vn 0.0789 0.2224 0.9717
vn -0.0722 0.3282 0.9418
vn -0.1032 -0.1757 -0.9790
vn 0.1313 -0.0206 0.9911
vn -0.2017 -0.0927 -0.9750
vn 0.2355 -0.5109 0.8267
vn -0.5828 0.1246 -0.8030
vn 0.3827 -0.8274 0.4111
vn -0.8332 0.3141 -0.4551
vn 0.4198 -0.8135 -0.4025
vn -0.8866 0.4601 0.0475
vn -0.3702 0.6842 0.6283
vn 0.6783 -0.4541 -0.5777
vn -0.2084 0.5585 0.8029
vn 0.3653 -0.4183 -0.8316
vn -0.0758 0.4031 0.9120
vn -0.0790 -0.2221 -0.9718
vn 0.0727 -0.3288 -0.9416
vn 0.1023 0.1767 0.9789
vn -0.1314 0.0218 -0.9911
vn 0.2029 0.0912 0.9750
vn -0.2351 0.5093 -0.8279
vn 0.5819 -0.1229 0.8039
vn -0.3831 0.8280 -0.4094
vn 0.8331 -0.3139 0.4555
vn -0.4214 0.8142 0.3994
vn 0.8865 -0.4602 -0.0484
vn -0.7570 -0.6399 0.1321
vn -0.8285 -0.5598 -0.0135
vn -0.8587 -0.4860 -0.1628
vn -0.9059 -0.4232 -0.0185
vn -0.8551 -0.4793 0.1976
vn -0.8203 -0.5535 0.1442
vn -0.7978 -0.5637 0.2140
vn -0.7262 -0.6253 0.2859
vn -0.6443 -0.7332 0.2176
vn -0.6215 -0.7495 0.2281
vn -0.5425 -0.7836 0.3027
vn -0.4734 -0.8112 0.3432
vn -0.4305 -0.8960 0.1086
vn -0.4394 -0.8956 0.0690
vn -0.4866 -0.8659 0.1160
vn -0.6983 -0.7121 0.0730
vn 0.8002 0.5865 -0.1254
vn 0.8353 0.5478 0.0465
vn 0.8989 0.4308 0.0793
vn 0.9005 0.4343 0.0207
vn 0.8603 0.4998 -0.1005
vn 0.8035 0.5589 -0.2052
vn 0.8033 0.5619 -0.1976
vn 0.7385 0.6139 -0.2787
vn 0.6755 0.7019 -0.2257
vn 0.6696 0.6902 -0.2745
vn 0.5667 0.7352 -0.3719
vn 0.4664 0.8421 -0.2706
vn 0.4304 0.8945 -0.1212
vn 0.4579 0.8887 0.0223
vn 0.5332 0.8449 -0.0433
vn 0.6591 0.7432 -0.1153
vt 0.329375 0.036311
vt 0.387901 0.093402
vt 0.341433 0.127701
vt 0.305005 0.089761
vt 0.082699 0.423253
vt 0.028030 0.344960
vt 0.067946 0.325542
vt 0.121443 0.391099
vt 0.246114 0.000273
vt 0.239196 0.057677
vt 0.156410 0.474588
vt 0.178837 0.424493
vt 0.159918 0.000273
vt 0.172478 0.050743
vt 0.330825 0.447528
vt 0.250681 0.475533
vt 0.245881 0.425542
vt 0.308703 0.396843
vt 0.084241 0.035712
vt 0.114802 0.080295
vt 0.398858 0.378862
vt 0.359157 0.336076
vt 0.032419 0.098031
vt 0.074546 0.118093
vt 0.432278 0.282242
vt 0.376939 0.256222
vt 0.004426 0.185358
vt 0.043842 0.194172
vt 0.427142 0.164453
vt 0.367430 0.172936
vt 0.000273 0.262092
vt 0.044636 0.257075
s 0
usemtl Palette
f 2088/772/2434 2087/773/2434 2103/774/2434 2104/775/2434
f 2096/776/2435 2095/777/2435 2111/778/2435 2112/779/2435
f 2089/780/2436 2088/772/2436 2104/775/2436 2105/781/2436
f 2097/782/2437 2096/776/2437 2112/779/2437 2113/783/2437
f 2090/784/2438 2089/780/2438 2105/781/2438 2106/785/2438
f 2083/786/2439 2082/787/2439 2098/788/2439 2099/789/2439
f 2082/787/2440 2097/782/2440 2113/783/2440 2098/788/2440
f 2091/790/2441 2090/784/2441 2106/785/2441 2107/791/2441
f 2084/792/2442 2083/786/2442 2099/789/2442 2100/793/2442
f 2092/794/2443 2091/790/2443 2107/791/2443 2108/795/2443
f 2085/796/2444 2084/792/2444 2100/793/2444 2101/797/2444
f 2093/798/2445 2092/794/2445 2108/795/2445 2109/799/2445
f 2086/800/2446 2085/796/2446 2101/797/2446 2102/801/2446
f 2094/802/2447 2093/798/2447 2109/799/2447 2110/803/2447
f 2087/773/2448 2086/800/2448 2102/801/2448 2103/774/2448
f 2095/777/2449 2094/802/2449 2110/803/2449 2111/778/2449
f 2120/772/2450 2136/775/2450 2135/774/2450 2119/773/2450
f 2128/776/2451 2144/779/2451 2143/778/2451 2127/777/2451
f 2121/780/2452 2137/781/2452 2136/775/2452 2120/772/2452
f 2129/782/2453 2145/783/2453 2144/779/2453 2128/776/2453
f 2122/784/2454 2138/785/2454 2137/781/2454 2121/780/2454
f 2115/786/2455 2131/789/2455 2130/788/2455 2114/787/2455
f 2114/787/2456 2130/788/2456 2145/783/2456 2129/782/2456
f 2123/790/2457 2139/791/2457 2138/785/2457 2122/784/2457
f 2116/792/2458 2132/793/2458 2131/789/2458 2115/786/2458
f 2124/794/2459 2140/795/2459 2139/791/2459 2123/790/2459
f 2117/796/2460 2133/797/2460 2132/793/2460 2116/792/2460
f 2125/798/2461 2141/799/2461 2140/795/2461 2124/794/2461
f 2118/800/2462 2134/801/2462 2133/797/2462 2117/796/2462
f 2126/802/2463 2142/803/2463 2141/799/2463 2125/798/2463
f 2119/773/2464 2135/774/2464 2134/801/2464 2118/800/2464
f 2127/777/2465 2143/778/2465 2142/803/2465 2126/802/2465
f 2082/787/2466 2083/786/2466 2115/786/2466 2114/787/2466
f 2083/786/2467 2084/792/2467 2116/792/2467 2115/786/2467
f 2084/792/2468 2085/796/2468 2117/796/2468 2116/792/2468
f 2085/796/2469 2086/800/2469 2118/800/2469 2117/796/2469
f 2086/800/2470 2087/773/2470 2119/773/2470 2118/800/2470
f 2087/773/2471 2088/772/2471 2120/772/2471 2119/773/2471
f 2088/772/2472 2089/780/2472 2121/780/2472 2120/772/2472
f 2089/780/2473 2090/784/2473 2122/784/2473 2121/780/2473
f 2090/784/2474 2091/790/2474 2123/790/2474 2122/784/2474
f 2091/790/2475 2092/794/2475 2124/794/2475 2123/790/2475
f 2092/794/2476 2093/798/2476 2125/798/2476 2124/794/2476
f 2093/798/2477 2094/802/2477 2126/802/2477 2125/798/2477
f 2094/802/2478 2095/777/2478 2127/777/2478 2126/802/2478
f 2095/777/2479 2096/776/2479 2128/776/2479 2127/777/2479
f 2096/776/2480 2097/782/2480 2129/782/2480 2128/776/2480
f 2097/782/2481 2082/787/2481 2114/787/2481 2129/782/2481
f 2099/789/2482 2098/788/2482 2130/788/2482 2131/789/2482
f 2100/793/2483 2099/789/2483 2131/789/2483 2132/793/2483
f 2101/797/2484 2100/793/2484 2132/793/2484 2133/797/2484
f 2102/801/2485 2101/797/2485 2133/797/2485 2134/801/2485
f 2103/774/2486 2102/801/2486 2134/801/2486 2135/774/2486
f 2104/775/2487 2103/774/2487 2135/774/2487 2136/775/2487
f 2105/781/2488 2104/775/2488 2136/775/2488 2137/781/2488
f 2106/785/2489 2105/781/2489 2137/781/2489 2138/785/2489
f 2107/791/2490 2106/785/2490 2138/785/2490 2139/791/2490
f 2108/795/2491 2107/791/2491 2139/791/2491 2140/795/2491
f 2109/799/2492 2108/795/2492 2140/795/2492 2141/799/2492
f 2110/803/2493 2109/799/2493 2141/799/2493 2142/803/2493
f 2111/778/2494 2110/803/2494 2142/803/2494 2143/778/2494
f 2112/779/2495 2111/778/2495 2143/778/2495 2144/779/2495
f 2113/783/2496 2112/779/2496 2144/779/2496 2145/783/2496
f 2098/788/2497 2113/783/2497 2145/783/2497 2130/788/2497
o BaldricBuclke
v -0.095046 1.107287 0.063091
v -0.029811 1.045384 0.092763
v -0.046098 1.150210 0.044998
v 0.014643 1.092712 0.078731
v -0.068041 1.110002 0.069635
v -0.030016 1.073401 0.085828
v -0.012353 1.093760 0.081489
v -0.047517 1.126534 0.060843
v -0.095428 1.109305 0.067650
v -0.030193 1.047402 0.097321
v 0.014262 1.094729 0.083289
v -0.046480 1.152228 0.049556
vn -0.0764 0.4036 0.9118
vn 0.6879 -0.6406 0.3412
vn 0.7228 0.6523 -0.2282
vn -0.7355 0.5946 -0.3248
vn -0.7326 -0.6430 0.2232
vn 0.0486 -0.3793 -0.9240
vn 0.1054 -0.4286 -0.8973
vn 0.0318 -0.4424 -0.8963
vn 0.1216 -0.3624 -0.9241
vt 0.514755 0.239559
vt 0.508026 0.280450
vt 0.484978 0.234884
vt 0.493737 0.213402
vt 0.489530 0.231249
vt 0.491529 0.197797
vt 0.507776 0.233020
vt 0.503895 0.256378
vt 0.555629 0.160964
vt 0.555629 0.456245
vt 0.436730 0.297748
vt 0.458877 0.000273
s 0
usemtl Palette
f 2147/804/2498 2149/805/2498 2148/806/2498 2146/807/2498
f 2146/807/2499 2148/806/2499 2157/808/2499 2154/809/2499
f 2147/804/2500 2146/807/2500 2154/809/2500 2155/810/2500
f 2149/805/2501 2147/804/2501 2155/810/2501 2156/811/2501
f 2148/806/2502 2149/805/2502 2156/811/2502 2157/808/2502
f 2150/812/2503 2151/813/2503 2155/810/2503 2154/809/2503
f 2152/814/2504 2153/815/2504 2157/808/2504 2156/811/2504
f 2153/815/2505 2150/812/2505 2154/809/2505 2157/808/2505
f 2151/813/2506 2152/814/2506 2156/811/2506 2155/810/2506
o Belt_Wrap
v 0.022484 0.799070 -0.115621
v 0.021654 0.797885 0.103218
v 0.068674 0.797943 0.097069
v 0.106740 0.798277 0.069796
v 0.126136 0.800813 0.032441
v 0.134356 0.802504 -0.007957
v 0.121327 0.802147 -0.047264
v 0.099154 0.801870 -0.081571
v 0.065762 0.798851 -0.108967
v 0.024074 0.768279 -0.130021
v 0.024067 0.767691 0.112760
v 0.072046 0.767921 0.103579
v 0.115265 0.768072 0.076906
v 0.143748 0.768287 0.037450
v 0.153640 0.768433 -0.008783
v 0.143605 0.768514 -0.054963
v 0.115104 0.768466 -0.094290
v 0.071991 0.768346 -0.120898
v 0.078358 0.738373 0.114998
v 0.125904 0.738556 0.085603
v 0.157507 0.738554 0.042101
v 0.168501 0.738554 -0.008743
v 0.157518 0.738497 -0.059640
v 0.125959 0.738480 -0.103092
v 0.078388 0.738407 -0.132453
v 0.142514 0.703901 0.098589
v 0.178372 0.704006 0.049081
v 0.190890 0.704006 -0.008743
v 0.178337 0.704007 -0.066641
v 0.134223 0.694528 -0.127578
v 0.210723 0.658144 0.059693
v 0.225519 0.658146 -0.008743
v 0.210531 0.658254 -0.077414
v 0.167752 0.658303 -0.136180
v -0.022484 0.799070 -0.115621
v -0.021654 0.797885 0.103218
v -0.068674 0.797943 0.097069
v -0.106740 0.798277 0.069796
v -0.126136 0.800813 0.032441
v -0.134356 0.802504 -0.007957
v -0.121327 0.802147 -0.047264
v -0.099154 0.801870 -0.081571
v -0.065762 0.798851 -0.108967
v -0.024074 0.768279 -0.130021
v -0.024067 0.767691 0.112760
v -0.072046 0.767921 0.103579
v -0.115265 0.768072 0.076906
v -0.143748 0.768287 0.037450
v -0.153640 0.768433 -0.008783
v -0.143605 0.768514 -0.054963
v -0.115104 0.768466 -0.094290
v -0.071991 0.768346 -0.120898
v -0.078358 0.738373 0.114998
v -0.125904 0.738556 0.085603
v -0.157507 0.738554 0.042101
v -0.168501 0.738554 -0.008743
v -0.157518 0.738497 -0.059640
v -0.125959 0.738480 -0.103092
v -0.078388 0.738407 -0.132453
v -0.142514 0.703901 0.098589
v -0.178372 0.704006 0.049081
v -0.190890 0.704006 -0.008743
v -0.178337 0.704007 -0.066641
v -0.134223 0.694528 -0.127578
v -0.210723 0.658144 0.059693
v -0.225519 0.658146 -0.008743
v -0.210531 0.658254 -0.077414
v -0.167752 0.658303 -0.136180
v 0.021549 0.796605 -0.111583
v 0.020729 0.796231 0.098883
v 0.066597 0.796231 0.093057
v 0.102951 0.796231 0.067015
v 0.121644 0.798319 0.031054
v 0.129754 0.799708 -0.007883
v 0.117154 0.799182 -0.045823
v 0.095712 0.798995 -0.079006
v 0.063771 0.796231 -0.105301
v 0.023111 0.765843 -0.125975
v 0.023111 0.765843 0.108489
v 0.070028 0.765843 0.099675
v 0.111627 0.765843 0.074079
v 0.139255 0.765843 0.035999
v 0.148918 0.765843 -0.008743
v 0.139255 0.765843 -0.053485
v 0.111627 0.765843 -0.091565
v 0.070028 0.765843 -0.117161
v 0.076083 0.735871 0.111394
v 0.122501 0.735871 0.082855
v 0.153155 0.735871 0.040645
v 0.163832 0.735871 -0.008743
v 0.153155 0.735871 -0.058131
v 0.122501 0.735871 -0.100341
v 0.076083 0.735871 -0.128880
v 0.139013 0.700907 0.096191
v 0.174268 0.700907 0.047707
v 0.186485 0.700907 -0.008743
v 0.174268 0.700907 -0.065193
v 0.130825 0.691456 -0.125142
v 0.206635 0.654901 0.058546
v 0.221220 0.654901 -0.008743
v 0.206635 0.654901 -0.076032
v 0.164320 0.654901 -0.134135
v -0.021549 0.796605 -0.111583
v -0.020729 0.796231 0.098883
v -0.066597 0.796231 0.093057
v -0.102951 0.796231 0.067015
v -0.121644 0.798319 0.031054
v -0.129754 0.799708 -0.007883
v -0.117154 0.799182 -0.045823
v -0.095712 0.798995 -0.079006
v -0.063771 0.796231 -0.105301
v -0.023111 0.765843 -0.125975
v -0.023111 0.765843 0.108489
v -0.070028 0.765843 0.099675
v -0.111627 0.765843 0.074079
v -0.139255 0.765843 0.035999
v -0.148918 0.765843 -0.008743
v -0.139255 0.765843 -0.053485
v -0.111627 0.765843 -0.091565
v -0.070028 0.765843 -0.117161
v -0.076083 0.735871 0.111394
v -0.122501 0.735871 0.082855
v -0.153155 0.735871 0.040645
v -0.163832 0.735871 -0.008743
v -0.153155 0.735871 -0.058131
v -0.122501 0.735871 -0.100341
v -0.076083 0.735871 -0.128880
v -0.139013 0.700907 0.096191
v -0.174268 0.700907 0.047707
v -0.186485 0.700907 -0.008743
v -0.174268 0.700907 -0.065193
v -0.130825 0.691456 -0.125142
v -0.206635 0.654901 0.058546
v -0.221220 0.654901 -0.008743
v -0.206635 0.654901 -0.076032
v -0.164320 0.654901 -0.134135
vn 0.7657 0.4141 0.4921
vn 0.1527 0.2682 0.9512
vn 0.1564 0.4066 -0.9001
vn 0.6920 0.5404 -0.4786
vn 0.8539 0.4849 0.1888
vn 0.5288 0.2852 0.7994
vn 0.5003 0.4572 -0.7353
vn 0.8181 0.5302 -0.2225
vn 0.7335 0.4224 -0.5325
vn 0.8792 0.4370 0.1898
vn 0.4799 0.4031 0.7792
vn 0.4801 0.4029 -0.7792
vn 0.8791 0.4370 -0.1902
vn 0.7337 0.4221 0.5325
vn 0.1720 0.3865 -0.9061
vn 0.4552 0.4971 -0.7387
vn 0.8257 0.5349 -0.1789
vn 0.6915 0.5193 0.5021
vn 0.6914 0.4749 -0.5444
vn 0.8258 0.5350 0.1787
vn 0.7864 0.5937 -0.1706
vn 0.6166 0.6115 -0.4958
vn 0.7863 0.5939 0.1701
vn 0.6608 0.5771 0.4798
vn 0.4554 0.4955 0.7397
vn 0.1715 0.3868 0.9061
vn -0.7657 0.4141 0.4921
vn -0.1527 0.2682 0.9512
vn -0.1564 0.4066 -0.9001
vn -0.6920 0.5404 -0.4786
vn -0.8539 0.4849 0.1888
vn -0.5288 0.2852 0.7994
vn -0.5003 0.4572 -0.7353
vn -0.8181 0.5302 -0.2225
vn -0.7335 0.4224 -0.5325
vn -0.8792 0.4370 0.1898
vn -0.4799 0.4031 0.7792
vn -0.4801 0.4029 -0.7792
vn -0.8791 0.4370 -0.1902
vn -0.7337 0.4221 0.5325
vn -0.1720 0.3865 -0.9061
vn -0.4552 0.4971 -0.7387
vn -0.8257 0.5349 -0.1789
vn -0.6915 0.5193 0.5021
vn -0.6914 0.4749 -0.5444
vn -0.8258 0.5350 0.1787
vn -0.7864 0.5937 -0.1706
vn -0.6166 0.6115 -0.4958
vn -0.7863 0.5939 0.1701
vn -0.6608 0.5771 0.4798
vn -0.4554 0.4955 0.7397
vn -0.1715 0.3868 0.9061
vn -0.7663 -0.4143 -0.4911
vn -0.1501 -0.2684 -0.9515
vn -0.1542 -0.4064 0.9006
vn -0.6920 -0.5410 0.4779
vn -0.8538 -0.4850 -0.1894
vn -0.5293 -0.2853 -0.7990
vn -0.5012 -0.4572 0.7347
vn -0.8177 -0.5304 0.2236
vn -0.7335 -0.4224 0.5325
vn -0.8791 -0.4373 -0.1899
vn -0.4797 -0.4021 -0.7799
vn -0.4797 -0.4021 0.7799
vn -0.8791 -0.4373 0.1899
vn -0.7335 -0.4224 -0.5325
vn -0.1701 -0.3885 0.9056
vn -0.4543 -0.4977 0.7389
vn -0.8258 -0.5349 0.1786
vn -0.6916 -0.5187 -0.5026
vn -0.6909 -0.4750 0.5450
vn -0.8258 -0.5349 -0.1786
vn -0.7865 -0.5936 0.1704
vn -0.6164 -0.6110 0.4967
vn -0.7865 -0.5936 -0.1704
vn -0.6602 -0.5776 -0.4801
vn -0.4546 -0.4967 -0.7394
vn -0.1701 -0.3885 -0.9056
vn 0.7663 -0.4143 -0.4911
vn 0.1501 -0.2684 -0.9515
vn 0.1542 -0.4064 0.9006
vn 0.6920 -0.5410 0.4779
vn 0.8538 -0.4850 -0.1894
vn 0.5293 -0.2853 -0.7990
vn 0.5012 -0.4572 0.7347
vn 0.8177 -0.5304 0.2236
vn 0.7335 -0.4224 0.5325
vn 0.8791 -0.4373 -0.1899
vn 0.4797 -0.4021 -0.7799
vn 0.4797 -0.4021 0.7799
vn 0.8791 -0.4373 0.1899
vn 0.7335 -0.4224 -0.5325
vn 0.1701 -0.3885 0.9056
vn 0.4543 -0.4977 0.7389
vn 0.8258 -0.5349 0.1786
vn 0.6916 -0.5187 -0.5026
vn 0.6909 -0.4750 0.5450
vn 0.8258 -0.5349 -0.1786
vn 0.7865 -0.5936 0.1704
vn 0.6164 -0.6110 0.4967
vn 0.7865 -0.5936 -0.1704
vn 0.6602 -0.5776 -0.4801
vn 0.4546 -0.4967 -0.7394
vn 0.1701 -0.3885 -0.9056
vn -0.0469 0.9322 -0.3590
vn -0.2283 0.9220 -0.3129
vn -0.4125 0.8972 -0.1577
vn -0.4943 0.8666 -0.0681
vn -0.5216 0.8374 0.1635
vn -0.4753 0.8266 0.3015
vn -0.3942 0.8321 0.3901
vn -0.0743 0.8451 0.5295
vn -0.9762 -0.0087 0.2169
vn -0.9783 0.0447 -0.2026
vn 0.5956 -0.7929 0.1289
vn 0.6078 -0.7829 -0.1328
vn 0.5236 -0.7617 -0.3816
vn 0.0809 -0.5651 0.8210
vn -0.1653 -0.6429 0.7479
vn -0.4198 -0.7105 0.5647
vn -0.4209 -0.1723 -0.8906
vn -0.4072 -0.6751 -0.6151
vn -0.3407 -0.5040 -0.7937
vn 0.0469 0.9322 -0.3590
vn 0.2283 0.9220 -0.3129
vn 0.4125 0.8972 -0.1577
vn 0.4943 0.8666 -0.0681
vn 0.5216 0.8374 0.1635
vn 0.4753 0.8266 0.3015
vn 0.3942 0.8321 0.3901
vn 0.0743 0.8451 0.5295
vn 0.9762 -0.0087 0.2169
vn 0.9783 0.0447 -0.2026
vn -0.5956 -0.7929 0.1289
vn -0.6078 -0.7829 -0.1328
vn -0.5236 -0.7617 -0.3816
vn -0.0809 -0.5651 0.8210
vn 0.1653 -0.6429 0.7479
vn 0.4198 -0.7105 0.5647
vn 0.4209 -0.1723 -0.8906
vn 0.4072 -0.6751 -0.6151
vn 0.3407 -0.5040 -0.7937
vt 0.059164 0.626534
vt 0.049876 0.579365
vt 0.081963 0.566428
vt 0.098011 0.619621
vt 0.028744 0.534634
vt 0.000273 0.495396
vt 0.028183 0.476079
vt 0.057280 0.517644
vt 0.000273 0.844442
vt 0.028882 0.810071
vt 0.058662 0.829343
vt 0.027680 0.868675
vt 0.045379 0.766817
vt 0.057135 0.722212
vt 0.098989 0.730443
vt 0.083558 0.782358
vt 0.062829 0.674603
vt 0.103655 0.675276
vt 0.133566 0.737172
vt 0.115814 0.795645
vt 0.132969 0.612663
vt 0.139455 0.675048
vt 0.087652 0.499515
vt 0.115092 0.553321
vt 0.087851 0.848339
vt 0.159348 0.830981
vt 0.183897 0.674902
vt 0.176937 0.745684
vt 0.155997 0.536861
vt 0.176614 0.604066
vt 0.244565 0.674798
vt 0.236580 0.757662
vt 0.211830 0.837139
vt 0.236356 0.592013
s 0
usemtl Palette
f 2162/816/2507 2161/817/2507 2170/818/2507 2171/819/2507
f 2160/820/2508 2159/821/2508 2168/822/2508 2169/823/2508
f 2158/824/2509 2166/825/2509 2175/826/2509 2167/827/2509
f 2165/828/2510 2164/829/2510 2173/830/2510 2174/831/2510
f 2163/832/2511 2162/816/2511 2171/819/2511 2172/833/2511
f 2161/817/2512 2160/820/2512 2169/823/2512 2170/818/2512
f 2166/825/2513 2165/828/2513 2174/831/2513 2175/826/2513
f 2164/829/2514 2163/832/2514 2172/833/2514 2173/830/2514
f 2174/831/2515 2173/830/2515 2180/834/2515 2181/835/2515
f 2172/833/2516 2171/819/2516 2178/836/2516 2179/837/2516
f 2170/818/2517 2169/823/2517 2176/838/2517 2177/839/2517
f 2175/826/2518 2174/831/2518 2181/835/2518 2182/840/2518
f 2173/830/2519 2172/833/2519 2179/837/2519 2180/834/2519
f 2171/819/2520 2170/818/2520 2177/839/2520 2178/836/2520
f 2167/827/2521 2175/826/2521 2182/840/2521
f 2182/840/2522 2181/835/2522 2187/841/2522
f 2180/834/2523 2179/837/2523 2185/842/2523 2186/843/2523
f 2178/836/2524 2177/839/2524 2183/844/2524 2184/845/2524
f 2181/835/2525 2180/834/2525 2186/843/2525 2187/841/2525
f 2179/837/2526 2178/836/2526 2184/845/2526 2185/842/2526
f 2186/843/2527 2185/842/2527 2189/846/2527 2190/847/2527
f 2187/841/2528 2186/843/2528 2190/847/2528 2191/848/2528
f 2185/842/2529 2184/845/2529 2188/849/2529 2189/846/2529
f 2184/845/2530 2183/844/2530 2188/849/2530
f 2177/839/2531 2176/838/2531 2183/844/2531
f 2169/823/2532 2168/822/2532 2176/838/2532
f 2196/816/2533 2205/819/2533 2204/818/2533 2195/817/2533
f 2194/820/2534 2203/823/2534 2202/822/2534 2193/821/2534
f 2192/824/2535 2201/827/2535 2209/826/2535 2200/825/2535
f 2199/828/2536 2208/831/2536 2207/830/2536 2198/829/2536
f 2197/832/2537 2206/833/2537 2205/819/2537 2196/816/2537
f 2195/817/2538 2204/818/2538 2203/823/2538 2194/820/2538
f 2200/825/2539 2209/826/2539 2208/831/2539 2199/828/2539
f 2198/829/2540 2207/830/2540 2206/833/2540 2197/832/2540
f 2208/831/2541 2215/835/2541 2214/834/2541 2207/830/2541
f 2206/833/2542 2213/837/2542 2212/836/2542 2205/819/2542
f 2204/818/2543 2211/839/2543 2210/838/2543 2203/823/2543
f 2209/826/2544 2216/840/2544 2215/835/2544 2208/831/2544
f 2207/830/2545 2214/834/2545 2213/837/2545 2206/833/2545
f 2205/819/2546 2212/836/2546 2211/839/2546 2204/818/2546
f 2201/827/2547 2216/840/2547 2209/826/2547
f 2216/840/2548 2221/841/2548 2215/835/2548
f 2214/834/2549 2220/843/2549 2219/842/2549 2213/837/2549
f 2212/836/2550 2218/845/2550 2217/844/2550 2211/839/2550
f 2215/835/2551 2221/841/2551 2220/843/2551 2214/834/2551
f 2213/837/2552 2219/842/2552 2218/845/2552 2212/836/2552
f 2220/843/2553 2224/847/2553 2223/846/2553 2219/842/2553
f 2221/841/2554 2225/848/2554 2224/847/2554 2220/843/2554
f 2219/842/2555 2223/846/2555 2222/849/2555 2218/845/2555
f 2218/845/2556 2222/849/2556 2217/844/2556
f 2211/839/2557 2217/844/2557 2210/838/2557
f 2203/823/2558 2210/838/2558 2202/822/2558
f 2230/816/2559 2239/819/2559 2238/818/2559 2229/817/2559
f 2228/820/2560 2237/823/2560 2236/822/2560 2227/821/2560
f 2226/824/2561 2235/827/2561 2243/826/2561 2234/825/2561
f 2233/828/2562 2242/831/2562 2241/830/2562 2232/829/2562
f 2231/832/2563 2240/833/2563 2239/819/2563 2230/816/2563
f 2229/817/2564 2238/818/2564 2237/823/2564 2228/820/2564
f 2234/825/2565 2243/826/2565 2242/831/2565 2233/828/2565
f 2232/829/2566 2241/830/2566 2240/833/2566 2231/832/2566
f 2242/831/2567 2249/835/2567 2248/834/2567 2241/830/2567
f 2240/833/2568 2247/837/2568 2246/836/2568 2239/819/2568
f 2238/818/2569 2245/839/2569 2244/838/2569 2237/823/2569
f 2243/826/2570 2250/840/2570 2249/835/2570 2242/831/2570
f 2241/830/2571 2248/834/2571 2247/837/2571 2240/833/2571
f 2239/819/2572 2246/836/2572 2245/839/2572 2238/818/2572
f 2235/827/2573 2250/840/2573 2243/826/2573
f 2250/840/2574 2255/841/2574 2249/835/2574
f 2248/834/2575 2254/843/2575 2253/842/2575 2247/837/2575
f 2246/836/2576 2252/845/2576 2251/844/2576 2245/839/2576
f 2249/835/2577 2255/841/2577 2254/843/2577 2248/834/2577
f 2247/837/2578 2253/842/2578 2252/845/2578 2246/836/2578
f 2254/843/2579 2258/847/2579 2257/846/2579 2253/842/2579
f 2255/841/2580 2259/848/2580 2258/847/2580 2254/843/2580
f 2253/842/2581 2257/846/2581 2256/849/2581 2252/845/2581
f 2252/845/2582 2256/849/2582 2251/844/2582
f 2245/839/2583 2251/844/2583 2244/838/2583
f 2237/823/2584 2244/838/2584 2236/822/2584
f 2264/816/2585 2263/817/2585 2272/818/2585 2273/819/2585
f 2262/820/2586 2261/821/2586 2270/822/2586 2271/823/2586
f 2260/824/2587 2268/825/2587 2277/826/2587 2269/827/2587
f 2267/828/2588 2266/829/2588 2275/830/2588 2276/831/2588
f 2265/832/2589 2264/816/2589 2273/819/2589 2274/833/2589
f 2263/817/2590 2262/820/2590 2271/823/2590 2272/818/2590
f 2268/825/2591 2267/828/2591 2276/831/2591 2277/826/2591
f 2266/829/2592 2265/832/2592 2274/833/2592 2275/830/2592
f 2276/831/2593 2275/830/2593 2282/834/2593 2283/835/2593
f 2274/833/2594 2273/819/2594 2280/836/2594 2281/837/2594
f 2272/818/2595 2271/823/2595 2278/838/2595 2279/839/2595
f 2277/826/2596 2276/831/2596 2283/835/2596 2284/840/2596
f 2275/830/2597 2274/833/2597 2281/837/2597 2282/834/2597
f 2273/819/2598 2272/818/2598 2279/839/2598 2280/836/2598
f 2269/827/2599 2277/826/2599 2284/840/2599
f 2284/840/2600 2283/835/2600 2289/841/2600
f 2282/834/2601 2281/837/2601 2287/842/2601 2288/843/2601
f 2280/836/2602 2279/839/2602 2285/844/2602 2286/845/2602
f 2283/835/2603 2282/834/2603 2288/843/2603 2289/841/2603
f 2281/837/2604 2280/836/2604 2286/845/2604 2287/842/2604
f 2288/843/2605 2287/842/2605 2291/846/2605 2292/847/2605
f 2289/841/2606 2288/843/2606 2292/847/2606 2293/848/2606
f 2287/842/2607 2286/845/2607 2290/849/2607 2291/846/2607
f 2286/845/2608 2285/844/2608 2290/849/2608
f 2279/839/2609 2278/838/2609 2285/844/2609
f 2271/823/2610 2270/822/2610 2278/838/2610
f 2159/821/2611 2160/820/2611 2228/820/2611 2227/821/2611
f 2160/820/2612 2161/817/2612 2229/817/2612 2228/820/2612
f 2161/817/2613 2162/816/2613 2230/816/2613 2229/817/2613
f 2162/816/2614 2163/832/2614 2231/832/2614 2230/816/2614
f 2163/832/2615 2164/829/2615 2232/829/2615 2231/832/2615
f 2164/829/2616 2165/828/2616 2233/828/2616 2232/829/2616
f 2165/828/2617 2166/825/2617 2234/825/2617 2233/828/2617
f 2166/825/2618 2158/824/2618 2226/824/2618 2234/825/2618
f 2168/822/2619 2159/821/2619 2227/821/2619 2236/822/2619
f 2158/824/2620 2167/827/2620 2235/827/2620 2226/824/2620
f 2189/846/2621 2188/849/2621 2256/849/2621 2257/846/2621
f 2190/847/2622 2189/846/2622 2257/846/2622 2258/847/2622
f 2191/848/2623 2190/847/2623 2258/847/2623 2259/848/2623
f 2188/849/2624 2183/844/2624 2251/844/2624 2256/849/2624
f 2183/844/2625 2176/838/2625 2244/838/2625 2251/844/2625
f 2176/838/2626 2168/822/2626 2236/822/2626 2244/838/2626
f 2187/841/2627 2191/848/2627 2259/848/2627 2255/841/2627
f 2167/827/2628 2182/840/2628 2250/840/2628 2235/827/2628
f 2182/840/2629 2187/841/2629 2255/841/2629 2250/840/2629
f 2194/820/2630 2193/821/2630 2261/821/2630 2262/820/2630
f 2195/817/2631 2194/820/2631 2262/820/2631 2263/817/2631
f 2196/816/2632 2195/817/2632 2263/817/2632 2264/816/2632
f 2197/832/2633 2196/816/2633 2264/816/2633 2265/832/2633
f 2198/829/2634 2197/832/2634 2265/832/2634 2266/829/2634
f 2199/828/2635 2198/829/2635 2266/829/2635 2267/828/2635
f 2200/825/2636 2199/828/2636 2267/828/2636 2268/825/2636
f 2192/824/2637 2200/825/2637 2268/825/2637 2260/824/2637
f 2193/821/2638 2202/822/2638 2270/822/2638 2261/821/2638
f 2201/827/2639 2192/824/2639 2260/824/2639 2269/827/2639
f 2222/849/2640 2223/846/2640 2291/846/2640 2290/849/2640
f 2223/846/2641 2224/847/2641 2292/847/2641 2291/846/2641
f 2224/847/2642 2225/848/2642 2293/848/2642 2292/847/2642
f 2217/844/2643 2222/849/2643 2290/849/2643 2285/844/2643
f 2210/838/2644 2217/844/2644 2285/844/2644 2278/838/2644
f 2202/822/2645 2210/838/2645 2278/838/2645 2270/822/2645
f 2225/848/2646 2221/841/2646 2289/841/2646 2293/848/2646
f 2216/840/2647 2201/827/2647 2269/827/2647 2284/840/2647
f 2221/841/2648 2216/840/2648 2284/840/2648 2289/841/2648
o Belt_Wrap.001
v 0.021611 0.798882 -0.110475
v 0.021371 0.797966 0.101438
v 0.066645 0.797973 0.093079
v 0.105553 0.798021 0.069099
v 0.126745 0.798153 0.032508
v 0.131823 0.798316 -0.008045
v 0.119887 0.798400 -0.046752
v 0.098060 0.798442 -0.080506
v 0.065177 0.798726 -0.107398
v 0.023887 0.727459 -0.145425
v 0.023745 0.726692 0.111003
v 0.071214 0.726930 0.101974
v 0.113776 0.726952 0.075775
v 0.141975 0.727013 0.036854
v 0.151785 0.727089 -0.008787
v 0.141910 0.727128 -0.054381
v 0.113916 0.727093 -0.093048
v 0.072516 0.727282 -0.134525
v 0.077383 0.697429 0.113454
v 0.124446 0.697534 0.084425
v 0.155642 0.697533 0.041477
v 0.166500 0.697533 -0.008743
v 0.155648 0.697500 -0.058993
v 0.124658 0.697413 -0.101786
v 0.077773 0.697266 -0.142550
v 0.141013 0.662746 0.097562
v 0.176613 0.662806 0.048492
v 0.189002 0.662806 -0.008743
v 0.176593 0.662807 -0.066021
v 0.132849 0.653301 -0.126482
v 0.208971 0.616882 0.059202
v 0.223676 0.616884 -0.008743
v 0.208861 0.616945 -0.076822
v 0.166281 0.616974 -0.135304
v -0.021611 0.798882 -0.110475
v -0.021371 0.797966 0.101438
v -0.066645 0.797973 0.093079
v -0.105553 0.798021 0.069099
v -0.126745 0.798153 0.032508
v -0.131823 0.798316 -0.008045
v -0.119887 0.798400 -0.046752
v -0.098060 0.798442 -0.080506
v -0.065177 0.798726 -0.107398
v -0.023887 0.727459 -0.145425
v -0.023745 0.726692 0.111003
v -0.071214 0.726930 0.101974
v -0.113776 0.726952 0.075775
v -0.141975 0.727013 0.036854
v -0.151785 0.727089 -0.008787
v -0.141910 0.727128 -0.054381
v -0.113916 0.727093 -0.093048
v -0.072516 0.727282 -0.134525
v -0.077383 0.697429 0.113454
v -0.124446 0.697534 0.084425
v -0.155642 0.697533 0.041477
v -0.166500 0.697533 -0.008743
v -0.155648 0.697500 -0.058993
v -0.124658 0.697413 -0.101786
v -0.077773 0.697266 -0.142550
v -0.141013 0.662746 0.097562
v -0.176613 0.662806 0.048492
v -0.189002 0.662806 -0.008743
v -0.176593 0.662807 -0.066021
v -0.132849 0.653301 -0.126482
v -0.208971 0.616882 0.059202
v -0.223676 0.616884 -0.008743
v -0.208861 0.616945 -0.076822
v -0.166281 0.616974 -0.135304
v 0.021140 0.797485 -0.108152
v 0.020729 0.797485 0.098883
v 0.065414 0.797485 0.090691
v 0.103296 0.797485 0.067360
v 0.123903 0.797485 0.031670
v 0.128862 0.797485 -0.007956
v 0.117154 0.797485 -0.045823
v 0.095712 0.797485 -0.079006
v 0.063771 0.797485 -0.105301
v 0.023344 0.726163 -0.143071
v 0.023111 0.725972 0.108489
v 0.070028 0.725972 0.099675
v 0.111627 0.725972 0.074079
v 0.139255 0.725972 0.035999
v 0.148918 0.725972 -0.008743
v 0.139255 0.725972 -0.053485
v 0.111627 0.725972 -0.091565
v 0.071126 0.726081 -0.132402
v 0.076083 0.696000 0.111394
v 0.122501 0.696000 0.082855
v 0.153155 0.696000 0.040645
v 0.163832 0.696000 -0.008743
v 0.153155 0.696000 -0.058131
v 0.122501 0.696000 -0.100341
v 0.076083 0.696000 -0.140625
v 0.139013 0.661035 0.096191
v 0.174268 0.661035 0.047707
v 0.186485 0.661035 -0.008743
v 0.174268 0.661035 -0.065193
v 0.130825 0.651585 -0.125142
v 0.206635 0.615030 0.058546
v 0.221220 0.615030 -0.008743
v 0.206635 0.615030 -0.076032
v 0.164320 0.615030 -0.134135
v -0.021140 0.797485 -0.108152
v -0.020729 0.797485 0.098883
v -0.065414 0.797485 0.090691
v -0.103296 0.797485 0.067360
v -0.123903 0.797485 0.031670
v -0.128862 0.797485 -0.007956
v -0.117154 0.797485 -0.045823
v -0.095712 0.797485 -0.079006
v -0.063771 0.797485 -0.105301
v -0.023344 0.726163 -0.143071
v -0.023111 0.725972 0.108489
v -0.070028 0.725972 0.099675
v -0.111627 0.725972 0.074079
v -0.139255 0.725972 0.035999
v -0.148918 0.725972 -0.008743
v -0.139255 0.725972 -0.053485
v -0.111627 0.725972 -0.091565
v -0.071126 0.726081 -0.132402
v -0.076083 0.696000 0.111394
v -0.122501 0.696000 0.082855
v -0.153155 0.696000 0.040645
v -0.163832 0.696000 -0.008743
v -0.153155 0.696000 -0.058131
v -0.122501 0.696000 -0.100341
v -0.076083 0.696000 -0.140625
v -0.139013 0.661035 0.096191
v -0.174268 0.661035 0.047707
v -0.186485 0.661035 -0.008743
v -0.174268 0.661035 -0.065193
v -0.130825 0.651585 -0.125142
v -0.206635 0.615030 0.058546
v -0.221220 0.615030 -0.008743
v -0.206635 0.615030 -0.076032
v -0.164320 0.615030 -0.134135
vn 0.8234 0.1776 0.5390
vn 0.1822 0.1352 0.9739
vn 0.1386 0.4025 -0.9049
vn 0.7894 0.2864 -0.5430
vn 0.9563 0.2406 0.1659
vn 0.5192 0.1391 0.8432
vn 0.6471 0.2998 -0.7010
vn 0.9274 0.2873 -0.2395
vn 0.7338 0.4226 -0.5320
vn 0.8789 0.4375 0.1898
vn 0.4796 0.4033 0.7793
vn 0.6355 0.3618 -0.6820
vn 0.8790 0.4373 -0.1901
vn 0.7333 0.4230 0.5323
vn 0.2105 0.2868 -0.9346
vn 0.5754 0.4783 -0.6635
vn 0.8258 0.5349 -0.1788
vn 0.6915 0.5191 0.5023
vn 0.6914 0.4748 -0.5445
vn 0.8258 0.5349 0.1786
vn 0.7864 0.5937 -0.1705
vn 0.6165 0.6113 -0.4962
vn 0.7864 0.5938 0.1702
vn 0.6606 0.5773 0.4799
vn 0.4551 0.4960 0.7395
vn 0.1703 0.3881 0.9057
vn -0.8234 0.1776 0.5390
vn -0.1822 0.1352 0.9739
vn -0.1386 0.4025 -0.9049
vn -0.7894 0.2864 -0.5430
vn -0.9563 0.2406 0.1659
vn -0.5192 0.1391 0.8432
vn -0.6471 0.2998 -0.7010
vn -0.9274 0.2873 -0.2395
vn -0.7338 0.4226 -0.5320
vn -0.8789 0.4375 0.1898
vn -0.4796 0.4033 0.7793
vn -0.6355 0.3618 -0.6820
vn -0.8790 0.4373 -0.1901
vn -0.7333 0.4230 0.5323
vn -0.2105 0.2868 -0.9346
vn -0.5754 0.4783 -0.6635
vn -0.8258 0.5349 -0.1788
vn -0.6915 0.5191 0.5023
vn -0.6914 0.4748 -0.5445
vn -0.8258 0.5349 0.1786
vn -0.7864 0.5937 -0.1705
vn -0.6165 0.6113 -0.4962
vn -0.7864 0.5938 0.1702
vn -0.6606 0.5773 0.4799
vn -0.4551 0.4960 0.7395
vn -0.1703 0.3881 0.9057
vn -0.8236 -0.1780 -0.5385
vn -0.1809 -0.1355 -0.9741
vn -0.1357 -0.4025 0.9053
vn -0.7891 -0.2866 0.5434
vn -0.9563 -0.2409 -0.1657
vn -0.5191 -0.1396 -0.8433
vn -0.6487 -0.2997 0.6995
vn -0.9273 -0.2875 0.2399
vn -0.7335 -0.4224 0.5325
vn -0.8791 -0.4373 -0.1899
vn -0.4797 -0.4021 -0.7799
vn -0.6366 -0.3608 0.6816
vn -0.8791 -0.4373 0.1899
vn -0.7335 -0.4224 -0.5325
vn -0.2090 -0.2898 0.9340
vn -0.5756 -0.4783 0.6633
vn -0.8258 -0.5349 0.1786
vn -0.6916 -0.5187 -0.5026
vn -0.6909 -0.4750 0.5450
vn -0.8258 -0.5349 -0.1786
vn -0.7865 -0.5936 0.1704
vn -0.6164 -0.6110 0.4967
vn -0.7865 -0.5936 -0.1704
vn -0.6602 -0.5776 -0.4801
vn -0.4546 -0.4967 -0.7394
vn -0.1701 -0.3885 -0.9056
vn 0.8236 -0.1780 -0.5385
vn 0.1809 -0.1355 -0.9741
vn 0.1357 -0.4025 0.9053
vn 0.7891 -0.2866 0.5434
vn 0.9563 -0.2409 -0.1657
vn 0.5191 -0.1396 -0.8433
vn 0.6487 -0.2997 0.6995
vn 0.9273 -0.2875 0.2399
vn 0.7335 -0.4224 0.5325
vn 0.8791 -0.4373 -0.1899
vn 0.4797 -0.4021 -0.7799
vn 0.6366 -0.3608 0.6816
vn 0.8791 -0.4373 0.1899
vn 0.7335 -0.4224 -0.5325
vn 0.2090 -0.2898 0.9340
vn 0.5756 -0.4783 0.6633
vn 0.8258 -0.5349 0.1786
vn 0.6916 -0.5187 -0.5026
vn 0.6909 -0.4750 0.5450
vn 0.8258 -0.5349 -0.1786
vn 0.7865 -0.5936 0.1704
vn 0.6164 -0.6110 0.4967
vn 0.7865 -0.5936 -0.1704
vn 0.6602 -0.5776 -0.4801
vn 0.4546 -0.4967 -0.7394
vn 0.1701 -0.3885 -0.9056
vn -0.0332 0.9831 -0.1800
vn -0.0991 0.9822 -0.1598
vn -0.1794 0.9785 -0.1020
vn -0.2465 0.9687 -0.0289
vn -0.2779 0.9567 0.0869
vn -0.2667 0.9481 0.1730
vn -0.2463 0.9199 0.3051
vn -0.0329 0.8644 0.5018
vn -0.9698 0.0004 0.2438
vn -0.9820 0.0573 -0.1800
vn 0.5956 -0.7929 0.1290
vn 0.6079 -0.7829 -0.1324
vn 0.5237 -0.7617 -0.3815
vn 0.0791 -0.5636 0.8223
vn -0.1686 -0.6407 0.7490
vn -0.4329 -0.7315 0.5269
vn -0.4147 -0.1620 -0.8954
vn -0.3666 -0.7015 -0.6112
vn -0.2334 -0.5710 -0.7871
vn 0.0332 0.9831 -0.1800
vn 0.0991 0.9822 -0.1598
vn 0.1794 0.9785 -0.1020
vn 0.2465 0.9687 -0.0289
vn 0.2779 0.9567 0.0869
vn 0.2667 0.9481 0.1730
vn 0.2463 0.9199 0.3051
vn 0.0329 0.8644 0.5018
vn 0.9698 0.0004 0.2438
vn 0.9820 0.0573 -0.1800
vn -0.5956 -0.7929 0.1290
vn -0.6079 -0.7829 -0.1324
vn -0.5237 -0.7617 -0.3815
vn -0.0791 -0.5636 0.8223
vn 0.1686 -0.6407 0.7490
vn 0.4329 -0.7315 0.5269
vn 0.4147 -0.1620 -0.8954
vn 0.3666 -0.7015 -0.6112
vn 0.2334 -0.5710 -0.7871
vt 0.797999 0.606970
vt 0.788717 0.565049
vt 0.856417 0.545497
vt 0.868056 0.596520
vt 0.774594 0.524136
vt 0.756573 0.485355
vt 0.818042 0.456791
vt 0.838548 0.497950
vt 0.756573 0.800466
vt 0.778345 0.768348
vt 0.839481 0.804404
vt 0.817302 0.843354
vt 0.790529 0.730184
vt 0.798364 0.690861
vt 0.868343 0.700908
vt 0.856591 0.749311
vt 0.801452 0.649399
vt 0.872379 0.649178
vt 0.900289 0.706105
vt 0.886281 0.759497
vt 0.900874 0.591658
vt 0.905354 0.649218
vt 0.868031 0.485107
vt 0.887958 0.536184
vt 0.865775 0.816866
vt 0.926090 0.789148
vt 0.945767 0.649545
vt 0.939599 0.713044
vt 0.926005 0.524298
vt 0.940983 0.585606
vt 0.999727 0.650229
vt 0.992717 0.723134
vt 0.972387 0.793443
vt 0.994799 0.577110
s 0
usemtl Palette
f 2298/850/2649 2297/851/2649 2306/852/2649 2307/853/2649
f 2296/854/2650 2295/855/2650 2304/856/2650 2305/857/2650
f 2294/858/2651 2302/859/2651 2311/860/2651 2303/861/2651
f 2301/862/2652 2300/863/2652 2309/864/2652 2310/865/2652
f 2299/866/2653 2298/850/2653 2307/853/2653 2308/867/2653
f 2297/851/2654 2296/854/2654 2305/857/2654 2306/852/2654
f 2302/859/2655 2301/862/2655 2310/865/2655 2311/860/2655
f 2300/863/2656 2299/866/2656 2308/867/2656 2309/864/2656
f 2310/865/2657 2309/864/2657 2316/868/2657 2317/869/2657
f 2308/867/2658 2307/853/2658 2314/870/2658 2315/871/2658
f 2306/852/2659 2305/857/2659 2312/872/2659 2313/873/2659
f 2311/860/2660 2310/865/2660 2317/869/2660 2318/874/2660
f 2309/864/2661 2308/867/2661 2315/871/2661 2316/868/2661
f 2307/853/2662 2306/852/2662 2313/873/2662 2314/870/2662
f 2303/861/2663 2311/860/2663 2318/874/2663
f 2318/874/2664 2317/869/2664 2323/875/2664
f 2316/868/2665 2315/871/2665 2321/876/2665 2322/877/2665
f 2314/870/2666 2313/873/2666 2319/878/2666 2320/879/2666
f 2317/869/2667 2316/868/2667 2322/877/2667 2323/875/2667
f 2315/871/2668 2314/870/2668 2320/879/2668 2321/876/2668
f 2322/877/2669 2321/876/2669 2325/880/2669 2326/881/2669
f 2323/875/2670 2322/877/2670 2326/881/2670 2327/882/2670
f 2321/876/2671 2320/879/2671 2324/883/2671 2325/880/2671
f 2320/879/2672 2319/878/2672 2324/883/2672
f 2313/873/2673 2312/872/2673 2319/878/2673
f 2305/857/2674 2304/856/2674 2312/872/2674
f 2332/850/2675 2341/853/2675 2340/852/2675 2331/851/2675
f 2330/854/2676 2339/857/2676 2338/856/2676 2329/855/2676
f 2328/858/2677 2337/861/2677 2345/860/2677 2336/859/2677
f 2335/862/2678 2344/865/2678 2343/864/2678 2334/863/2678
f 2333/866/2679 2342/867/2679 2341/853/2679 2332/850/2679
f 2331/851/2680 2340/852/2680 2339/857/2680 2330/854/2680
f 2336/859/2681 2345/860/2681 2344/865/2681 2335/862/2681
f 2334/863/2682 2343/864/2682 2342/867/2682 2333/866/2682
f 2344/865/2683 2351/869/2683 2350/868/2683 2343/864/2683
f 2342/867/2684 2349/871/2684 2348/870/2684 2341/853/2684
f 2340/852/2685 2347/873/2685 2346/872/2685 2339/857/2685
f 2345/860/2686 2352/874/2686 2351/869/2686 2344/865/2686
f 2343/864/2687 2350/868/2687 2349/871/2687 2342/867/2687
f 2341/853/2688 2348/870/2688 2347/873/2688 2340/852/2688
f 2337/861/2689 2352/874/2689 2345/860/2689
f 2352/874/2690 2357/875/2690 2351/869/2690
f 2350/868/2691 2356/877/2691 2355/876/2691 2349/871/2691
f 2348/870/2692 2354/879/2692 2353/878/2692 2347/873/2692
f 2351/869/2693 2357/875/2693 2356/877/2693 2350/868/2693
f 2349/871/2694 2355/876/2694 2354/879/2694 2348/870/2694
f 2356/877/2695 2360/881/2695 2359/880/2695 2355/876/2695
f 2357/875/2696 2361/882/2696 2360/881/2696 2356/877/2696
f 2355/876/2697 2359/880/2697 2358/883/2697 2354/879/2697
f 2354/879/2698 2358/883/2698 2353/878/2698
f 2347/873/2699 2353/878/2699 2346/872/2699
f 2339/857/2700 2346/872/2700 2338/856/2700
f 2366/850/2701 2375/853/2701 2374/852/2701 2365/851/2701
f 2364/854/2702 2373/857/2702 2372/856/2702 2363/855/2702
f 2362/858/2703 2371/861/2703 2379/860/2703 2370/859/2703
f 2369/862/2704 2378/865/2704 2377/864/2704 2368/863/2704
f 2367/866/2705 2376/867/2705 2375/853/2705 2366/850/2705
f 2365/851/2706 2374/852/2706 2373/857/2706 2364/854/2706
f 2370/859/2707 2379/860/2707 2378/865/2707 2369/862/2707
f 2368/863/2708 2377/864/2708 2376/867/2708 2367/866/2708
f 2378/865/2709 2385/869/2709 2384/868/2709 2377/864/2709
f 2376/867/2710 2383/871/2710 2382/870/2710 2375/853/2710
f 2374/852/2711 2381/873/2711 2380/872/2711 2373/857/2711
f 2379/860/2712 2386/874/2712 2385/869/2712 2378/865/2712
f 2377/864/2713 2384/868/2713 2383/871/2713 2376/867/2713
f 2375/853/2714 2382/870/2714 2381/873/2714 2374/852/2714
f 2371/861/2715 2386/874/2715 2379/860/2715
f 2386/874/2716 2391/875/2716 2385/869/2716
f 2384/868/2717 2390/877/2717 2389/876/2717 2383/871/2717
f 2382/870/2718 2388/879/2718 2387/878/2718 2381/873/2718
f 2385/869/2719 2391/875/2719 2390/877/2719 2384/868/2719
f 2383/871/2720 2389/876/2720 2388/879/2720 2382/870/2720
f 2390/877/2721 2394/881/2721 2393/880/2721 2389/876/2721
f 2391/875/2722 2395/882/2722 2394/881/2722 2390/877/2722
f 2389/876/2723 2393/880/2723 2392/883/2723 2388/879/2723
f 2388/879/2724 2392/883/2724 2387/878/2724
f 2381/873/2725 2387/878/2725 2380/872/2725
f 2373/857/2726 2380/872/2726 2372/856/2726
f 2400/850/2727 2399/851/2727 2408/852/2727 2409/853/2727
f 2398/854/2728 2397/855/2728 2406/856/2728 2407/857/2728
f 2396/858/2729 2404/859/2729 2413/860/2729 2405/861/2729
f 2403/862/2730 2402/863/2730 2411/864/2730 2412/865/2730
f 2401/866/2731 2400/850/2731 2409/853/2731 2410/867/2731
f 2399/851/2732 2398/854/2732 2407/857/2732 2408/852/2732
f 2404/859/2733 2403/862/2733 2412/865/2733 2413/860/2733
f 2402/863/2734 2401/866/2734 2410/867/2734 2411/864/2734
f 2412/865/2735 2411/864/2735 2418/868/2735 2419/869/2735
f 2410/867/2736 2409/853/2736 2416/870/2736 2417/871/2736
f 2408/852/2737 2407/857/2737 2414/872/2737 2415/873/2737
f 2413/860/2738 2412/865/2738 2419/869/2738 2420/874/2738
f 2411/864/2739 2410/867/2739 2417/871/2739 2418/868/2739
f 2409/853/2740 2408/852/2740 2415/873/2740 2416/870/2740
f 2405/861/2741 2413/860/2741 2420/874/2741
f 2420/874/2742 2419/869/2742 2425/875/2742
f 2418/868/2743 2417/871/2743 2423/876/2743 2424/877/2743
f 2416/870/2744 2415/873/2744 2421/878/2744 2422/879/2744
f 2419/869/2745 2418/868/2745 2424/877/2745 2425/875/2745
f 2417/871/2746 2416/870/2746 2422/879/2746 2423/876/2746
f 2424/877/2747 2423/876/2747 2427/880/2747 2428/881/2747
f 2425/875/2748 2424/877/2748 2428/881/2748 2429/882/2748
f 2423/876/2749 2422/879/2749 2426/883/2749 2427/880/2749
f 2422/879/2750 2421/878/2750 2426/883/2750
f 2415/873/2751 2414/872/2751 2421/878/2751
f 2407/857/2752 2406/856/2752 2414/872/2752
f 2295/855/2753 2296/854/2753 2364/854/2753 2363/855/2753
f 2296/854/2754 2297/851/2754 2365/851/2754 2364/854/2754
f 2297/851/2755 2298/850/2755 2366/850/2755 2365/851/2755
f 2298/850/2756 2299/866/2756 2367/866/2756 2366/850/2756
f 2299/866/2757 2300/863/2757 2368/863/2757 2367/866/2757
f 2300/863/2758 2301/862/2758 2369/862/2758 2368/863/2758
f 2301/862/2759 2302/859/2759 2370/859/2759 2369/862/2759
f 2302/859/2760 2294/858/2760 2362/858/2760 2370/859/2760
f 2304/856/2761 2295/855/2761 2363/855/2761 2372/856/2761
f 2294/858/2762 2303/861/2762 2371/861/2762 2362/858/2762
f 2325/880/2763 2324/883/2763 2392/883/2763 2393/880/2763
f 2326/881/2764 2325/880/2764 2393/880/2764 2394/881/2764
f 2327/882/2765 2326/881/2765 2394/881/2765 2395/882/2765
f 2324/883/2766 2319/878/2766 2387/878/2766 2392/883/2766
f 2319/878/2767 2312/872/2767 2380/872/2767 2387/878/2767
f 2312/872/2768 2304/856/2768 2372/856/2768 2380/872/2768
f 2323/875/2769 2327/882/2769 2395/882/2769 2391/875/2769
f 2303/861/2770 2318/874/2770 2386/874/2770 2371/861/2770
f 2318/874/2771 2323/875/2771 2391/875/2771 2386/874/2771
f 2330/854/2772 2329/855/2772 2397/855/2772 2398/854/2772
f 2331/851/2773 2330/854/2773 2398/854/2773 2399/851/2773
f 2332/850/2774 2331/851/2774 2399/851/2774 2400/850/2774
f 2333/866/2775 2332/850/2775 2400/850/2775 2401/866/2775
f 2334/863/2776 2333/866/2776 2401/866/2776 2402/863/2776
f 2335/862/2777 2334/863/2777 2402/863/2777 2403/862/2777
f 2336/859/2778 2335/862/2778 2403/862/2778 2404/859/2778
f 2328/858/2779 2336/859/2779 2404/859/2779 2396/858/2779
f 2329/855/2780 2338/856/2780 2406/856/2780 2397/855/2780
f 2337/861/2781 2328/858/2781 2396/858/2781 2405/861/2781
f 2358/883/2782 2359/880/2782 2427/880/2782 2426/883/2782
f 2359/880/2783 2360/881/2783 2428/881/2783 2427/880/2783
f 2360/881/2784 2361/882/2784 2429/882/2784 2428/881/2784
f 2353/878/2785 2358/883/2785 2426/883/2785 2421/878/2785
f 2346/872/2786 2353/878/2786 2421/878/2786 2414/872/2786
f 2338/856/2787 2346/872/2787 2414/872/2787 2406/856/2787
f 2361/882/2788 2357/875/2788 2425/875/2788 2429/882/2788
f 2352/874/2789 2337/861/2789 2405/861/2789 2420/874/2789
f 2357/875/2790 2352/874/2790 2420/874/2790 2425/875/2790
o Pauldron
v -0.184008 1.092458 -0.168177
v -0.195522 1.175382 -0.142600
v -0.202915 1.199276 -0.069690
v -0.184084 1.087310 0.046743
v -0.197565 1.171400 0.000039
v -0.245635 1.189806 -0.069660
v -0.241228 1.165180 -0.009811
v -0.232660 1.085658 0.034554
v -0.232397 1.091011 -0.165586
v -0.241289 1.167428 -0.140512
v -0.185774 1.094711 0.043563
v -0.185134 1.100307 -0.165948
v -0.225657 1.093293 0.033473
v -0.225190 1.099059 -0.163845
v -0.233249 1.167114 -0.008879
v -0.233179 1.168848 -0.140673
v -0.237598 1.191587 -0.069573
v -0.186725 1.096683 0.048741
v -0.185281 1.101839 -0.171354
v -0.227098 1.095500 0.038439
v -0.225571 1.100595 -0.169239
v -0.234690 1.170985 -0.005065
v -0.234018 1.172713 -0.144668
v -0.238851 1.197062 -0.069346
v -0.185034 1.089282 0.051921
v -0.184155 1.093989 -0.173583
v -0.234101 1.087865 0.039519
v -0.232779 1.092546 -0.170980
v -0.242667 1.169093 -0.006040
v -0.242126 1.171284 -0.144517
v -0.246887 1.195283 -0.069448
v -0.079253 1.092158 -0.193423
v -0.084289 1.087382 0.085251
v -0.099513 1.202628 -0.161843
v -0.111745 1.241377 -0.065859
v -0.103011 1.190979 0.026610
v -0.148438 1.089106 -0.185177
v -0.160534 1.184695 -0.156178
v -0.171701 1.217026 -0.069441
v -0.148352 1.085355 0.066102
v -0.168407 1.180112 0.012898
v -0.219056 1.196844 -0.069785
v -0.211888 1.169080 0.001102
v -0.196895 1.081714 0.050881
v -0.196508 1.086859 -0.182419
v -0.212152 1.171644 -0.153705
v -0.095673 1.095703 0.078922
v -0.112084 1.188462 0.025950
v -0.108605 1.200063 -0.161631
v -0.090776 1.101083 -0.189915
v -0.120740 1.238529 -0.066059
v -0.147904 1.094073 0.062406
v -0.149403 1.098175 -0.182654
v -0.189552 1.091046 0.049601
v -0.188967 1.096682 -0.180356
v -0.202937 1.171982 0.002207
v -0.203007 1.173969 -0.153895
v -0.210025 1.199574 -0.069682
v -0.096908 1.098241 0.084908
v -0.113603 1.192618 0.030790
v -0.109920 1.204054 -0.166678
v -0.091342 1.102648 -0.196347
v -0.122653 1.244667 -0.065626
v -0.149499 1.096479 0.068358
v -0.150011 1.099801 -0.189066
v -0.191390 1.093443 0.055482
v -0.189536 1.098404 -0.186745
v -0.204918 1.176281 0.006724
v -0.204300 1.178313 -0.158627
v -0.211931 1.205723 -0.069412
v -0.085524 1.089920 0.091236
v -0.104529 1.195130 0.031456
v -0.100835 1.206644 -0.166868
v -0.079819 1.093723 -0.199855
v -0.113657 1.247517 -0.065464
v -0.149946 1.087761 0.072054
v -0.149046 1.090732 -0.191589
v -0.198733 1.084111 0.056762
v -0.197077 1.088581 -0.188808
v -0.213872 1.173427 0.005569
v -0.213443 1.175978 -0.158448
v -0.220961 1.202994 -0.069534
vn -0.2493 0.4555 0.8546
vn -0.0790 0.2957 -0.9520
vn -0.1916 0.9290 -0.3166
vn -0.2010 0.9038 0.3777
vn -0.9897 -0.1335 0.0517
vn -0.9635 -0.2014 -0.1765
vn 0.0140 -0.9617 -0.2738
vn 0.0633 0.9279 -0.3674
vn 0.9646 0.2608 0.0398
vn -0.0634 -0.9279 0.3674
vn 0.9764 0.2156 -0.0076
vn -0.2405 0.3423 0.9083
vn -0.0591 0.2631 -0.9630
vn -0.2815 0.4520 0.8464
vn -0.0931 0.3092 -0.9464
vn -0.1862 0.9318 -0.3115
vn -0.2309 0.8950 0.3815
vn -0.0154 0.9616 0.2739
vn -0.9765 -0.2156 0.0076
vn 0.9635 0.2001 0.1777
vn -0.9648 -0.2598 -0.0396
vn 0.9898 0.1323 -0.0525
vn -0.3027 0.8444 0.4420
vn -0.2736 0.4351 0.8578
vn -0.3190 0.8690 -0.3782
vn -0.1523 0.2579 -0.9541
vn -0.3231 0.4251 0.8455
vn -0.0967 0.2926 -0.9513
vn -0.3179 0.8872 -0.3345
vn -0.3567 0.8531 0.3808
vn -0.9783 -0.1966 0.0652
vn 0.9530 0.3029 -0.0012
vn -0.9782 -0.2005 0.0543
vn 0.9779 0.1992 -0.0641
vn -0.9480 -0.2636 -0.1783
vn -0.9675 -0.2305 -0.1036
vn 0.9672 0.2327 0.1021
vn 0.0295 -0.9664 -0.2555
vn 0.0446 0.9301 -0.3646
vn 0.9422 0.3329 0.0385
vn -0.0446 -0.9301 0.3646
vn 0.9574 0.2887 -0.0074
vn -0.1647 0.4665 0.8691
vn -0.0912 0.2639 -0.9602
vn -0.2660 0.8821 -0.3886
vn -0.2700 0.8363 0.4772
vn -0.2848 0.3437 0.8949
vn -0.1278 0.2343 -0.9637
vn -0.3003 0.3718 0.8784
vn -0.0666 0.2572 -0.9641
vn -0.3192 0.4355 0.8417
vn -0.1179 0.3080 -0.9440
vn -0.2568 0.9180 -0.3023
vn -0.2993 0.8791 0.3709
vn -0.0204 0.9668 0.2548
vn -0.9574 -0.2887 0.0073
vn 0.0848 0.9275 -0.3640
vn 0.9561 0.2857 0.0649
vn -0.9530 -0.3031 0.0014
vn 0.9483 0.2615 0.1799
vn -0.9425 -0.3319 -0.0383
vn -0.0788 -0.9275 0.3654
vn -0.9562 -0.2855 -0.0649
vn 0.9785 0.1986 -0.0555
vn -0.0175 0.9700 0.2426
vn 0.0134 -0.9701 -0.2423
vt 0.438280 0.496056
vt 0.436473 0.496540
vt 0.436279 0.493026
vt 0.437524 0.491794
vt 0.437693 0.507124
vt 0.436322 0.505991
vt 0.436372 0.502840
vt 0.438341 0.503031
vt 0.436499 0.499467
vt 0.438045 0.499493
vt 0.435555 0.502817
vt 0.435822 0.502828
vt 0.435697 0.506288
vt 0.435455 0.506397
vt 0.435455 0.492704
vt 0.435689 0.492791
vt 0.435912 0.496551
vt 0.435653 0.496565
vt 0.437387 0.507587
vt 0.437172 0.507837
vt 0.436055 0.492924
vt 0.437384 0.491630
vt 0.436296 0.499463
vt 0.436248 0.496536
vt 0.437004 0.491138
vt 0.437236 0.491345
vt 0.436156 0.502836
vt 0.437557 0.507301
vt 0.436095 0.506111
vt 0.435904 0.499459
vt 0.435662 0.499456
vt 0.562622 0.423250
vt 0.566285 0.422978
vt 0.566672 0.428455
vt 0.563254 0.429369
vt 0.567131 0.434208
vt 0.564768 0.434508
vt 0.562644 0.417022
vt 0.566138 0.417142
vt 0.564130 0.411410
vt 0.567062 0.411570
vt 0.569115 0.427863
vt 0.568970 0.433125
vt 0.568902 0.412452
vt 0.569215 0.417289
vt 0.569004 0.422975
vt 0.562306 0.416969
vt 0.563869 0.411075
vt 0.561322 0.416863
vt 0.561776 0.416914
vt 0.561686 0.423295
vt 0.561322 0.423307
vt 0.570551 0.417274
vt 0.570109 0.417263
vt 0.569801 0.411843
vt 0.570181 0.411580
vt 0.563107 0.410089
vt 0.563390 0.410488
vt 0.570168 0.433869
vt 0.569806 0.433667
vt 0.570013 0.427881
vt 0.570460 0.427866
vt 0.564541 0.434823
vt 0.562971 0.429443
vt 0.562060 0.429592
vt 0.562481 0.429523
vt 0.564153 0.435335
vt 0.563917 0.435705
vt 0.567278 0.410617
vt 0.567382 0.410216
vt 0.569289 0.433342
vt 0.567220 0.434566
vt 0.569338 0.422979
vt 0.569475 0.427889
vt 0.567537 0.435374
vt 0.567367 0.434988
vt 0.569568 0.417271
vt 0.562286 0.423281
vt 0.567182 0.411105
vt 0.569227 0.412231
vt 0.569986 0.422982
vt 0.570365 0.422986
s 0
usemtl Palette
f 2434/884/2791 2444/885/2791 2442/886/2791 2440/887/2791
f 2441/888/2792 2443/889/2792 2445/890/2792 2431/891/2792
f 2431/891/2793 2445/890/2793 2446/892/2793 2432/893/2793
f 2432/893/2794 2446/892/2794 2444/885/2794 2434/884/2794
f 2439/894/2795 2459/895/2795 2457/896/2795 2438/897/2795
f 2437/898/2796 2456/899/2796 2458/900/2796 2436/901/2796
f 2438/897/2797 2457/896/2797 2455/902/2797 2430/903/2797
f 2442/886/2798 2449/904/2798 2447/905/2798 2440/887/2798
f 2446/892/2799 2453/906/2799 2451/907/2799 2444/885/2799
f 2433/908/2800 2454/909/2800 2456/899/2800 2437/898/2800
f 2445/890/2801 2452/910/2801 2453/906/2801 2446/892/2801
f 2449/904/2802 2456/899/2802 2454/909/2802 2447/905/2802
f 2448/911/2803 2455/902/2803 2457/896/2803 2450/912/2803
f 2451/907/2804 2458/900/2804 2456/899/2804 2449/904/2804
f 2450/912/2805 2457/896/2805 2459/895/2805 2452/910/2805
f 2452/910/2806 2459/895/2806 2460/913/2806 2453/906/2806
f 2453/906/2807 2460/913/2807 2458/900/2807 2451/907/2807
f 2441/888/2808 2448/911/2808 2450/912/2808 2443/889/2808
f 2435/914/2809 2460/913/2809 2459/895/2809 2439/894/2809
f 2444/885/2810 2451/907/2810 2449/904/2810 2442/886/2810
f 2436/901/2811 2458/900/2811 2460/913/2811 2435/914/2811
f 2443/889/2812 2450/912/2812 2452/910/2812 2445/890/2812
f 2480/915/2813 2468/916/2813 2470/917/2813 2477/918/2813
f 2477/918/2814 2470/917/2814 2481/919/2814 2476/920/2814
f 2478/921/2815 2467/922/2815 2468/916/2815 2480/915/2815
f 2479/923/2816 2482/924/2816 2467/922/2816 2478/921/2816
f 2470/917/2817 2485/925/2817 2483/926/2817 2481/919/2817
f 2482/924/2818 2484/927/2818 2486/928/2818 2467/922/2818
f 2467/922/2819 2486/928/2819 2487/929/2819 2468/916/2819
f 2468/916/2820 2487/929/2820 2485/925/2820 2470/917/2820
f 2478/921/2821 2490/930/2821 2491/931/2821 2479/923/2821
f 2463/932/2822 2502/933/2822 2504/934/2822 2464/935/2822
f 2475/936/2823 2510/937/2823 2508/938/2823 2474/939/2823
f 2461/940/2824 2503/941/2824 2502/933/2824 2463/932/2824
f 2473/942/2825 2507/943/2825 2509/944/2825 2472/945/2825
f 2476/920/2826 2488/946/2826 2489/947/2826 2477/918/2826
f 2465/948/2827 2501/949/2827 2500/950/2827 2462/951/2827
f 2474/939/2828 2508/938/2828 2506/952/2828 2466/953/2828
f 2483/926/2829 2495/954/2829 2493/955/2829 2481/919/2829
f 2487/929/2830 2499/956/2830 2497/957/2830 2485/925/2830
f 2469/958/2831 2505/959/2831 2507/943/2831 2473/942/2831
f 2486/928/2832 2498/960/2832 2499/956/2832 2487/929/2832
f 2488/946/2833 2500/950/2833 2501/949/2833 2489/947/2833
f 2490/930/2834 2502/933/2834 2503/941/2834 2491/931/2834
f 2492/961/2835 2504/934/2835 2502/933/2835 2490/930/2835
f 2489/947/2836 2501/949/2836 2504/934/2836 2492/961/2836
f 2493/955/2837 2505/959/2837 2500/950/2837 2488/946/2837
f 2491/931/2838 2503/941/2838 2506/952/2838 2494/962/2838
f 2495/954/2839 2507/943/2839 2505/959/2839 2493/955/2839
f 2494/962/2840 2506/952/2840 2508/938/2840 2496/963/2840
f 2497/957/2841 2509/944/2841 2507/943/2841 2495/954/2841
f 2496/963/2842 2508/938/2842 2510/937/2842 2498/960/2842
f 2498/960/2843 2510/937/2843 2511/964/2843 2499/956/2843
f 2499/956/2844 2511/964/2844 2509/944/2844 2497/957/2844
f 2482/924/2845 2494/962/2845 2496/963/2845 2484/927/2845
f 2471/965/2846 2511/964/2846 2510/937/2846 2475/936/2846
f 2481/919/2847 2493/955/2847 2488/946/2847 2476/920/2847
f 2464/935/2848 2504/934/2848 2501/949/2848 2465/948/2848
f 2480/915/2849 2492/961/2849 2490/930/2849 2478/921/2849
f 2485/925/2850 2497/957/2850 2495/954/2850 2483/926/2850
f 2472/945/2851 2509/944/2851 2511/964/2851 2471/965/2851
f 2462/951/2852 2500/950/2852 2505/959/2852 2469/958/2852
f 2477/918/2853 2489/947/2853 2492/961/2853 2480/915/2853
f 2484/927/2854 2496/963/2854 2498/960/2854 2486/928/2854
f 2479/923/2855 2491/931/2855 2494/962/2855 2482/924/2855
f 2466/953/2856 2506/952/2856 2503/941/2856 2461/940/2856
o Axe
v -1.610168 0.819163 -0.029579
v -1.610168 1.382913 -0.029579
v -1.589252 0.819163 -0.020916
v -1.589252 1.382913 -0.020916
v -1.580588 0.819163 0.000000
v -1.580588 1.382913 0.000000
v -1.589252 0.819163 0.020916
v -1.589252 1.382913 0.020916
v -1.610168 0.819163 0.029579
v -1.610168 1.382913 0.029579
v -1.631083 0.819163 0.020916
v -1.631083 1.382913 0.020916
v -1.639747 0.819163 0.000000
v -1.639747 1.382913 0.000000
v -1.631083 0.819163 -0.020916
v -1.631083 1.382913 -0.020916
v -1.610168 0.876839 -0.029579
v -1.589252 0.876839 -0.020916
v -1.580588 0.876839 0.000000
v -1.589252 0.876839 0.020916
v -1.610168 0.876839 0.029579
v -1.631083 0.876839 0.020916
v -1.639747 0.876839 0.000000
v -1.631083 0.876839 -0.020916
v -1.610168 0.819163 -0.038442
v -1.582985 0.819163 -0.027183
v -1.582985 0.876839 -0.027183
v -1.571725 0.819163 0.000000
v -1.571725 0.876839 0.000000
v -1.582985 0.819163 0.027183
v -1.582985 0.876839 0.027183
v -1.610168 0.819163 0.038442
v -1.610168 0.876839 0.038442
v -1.637350 0.819163 0.027183
v -1.637350 0.876839 0.027183
v -1.648610 0.819163 0.000000
v -1.648610 0.876839 0.000000
v -1.637350 0.819163 -0.027183
v -1.637350 0.876839 -0.027183
v -1.610168 0.876839 -0.038442
v -1.610168 1.369974 -0.029579
v -1.589252 1.369974 -0.020916
v -1.580588 1.369974 0.000000
v -1.589252 1.369974 0.020916
v -1.610168 1.369974 0.029579
v -1.631083 1.369974 0.020916
v -1.639747 1.369974 0.000000
v -1.631083 1.369974 -0.020916
v -1.589252 1.296004 -0.020916
v -1.580588 1.296004 0.000000
v -1.589252 1.296004 0.020916
v -1.610168 1.296004 0.029579
v -1.631083 1.296004 0.020916
v -1.639747 1.296004 0.000000
v -1.631083 1.296004 -0.020916
v -1.610168 1.296004 -0.029579
v -1.610168 1.296004 -0.053114
v -1.610168 1.369974 -0.053114
v -1.720034 1.303954 0.002433
v -1.720034 1.303954 0.000000
v -1.720034 1.332989 -0.002433
v -1.610168 1.369974 0.053114
v -1.564512 1.353664 0.018006
v -1.557054 1.353664 0.000000
v -1.564512 1.353664 -0.018006
v -1.564512 1.312314 -0.018006
v -1.557054 1.296004 0.000000
v -1.564512 1.312314 0.018006
v -1.610168 1.296004 0.053114
v -1.720034 1.332989 0.002433
v -1.720034 1.362024 0.002433
v -1.557054 1.369974 0.000000
v -1.572610 1.369974 0.037557
v -1.572610 1.369974 -0.037557
v -1.572610 1.296004 -0.037557
v -1.572610 1.296004 0.037557
v -1.557054 1.312314 0.000000
v -1.557054 1.353664 0.000000
v -1.557054 1.312314 0.000000
v -1.564512 1.353664 0.018006
v -1.564512 1.353664 -0.018006
v -1.564512 1.312314 -0.018006
v -1.564512 1.312314 0.018006
v -1.500527 1.381423 0.000000
v -1.500527 1.284556 0.000000
v -1.500527 1.381423 0.014201
v -1.500527 1.381423 -0.014201
v -1.500527 1.284556 -0.014201
v -1.500527 1.284556 0.014201
v -1.476896 1.438031 0.000000
v -1.476896 1.227947 0.000000
v -1.476896 1.438031 0.009784
v -1.476896 1.438031 -0.009784
v -1.476896 1.227947 -0.009784
v -1.476896 1.227947 0.009784
v -1.434654 1.185547 0.000000
v -1.610168 1.332989 -0.053114
v -1.572610 1.332989 -0.037557
v -1.572610 1.332989 0.037557
v -1.610168 1.332989 0.053114
v -1.720034 1.362024 0.000000
v -1.720034 1.362024 -0.002433
v -1.564512 1.332989 -0.018006
v -1.564512 1.332989 0.018006
v -1.564512 1.332989 -0.018006
v -1.564512 1.332989 0.018006
v -1.520527 1.332989 -0.014201
v -1.520527 1.332989 0.014201
v -1.436895 1.332989 -0.009784
v -1.436895 1.332989 0.009784
v -1.487558 1.506374 0.000000
v -1.487558 1.159605 0.000000
v -1.370574 1.246394 0.000000
v -1.428217 1.484723 0.000000
v -1.370574 1.419584 0.000000
v -1.347261 1.332989 0.000000
v -1.663281 1.369974 0.000000
v -1.647725 1.369974 -0.037557
v -1.647725 1.369974 0.037557
v -1.647725 1.332989 0.037557
v -1.647725 1.296004 0.037557
v -1.647725 1.332989 -0.037557
v -1.647725 1.296004 -0.037557
v -1.663281 1.296004 0.000000
v -1.739609 1.332989 -0.001215
v -1.663281 1.311979 0.000000
v -1.663281 1.353999 0.000000
v -1.655816 1.332989 0.013289
v -1.655816 1.332989 -0.013289
v -1.655816 1.353999 -0.013289
v -1.655816 1.353999 0.013289
v -1.655816 1.311979 0.013289
v -1.655816 1.311979 -0.013289
v -1.682611 1.298064 0.000000
v -1.682611 1.367914 0.000000
v -1.682611 1.332989 0.012485
v -1.682611 1.332989 -0.012485
v -1.682611 1.367914 -0.012485
v -1.682611 1.367914 0.012485
v -1.682611 1.298064 0.012485
v -1.682611 1.298064 -0.012485
v -1.699859 1.282924 0.000000
v -1.699859 1.383054 0.000000
v -1.699859 1.332989 0.007663
v -1.699859 1.332989 -0.007663
v -1.699859 1.383054 -0.007663
v -1.699859 1.383054 0.007663
v -1.699859 1.282924 0.007663
v -1.699859 1.282924 -0.007663
v -1.720034 1.303954 -0.002433
v -1.739609 1.320299 -0.001215
v -1.739609 1.345679 -0.001215
v -1.739609 1.332989 0.001215
v -1.739609 1.320299 0.001215
v -1.739609 1.345679 0.001215
v -1.739609 1.320299 0.000000
v -1.739609 1.345679 0.000000
v -1.757168 1.332989 0.000000
v -1.589252 1.141847 -0.020916
v -1.589252 1.206592 -0.020916
v -1.589252 1.163429 -0.020916
v -1.589252 1.185011 -0.020916
v -1.580588 1.141847 0.000000
v -1.580588 1.206592 0.000000
v -1.580588 1.163429 0.000000
v -1.580588 1.185011 0.000000
v -1.589252 1.141847 0.020916
v -1.589252 1.206592 0.020916
v -1.589252 1.163429 0.020916
v -1.589252 1.185011 0.020916
v -1.610168 1.141847 0.029579
v -1.610168 1.206592 0.029579
v -1.610168 1.163429 0.029579
v -1.610168 1.185011 0.029579
v -1.631083 1.141847 0.020916
v -1.631083 1.206592 0.020916
v -1.631083 1.163429 0.020916
v -1.631083 1.185011 0.020916
v -1.639747 1.141847 0.000000
v -1.639747 1.206592 0.000000
v -1.639747 1.163429 0.000000
v -1.639747 1.185011 0.000000
v -1.631083 1.141847 -0.020916
v -1.631083 1.206592 -0.020916
v -1.631083 1.163429 -0.020916
v -1.631083 1.185011 -0.020916
v -1.610168 1.206592 -0.029579
v -1.610168 1.141847 -0.029579
v -1.610168 1.185011 -0.029579
v -1.610168 1.163429 -0.029579
v -1.633850 1.185011 -0.023682
v -1.633850 1.206592 -0.023682
v -1.610168 1.206592 -0.033492
v -1.610168 1.185011 -0.033492
v -1.610168 1.163429 -0.033492
v -1.633850 1.163429 -0.023682
v -1.633850 1.141847 -0.023682
v -1.610168 1.141847 -0.033492
v -1.643659 1.185011 0.000000
v -1.643659 1.206592 0.000000
v -1.643659 1.163429 0.000000
v -1.643659 1.141847 0.000000
v -1.633850 1.185011 0.023682
v -1.633850 1.206592 0.023682
v -1.633850 1.163429 0.023682
v -1.633850 1.141847 0.023682
v -1.610168 1.185011 0.033492
v -1.610168 1.206592 0.033492
v -1.610168 1.163429 0.033492
v -1.610168 1.141847 0.033492
v -1.586485 1.185011 0.023682
v -1.586485 1.206592 0.023682
v -1.586485 1.163429 0.023682
v -1.586485 1.141847 0.023682
v -1.576676 1.185011 0.000000
v -1.576676 1.206592 0.000000
v -1.576676 1.163429 0.000000
v -1.576676 1.141847 0.000000
v -1.586485 1.185011 -0.023682
v -1.586485 1.206592 -0.023682
v -1.586485 1.163429 -0.023682
v -1.586485 1.141847 -0.023682
v -1.596796 1.390656 -0.013371
v -1.610168 1.390656 -0.018910
v -1.591258 1.390656 0.000000
v -1.596796 1.390656 0.013371
v -1.610168 1.390656 0.018910
v -1.623539 1.390656 0.013371
v -1.629077 1.390656 0.000000
v -1.623539 1.390656 -0.013371
v -1.580789 1.402364 -0.029379
v -1.610168 1.402364 -0.041548
v -1.568620 1.402364 -0.000000
v -1.580789 1.402364 0.029379
v -1.610168 1.402364 0.041548
v -1.639546 1.402364 0.029379
v -1.651715 1.402364 -0.000000
v -1.639546 1.402364 -0.029379
v -1.588288 1.418617 -0.021879
v -1.610168 1.418617 -0.030942
v -1.579226 1.418617 -0.000000
v -1.588288 1.418617 0.021879
v -1.610168 1.418617 0.030942
v -1.632047 1.418617 0.021879
v -1.641109 1.418617 -0.000000
v -1.632047 1.418617 -0.021879
v -1.595365 1.436450 -0.014802
v -1.610168 1.436450 -0.020933
v -1.589234 1.436450 -0.000000
v -1.595365 1.436450 0.014802
v -1.610168 1.436450 0.020933
v -1.624970 1.436450 0.014802
v -1.631101 1.436450 -0.000000
v -1.624970 1.436450 -0.014802
v -1.601960 1.453013 -0.008207
v -1.610168 1.453013 -0.011607
v -1.598561 1.453013 -0.000000
v -1.601960 1.453013 0.008207
v -1.610168 1.453013 0.011607
v -1.618375 1.453013 0.008207
v -1.621774 1.453013 -0.000000
v -1.618375 1.453013 -0.008207
v -1.610168 1.469554 0.000000
v -1.414877 1.469648 0.000000
v -1.409889 1.464012 0.000000
v -1.413648 1.454605 -0.000000
v -1.360434 1.284061 0.000000
v -1.357402 1.295322 0.000000
v -1.366067 1.299059 0.000000
vn 0.3827 -0.0000 -0.9239
vn 0.9239 -0.0000 -0.3827
vn 0.9239 -0.0000 0.3827
vn 0.3827 -0.0000 0.9239
vn -0.3827 -0.0000 0.9239
vn -0.9239 -0.0000 0.3827
vn 0.5707 0.7864 -0.2364
vn -0.9239 -0.0000 -0.3827
vn -0.3827 -0.0000 -0.9239
vn -0.0000 -1.0000 -0.0000
vn -0.0000 1.0000 -0.0000
vn -0.0621 -0.0000 -0.9981
vn -0.7216 -0.6923 -0.0000
vn 0.0759 0.0220 0.9969
vn -0.4190 -0.9028 -0.0970
vn -0.9228 0.3852 -0.0000
vn 0.0768 0.0100 -0.9970
vn -0.4190 0.9028 0.0970
vn -0.4190 -0.9028 0.0970
vn 0.0759 -0.0220 -0.9969
vn -0.4190 0.9028 -0.0970
vn -0.9880 0.1542 -0.0000
vn -0.9228 -0.3852 -0.0000
vn 0.0768 -0.0100 0.9970
vn -0.9880 -0.1542 -0.0000
vn 0.1025 -0.0643 0.9927
vn 0.1085 0.0292 0.9937
vn 0.0768 0.0100 0.9970
vn 0.0759 0.0220 -0.9969
vn 0.0768 -0.0100 -0.9970
vn 0.0759 -0.0220 0.9969
vn -0.6410 -0.7676 -0.0000
vn -0.7216 0.6923 -0.0000
vn 0.0547 0.1499 0.9872
vn 0.0547 0.1499 -0.9872
vn 0.0749 -0.1528 0.9854
vn 0.0749 -0.1528 -0.9854
vn 0.1100 -0.0296 -0.9935
vn 0.1025 -0.0643 -0.9927
vn 0.1019 0.0585 -0.9931
vn 0.1085 0.0292 -0.9937
vn -0.9079 -0.0823 -0.4111
vn -0.9079 -0.0823 0.4111
vn -0.9487 -0.0000 0.3163
vn -0.9487 -0.0000 -0.3163
vn -0.9079 0.0823 0.4111
vn -0.9079 0.0823 -0.4111
vn -0.0300 -0.0000 0.9995
vn 0.5128 0.8456 -0.1485
vn -0.0300 -0.0000 -0.9996
vn 0.5128 -0.8456 0.1485
vn -0.2509 -0.0000 0.9680
vn -0.6410 0.7676 -0.0000
vn -0.2693 -0.0000 -0.9631
vn 0.6597 -0.7515 -0.0000
vn 0.6597 0.7515 -0.0000
vn 0.5128 -0.8456 -0.1485
vn 0.5128 0.8456 0.1485
vn -0.2509 -0.0000 -0.9680
vn -0.2693 -0.0000 0.9631
vn -0.0691 -0.0000 -0.9976
vn -0.5858 0.8105 -0.0000
vn -0.0691 -0.0000 0.9976
vn -0.0621 -0.0000 0.9981
vn -0.5858 -0.8105 -0.0000
vn 0.1869 -0.8726 -0.4513
vn -0.2364 0.7864 0.5707
vn -0.2364 0.7864 -0.5707
vn 0.2364 0.7864 -0.5707
vn 0.5707 0.7864 0.2364
vn -0.5707 0.7864 0.2364
vn 0.2364 0.7864 0.5707
vn -0.5707 0.7864 -0.2364
vn -0.7912 0.5163 -0.3277
vn -0.1869 -0.8726 -0.4513
vn -0.4513 -0.8726 0.1869
vn 0.1869 -0.8726 0.4513
vn 0.4513 -0.8726 -0.1869
vn -0.4513 -0.8726 -0.1869
vn -0.1869 -0.8726 0.4513
vn 0.4513 -0.8726 0.1869
vn 0.8202 0.4603 -0.3397
vn -0.3277 0.5163 0.7912
vn 0.7912 0.5163 0.3277
vn 0.3277 0.5163 -0.7912
vn -0.3277 0.5163 -0.7912
vn -0.7912 0.5163 0.3277
vn 0.3277 0.5163 0.7912
vn 0.7912 0.5163 -0.3277
vn -0.3395 0.4615 -0.8196
vn -0.8202 0.4603 -0.3397
vn -0.3397 0.4603 0.8202
vn 0.8202 0.4603 0.3397
vn 0.3397 0.4603 -0.8202
vn -0.3397 0.4603 -0.8202
vn -0.8202 0.4603 0.3397
vn 0.3397 0.4603 0.8202
vn 0.7752 0.5440 0.3211
vn -0.8196 0.4615 0.3395
vn 0.3395 0.4615 0.8196
vn 0.8196 0.4615 -0.3395
vn -0.8196 0.4615 -0.3395
vn -0.3395 0.4615 0.8196
vn 0.8196 0.4615 0.3395
vn 0.3395 0.4615 -0.8196
vn 0.3211 0.5440 -0.7752
vn -0.3211 0.5440 -0.7752
vn -0.7752 0.5440 0.3211
vn 0.3211 0.5440 0.7752
vn 0.7752 0.5440 -0.3211
vn -0.7752 0.5440 -0.3211
vn -0.3211 0.5440 0.7752
vn 0.1019 0.0585 0.9931
vn 0.1100 -0.0296 0.9935
vt 0.423938 0.497949
vt 0.426171 0.498817
vt 0.426171 0.494667
vt 0.423938 0.493798
vt 0.426171 0.492947
vt 0.423938 0.492079
vt 0.426171 0.502967
vt 0.423938 0.502099
vt 0.426171 0.504686
vt 0.423938 0.503818
vt 0.588827 0.396805
vt 0.586943 0.397411
vt 0.586682 0.400032
vt 0.587886 0.399645
vt 0.605862 0.444266
vt 0.605862 0.437682
vt 0.601206 0.433026
vt 0.594622 0.433026
vt 0.589967 0.437682
vt 0.589967 0.444266
vt 0.594622 0.448922
vt 0.601206 0.448922
vt 0.576244 0.441809
vt 0.576244 0.437031
vt 0.576244 0.435599
vt 0.589420 0.446587
vt 0.589420 0.441809
vt 0.589420 0.448019
vt 0.589420 0.437031
vt 0.589420 0.435599
vt 0.576244 0.448567
vt 0.576244 0.446587
vt 0.576244 0.448019
vt 0.576244 0.450591
vt 0.589420 0.435051
vt 0.589420 0.433026
vt 0.589420 0.450591
vt 0.576244 0.433026
vt 0.589420 0.448567
vt 0.576244 0.435051
vt 0.429991 0.536360
vt 0.429739 0.534848
vt 0.429538 0.533645
vt 0.427921 0.535151
vt 0.428173 0.536663
vt 0.427721 0.533948
vt 0.429634 0.534222
vt 0.429351 0.532520
vt 0.428425 0.538175
vt 0.428626 0.539379
vt 0.428529 0.538802
vt 0.428813 0.540503
vt 0.432624 0.559335
vt 0.432624 0.585902
vt 0.431755 0.585902
vt 0.431755 0.559335
vt 0.429658 0.585902
vt 0.429658 0.559335
vt 0.427561 0.585902
vt 0.427561 0.559335
vt 0.426693 0.585902
vt 0.426693 0.559335
vt 0.428629 0.533796
vt 0.429082 0.536512
vt 0.427758 0.528568
vt 0.428472 0.528449
vt 0.427834 0.527101
vt 0.427522 0.527153
vt 0.429231 0.529822
vt 0.429534 0.539227
vt 0.430140 0.539728
vt 0.430230 0.540267
vt 0.429214 0.540436
vt 0.429124 0.539897
vt 0.427817 0.534525
vt 0.427533 0.532823
vt 0.430243 0.537872
vt 0.430443 0.539076
vt 0.430347 0.538499
vt 0.430631 0.540200
vt 0.429632 0.539813
vt 0.431598 0.542753
vt 0.430162 0.542993
vt 0.428726 0.543232
vt 0.428107 0.546577
vt 0.430688 0.546147
vt 0.433269 0.545717
vt 0.434819 0.544666
vt 0.426299 0.546086
vt 0.434819 0.548598
vt 0.434096 0.553480
vt 0.432250 0.555520
vt 0.429841 0.554189
vt 0.426771 0.530232
vt 0.427045 0.528687
vt 0.427546 0.550288
vt 0.433053 0.554632
vt 0.433173 0.554500
vt 0.433293 0.554367
vt 0.428077 0.551191
vt 0.428181 0.551368
vt 0.428276 0.551528
vt 0.428016 0.533297
vt 0.427926 0.532758
vt 0.428532 0.533211
vt 0.429048 0.533125
vt 0.428958 0.532586
vt 0.427351 0.531417
vt 0.428209 0.531274
vt 0.429067 0.531131
vt 0.428001 0.530027
vt 0.427210 0.527205
vt 0.427311 0.525884
vt 0.427678 0.601755
vt 0.427678 0.610220
vt 0.429658 0.610220
vt 0.429658 0.601755
vt 0.426858 0.601755
vt 0.426858 0.610220
vt 0.431638 0.601755
vt 0.431638 0.610220
vt 0.432459 0.601755
vt 0.432459 0.610220
vt 0.434448 0.598852
vt 0.434448 0.597472
vt 0.434448 0.597913
vt 0.434448 0.599476
vt 0.426351 0.510025
vt 0.426351 0.508445
vt 0.424721 0.508445
vt 0.424721 0.510025
vt 0.434448 0.594139
vt 0.434448 0.590807
vt 0.434448 0.590366
vt 0.427114 0.590807
vt 0.427114 0.589426
vt 0.427114 0.588803
vt 0.427114 0.590366
vt 0.426351 0.510679
vt 0.424721 0.510679
vt 0.427114 0.594139
vt 0.427114 0.597472
vt 0.427114 0.597913
vt 0.430553 0.589426
vt 0.430553 0.590807
vt 0.430553 0.590366
vt 0.430553 0.588803
vt 0.427114 0.598852
vt 0.427114 0.599476
vt 0.430553 0.594139
vt 0.430553 0.597472
vt 0.430553 0.597913
vt 0.426351 0.506866
vt 0.424721 0.506866
vt 0.430553 0.598852
vt 0.430553 0.599476
vt 0.431010 0.589426
vt 0.431010 0.590807
vt 0.431010 0.590366
vt 0.431010 0.588803
vt 0.426351 0.506212
vt 0.424721 0.506212
vt 0.431010 0.594139
vt 0.431010 0.598852
vt 0.431010 0.597472
vt 0.431010 0.597913
vt 0.431010 0.599476
vt 0.434448 0.589426
vt 0.434448 0.588803
vt 0.583774 0.400968
vt 0.585279 0.405644
vt 0.591668 0.403588
vt 0.577845 0.400339
vt 0.582394 0.398875
vt 0.580866 0.401904
vt 0.575961 0.400946
vt 0.579662 0.402292
vt 0.578890 0.407701
vt 0.576244 0.408553
vt 0.580640 0.414302
vt 0.582610 0.413667
vt 0.594315 0.402736
vt 0.594097 0.409970
vt 0.592127 0.410604
vt 0.592880 0.418222
vt 0.594214 0.417793
vt 0.587368 0.412136
vt 0.589661 0.419259
vt 0.586442 0.420295
vt 0.590006 0.426448
vt 0.591790 0.425874
vt 0.585109 0.420724
vt 0.593575 0.425299
vt 0.594315 0.425061
vt 0.593917 0.432480
vt 0.589266 0.426686
vt 0.433173 0.554500
s 0
usemtl Palette
f 2552/966/2857 2513/967/2857 2515/968/2857 2553/969/2857
f 2553/969/2858 2515/968/2858 2517/970/2858 2554/971/2858
f 2554/971/2859 2517/970/2859 2519/968/2859 2555/969/2859
f 2555/969/2860 2519/968/2860 2521/967/2860 2556/966/2860
f 2556/966/2861 2521/967/2861 2523/972/2861 2557/973/2861
f 2557/973/2862 2523/972/2862 2525/974/2862 2558/975/2862
f 2517/976/2863 2515/977/2863 2734/978/2863 2736/979/2863
f 2558/975/2864 2525/974/2864 2527/972/2864 2559/973/2864
f 2559/973/2865 2527/972/2865 2513/967/2865 2552/966/2865
f 2512/980/2866 2514/981/2866 2516/982/2866 2518/983/2866 2520/984/2866 2522/985/2866 2524/986/2866 2526/987/2866
f 2520/988/2866 2518/989/2866 2541/990/2866 2543/988/2866
f 2535/991/2867 2528/992/2867 2551/992/2867 2550/993/2867
f 2528/992/2867 2529/994/2867 2538/995/2867 2551/992/2867
f 2524/996/2866 2522/997/2866 2545/998/2866 2547/999/2866
f 2529/994/2867 2530/1000/2867 2540/1001/2867 2538/995/2867
f 2514/989/2866 2512/988/2866 2536/988/2866 2537/990/2866
f 2530/1000/2867 2531/994/2867 2542/995/2867 2540/1001/2867
f 2512/988/2866 2526/997/2866 2549/998/2866 2536/988/2866
f 2549/998/2865 2550/993/2865 2551/992/2865 2536/988/2865
f 2547/999/2864 2548/1002/2864 2550/993/2864 2549/998/2864
f 2545/998/2862 2546/993/2862 2548/1002/2862 2547/999/2862
f 2543/988/2861 2544/992/2861 2546/993/2861 2545/998/2861
f 2541/990/2860 2542/995/2860 2544/992/2860 2543/988/2860
f 2539/1003/2859 2540/1001/2859 2542/995/2859 2541/990/2859
f 2537/990/2858 2538/995/2858 2540/1001/2858 2539/1003/2858
f 2536/988/2857 2551/992/2857 2538/995/2857 2537/990/2857
f 2534/1004/2867 2535/991/2867 2550/993/2867 2548/1002/2867
f 2516/1005/2866 2514/989/2866 2537/990/2866 2539/1003/2866
f 2526/997/2866 2524/996/2866 2547/999/2866 2549/998/2866
f 2533/991/2867 2534/1004/2867 2548/1002/2867 2546/993/2867
f 2532/992/2867 2533/991/2867 2546/993/2867 2544/992/2867
f 2522/997/2866 2520/988/2866 2543/988/2866 2545/998/2866
f 2531/994/2867 2532/992/2867 2544/992/2867 2542/995/2867
f 2518/989/2866 2516/1005/2866 2539/1003/2866 2541/990/2866
f 2567/1006/2866 2566/1007/2866 2634/1008/2866 2568/1006/2866
f 2559/1009/2867 2552/1010/2867 2569/1010/2867 2629/1011/2867
f 2566/1007/2866 2565/1012/2866 2635/1013/2866 2634/1008/2866
f 2552/1010/2867 2553/1014/2867 2585/1015/2867 2569/1010/2867
f 2565/1012/2866 2564/1007/2866 2632/1008/2866 2635/1013/2866
f 2553/1014/2867 2554/1016/2867 2583/1017/2867 2585/1015/2867
f 2564/1007/2866 2563/1006/2866 2580/1006/2866 2632/1008/2866
f 2554/1016/2867 2555/1014/2867 2584/1015/2867 2583/1017/2867
f 2530/1018/2859 2674/1019/2859 2678/1020/2859 2531/1021/2859
f 2529/1021/2858 2670/1020/2858 2674/1019/2858 2530/1018/2858
f 2531/1021/2860 2678/1020/2860 2682/1022/2860 2532/1023/2860
f 2532/1023/2861 2682/1022/2861 2686/1024/2861 2533/1025/2861
f 2533/1025/2862 2686/1024/2862 2690/1026/2862 2534/1027/2862
f 2534/1027/2864 2690/1026/2864 2694/1024/2864 2535/1025/2864
f 2535/1025/2865 2694/1024/2865 2699/1022/2865 2528/1023/2865
f 2633/1028/2865 2629/1011/2865 2569/1010/2865 2608/1029/2865
f 2572/1030/2868 2661/1031/2868 2662/1032/2868 2636/1033/2868
f 2653/1034/2869 2659/1034/2869 2570/1031/2869 2571/1031/2869
f 2611/1029/2861 2573/1010/2861 2630/1011/2861 2631/1028/2861
f 2610/1035/2860 2584/1015/2860 2573/1010/2860 2611/1029/2860
f 2579/1036/2867 2588/1037/2867 2590/1037/2867 2594/1036/2867
f 2575/1038/2867 2574/1039/2867 2591/1039/2867 2589/1038/2867
f 2608/1029/2857 2569/1010/2857 2585/1015/2857 2609/1035/2857
f 2558/1040/2867 2559/1009/2867 2629/1011/2867 2628/1041/2867
f 2560/1042/2866 2567/1006/2866 2568/1006/2866 2586/1043/2866
f 2557/1009/2867 2558/1040/2867 2628/1041/2867 2630/1011/2867
f 2561/1044/2866 2560/1042/2866 2586/1043/2866 2578/1045/2866
f 2556/1010/2867 2557/1009/2867 2630/1011/2867 2573/1010/2867
f 2562/1042/2866 2561/1044/2866 2578/1045/2866 2587/1043/2866
f 2555/1014/2867 2556/1010/2867 2573/1010/2867 2584/1015/2867
f 2563/1006/2866 2562/1042/2866 2587/1043/2866 2580/1006/2866
f 2574/1039/2859 2575/1038/2859 2583/1017/2859 2584/1015/2859
f 2575/1038/2858 2576/1039/2858 2585/1015/2858 2583/1017/2858
f 2614/1046/2858 2577/1036/2858 2586/1043/2858 2609/1035/2858
f 2615/1046/2859 2574/1039/2859 2584/1015/2859 2610/1035/2859
f 2577/1036/2858 2588/1037/2858 2578/1045/2858 2586/1043/2858
f 2588/1037/2859 2579/1036/2859 2587/1043/2859 2578/1045/2859
f 2617/1046/2870 2594/1036/2870 2600/1047/2870 2619/1048/2870
f 2594/1036/2871 2590/1037/2871 2596/1047/2871 2600/1047/2871
f 2615/1046/2867 2579/1036/2867 2594/1036/2867 2617/1046/2867
f 2576/1039/2867 2575/1038/2867 2589/1038/2867 2592/1039/2867
f 2588/1037/2867 2577/1036/2867 2593/1036/2867 2590/1037/2867
f 2614/1046/2867 2576/1039/2867 2592/1039/2867 2616/1046/2867
f 2595/1049/2872 2597/1049/2872 2603/1050/2872 2601/1050/2872
f 2618/1048/2873 2598/1049/2873 2604/1050/2873 2620/1051/2873
f 2592/1039/2874 2589/1038/2874 2595/1049/2874 2598/1049/2874
f 2590/1037/2875 2593/1036/2875 2599/1047/2875 2596/1047/2875
f 2616/1046/2876 2592/1039/2876 2598/1049/2876 2618/1048/2876
f 2589/1038/2877 2591/1039/2877 2597/1049/2877 2595/1049/2877
f 2602/1052/2878 2605/1052/2878 2623/1053/2878
f 2600/1047/2879 2596/1047/2879 2602/1052/2879 2606/1052/2879
f 2619/1048/2880 2600/1047/2880 2606/1052/2880 2621/1051/2880
f 2598/1049/2872 2595/1049/2872 2601/1050/2872 2604/1050/2872
f 2596/1047/2879 2599/1047/2879 2605/1052/2879 2602/1052/2879
f 2604/1050/2881 2601/1050/2881 2622/1054/2881
f 2621/1051/2882 2606/1052/2882 2607/1055/2882 2624/1056/2882
f 2621/1051/2883 2627/1057/2883 2626/1058/2883
f 2597/1049/2884 2619/1048/2884 2621/1051/2884 2603/1050/2884
f 2593/1036/2885 2616/1046/2885 2618/1048/2885 2599/1047/2885
f 2599/1047/2886 2618/1048/2886 2620/1051/2886 2605/1052/2886
f 2577/1036/2867 2614/1046/2867 2616/1046/2867 2593/1036/2867
f 2574/1039/2867 2615/1046/2867 2617/1046/2867 2591/1039/2867
f 2591/1039/2887 2617/1046/2887 2619/1048/2887 2597/1049/2887
f 2579/1036/2859 2615/1046/2859 2610/1035/2859 2587/1043/2859
f 2576/1039/2858 2614/1046/2858 2609/1035/2858 2585/1015/2858
f 2568/1006/2857 2608/1029/2857 2609/1035/2857 2586/1043/2857
f 2587/1043/2860 2610/1035/2860 2611/1029/2860 2580/1006/2860
f 2580/1006/2861 2611/1029/2861 2631/1028/2861 2632/1008/2861
f 2661/1031/2888 2571/1031/2888 2667/1032/2888 2662/1032/2888
f 2654/1059/2889 2657/1059/2889 2613/1060/2889 2612/1060/2889
f 2634/1008/2865 2633/1028/2865 2608/1029/2865 2568/1006/2865
f 2603/1050/2890 2625/1061/2890 2622/1054/2890
f 2601/1050/2881 2603/1050/2881 2622/1054/2881
f 2625/1061/2891 2604/1050/2891 2622/1054/2891
f 2607/1055/2892 2606/1052/2892 2623/1053/2892
f 2606/1052/2878 2602/1052/2878 2623/1053/2878
f 2605/1052/2893 2607/1055/2893 2623/1053/2893
f 2620/1051/2894 2627/1057/2894 2779/1062/2894 2780/1063/2894 2778/1064/2894 2624/1056/2894
f 2605/1052/2895 2620/1051/2895 2624/1056/2895 2607/1055/2895
f 2620/1051/2896 2604/1050/2896 2625/1061/2896 2775/1065/2896 2777/1066/2896 2776/1067/2896 2626/1058/2896
f 2627/1057/2897 2620/1051/2897 2626/1058/2897
f 2641/1068/2898 2638/1069/2898 2628/1041/2898 2629/1011/2898
f 2638/1069/2899 2642/1068/2899 2630/1011/2899 2628/1041/2899
f 2639/1070/2900 2643/1071/2900 2632/1008/2900 2631/1028/2900
f 2644/1071/2901 2640/1070/2901 2633/1028/2901 2634/1008/2901
f 2643/1071/2902 2637/1072/2902 2635/1013/2902 2632/1008/2902
f 2637/1072/2903 2644/1071/2903 2634/1008/2903 2635/1013/2903
f 2642/1068/2900 2639/1070/2900 2631/1028/2900 2630/1011/2900
f 2640/1070/2901 2641/1068/2901 2629/1011/2901 2633/1028/2901
f 2639/1070/2904 2642/1068/2904 2650/1073/2904 2647/1074/2904
f 2642/1068/2905 2638/1069/2905 2646/1073/2905 2650/1073/2905
f 2640/1070/2906 2644/1071/2906 2652/1075/2906 2648/1074/2906
f 2644/1071/2907 2637/1072/2907 2645/1075/2907 2652/1075/2907
f 2655/1076/2908 2658/1059/2908 2582/1060/2908 2581/1030/2908
f 2612/1060/2909 2613/1060/2909 2663/1077/2909 2668/1077/2909
f 2659/1034/2908 2655/1076/2908 2581/1030/2908 2570/1031/2908
f 2613/1060/2868 2572/1030/2868 2636/1033/2868 2663/1077/2868
f 2648/1074/2910 2652/1075/2910 2660/1034/2910 2656/1076/2910
f 2652/1075/2911 2645/1075/2911 2653/1034/2911 2660/1034/2911
f 2649/1073/2910 2648/1074/2910 2656/1076/2910 2657/1059/2910
f 2646/1073/2912 2649/1073/2912 2657/1059/2912 2654/1059/2912
f 2637/1072/2913 2643/1071/2913 2651/1075/2913 2645/1075/2913
f 2643/1071/2904 2639/1070/2904 2647/1074/2904 2651/1075/2904
f 2638/1069/2914 2641/1068/2914 2649/1073/2914 2646/1073/2914
f 2641/1068/2906 2640/1070/2906 2648/1074/2906 2649/1073/2906
f 2658/1059/2889 2654/1059/2889 2612/1060/2889 2582/1060/2889
f 2656/1076/2915 2660/1034/2915 2661/1031/2915 2572/1030/2915
f 2660/1034/2869 2653/1034/2869 2571/1031/2869 2661/1031/2869
f 2657/1059/2915 2656/1076/2915 2572/1030/2915 2613/1060/2915
f 2650/1073/2912 2646/1073/2912 2654/1059/2912 2658/1059/2912
f 2647/1074/2916 2650/1073/2916 2658/1059/2916 2655/1076/2916
f 2645/1075/2911 2651/1075/2911 2659/1034/2911 2653/1034/2911
f 2651/1075/2916 2647/1074/2916 2655/1076/2916 2659/1034/2916
f 2636/1033/2917 2662/1032/2917 2669/1078/2917
f 2668/1077/2918 2663/1077/2918 2669/1078/2918
f 2664/1033/2919 2666/1077/2919 2669/1078/2919
f 2665/1032/2919 2664/1033/2919 2669/1078/2919
f 2570/1031/2920 2581/1030/2920 2664/1033/2920 2665/1032/2920
f 2582/1060/2909 2612/1060/2909 2668/1077/2909 2666/1077/2909
f 2571/1031/2888 2570/1031/2888 2665/1032/2888 2667/1032/2888
f 2581/1030/2920 2582/1060/2920 2666/1077/2920 2664/1033/2920
f 2667/1032/2921 2665/1032/2921 2669/1078/2921
f 2663/1077/2917 2636/1033/2917 2669/1078/2917
f 2662/1032/2921 2667/1032/2921 2669/1078/2921
f 2666/1077/2918 2668/1077/2918 2669/1078/2918
f 2695/1079/2865 2566/1080/2865 2567/1081/2865 2698/1082/2865
f 2691/1083/2864 2565/1084/2864 2566/1080/2864 2695/1079/2864
f 2687/1079/2862 2564/1080/2862 2565/1084/2862 2691/1083/2862
f 2683/1082/2861 2563/1081/2861 2564/1080/2861 2687/1079/2861
f 2679/1085/2860 2562/1086/2860 2563/1081/2860 2683/1082/2860
f 2675/1087/2859 2561/1088/2859 2562/1086/2859 2679/1085/2859
f 2698/1082/2857 2567/1081/2857 2560/1086/2857 2671/1085/2857
f 2671/1085/2858 2560/1086/2858 2561/1088/2858 2675/1087/2858
f 2692/1089/2867 2696/1090/2867 2707/1091/2867 2712/1092/2867
f 2697/1093/2865 2700/1094/2865 2701/1095/2865 2696/1096/2865
f 2701/1097/2867 2672/1098/2867 2732/1099/2867 2706/1097/2867
f 2681/1100/2866 2677/1101/2866 2726/1102/2866 2722/1103/2866
f 2693/1104/2864 2697/1093/2864 2696/1096/2864 2692/1105/2864
f 2673/1100/2866 2700/1106/2866 2705/1106/2866 2730/1103/2866
f 2689/1107/2866 2685/1106/2866 2718/1106/2866 2714/1108/2866
f 2689/1093/2862 2693/1104/2862 2692/1105/2862 2688/1096/2862
f 2675/1109/2867 2679/1110/2867 2723/1111/2867 2727/1112/2867
f 2697/1107/2866 2693/1113/2866 2710/1114/2866 2702/1108/2866
f 2685/1094/2861 2689/1093/2861 2688/1096/2861 2684/1095/2861
f 2698/1115/2867 2671/1110/2867 2731/1111/2867 2704/1115/2867
f 2683/1115/2867 2687/1116/2867 2715/1117/2867 2719/1115/2867
f 2681/1118/2860 2685/1094/2860 2684/1095/2860 2680/1119/2860
f 2691/1120/2867 2695/1116/2867 2703/1117/2867 2711/1121/2867
f 2674/1122/2866 2670/1123/2866 2733/1124/2866 2729/1125/2866
f 2677/1126/2859 2681/1118/2859 2680/1119/2859 2676/1127/2859
f 2682/1128/2866 2678/1123/2866 2725/1124/2866 2721/1128/2866
f 2690/1129/2866 2686/1130/2866 2717/1131/2866 2713/1132/2866
f 2673/1118/2858 2677/1126/2858 2676/1127/2858 2672/1119/2858
f 2699/1128/2866 2694/1130/2866 2708/1131/2866 2709/1128/2866
f 2672/1098/2867 2676/1133/2867 2728/1134/2867 2732/1099/2867
f 2700/1094/2857 2673/1118/2857 2672/1119/2857 2701/1095/2857
f 2680/1098/2867 2684/1097/2867 2720/1097/2867 2724/1099/2867
f 2528/1023/2857 2699/1022/2857 2670/1020/2857 2529/1021/2857
f 2703/1117/2865 2704/1115/2865 2705/1106/2865 2702/1108/2865
f 2707/1091/2865 2706/1097/2865 2709/1128/2865 2708/1131/2865
f 2711/1121/2864 2703/1117/2864 2702/1108/2864 2710/1114/2864
f 2712/1092/2864 2707/1091/2864 2708/1131/2864 2713/1132/2864
f 2715/1117/2862 2711/1121/2862 2710/1114/2862 2714/1108/2862
f 2716/1091/2862 2712/1092/2862 2713/1132/2862 2717/1131/2862
f 2719/1115/2861 2715/1117/2861 2714/1108/2861 2718/1106/2861
f 2720/1097/2861 2716/1091/2861 2717/1131/2861 2721/1128/2861
f 2723/1111/2860 2719/1115/2860 2718/1106/2860 2722/1103/2860
f 2724/1099/2860 2720/1097/2860 2721/1128/2860 2725/1124/2860
f 2727/1112/2859 2723/1111/2859 2722/1103/2859 2726/1102/2859
f 2728/1134/2859 2724/1099/2859 2725/1124/2859 2729/1125/2859
f 2731/1111/2858 2727/1112/2858 2726/1102/2858 2730/1103/2858
f 2732/1099/2858 2728/1134/2858 2729/1125/2858 2733/1124/2858
f 2704/1115/2857 2731/1111/2857 2730/1103/2857 2705/1106/2857
f 2706/1097/2857 2732/1099/2857 2733/1124/2857 2709/1128/2857
f 2695/1116/2867 2698/1115/2867 2704/1115/2867 2703/1117/2867
f 2684/1097/2867 2688/1090/2867 2716/1091/2867 2720/1097/2867
f 2670/1123/2866 2699/1128/2866 2709/1128/2866 2733/1124/2866
f 2676/1133/2867 2680/1098/2867 2724/1099/2867 2728/1134/2867
f 2694/1130/2866 2690/1129/2866 2713/1132/2866 2708/1131/2866
f 2700/1106/2866 2697/1107/2866 2702/1108/2866 2705/1106/2866
f 2686/1130/2866 2682/1128/2866 2721/1128/2866 2717/1131/2866
f 2678/1123/2866 2674/1122/2866 2729/1125/2866 2725/1124/2866
f 2687/1116/2867 2691/1120/2867 2711/1121/2867 2715/1117/2867
f 2679/1110/2867 2683/1115/2867 2719/1115/2867 2723/1111/2867
f 2693/1113/2866 2689/1107/2866 2714/1108/2866 2710/1114/2866
f 2671/1110/2867 2675/1109/2867 2727/1112/2867 2731/1111/2867
f 2696/1090/2867 2701/1097/2867 2706/1097/2867 2707/1091/2867
f 2685/1106/2866 2681/1100/2866 2722/1103/2866 2718/1106/2866
f 2677/1101/2866 2673/1100/2866 2730/1103/2866 2726/1102/2866
f 2688/1090/2867 2692/1089/2867 2712/1092/2867 2716/1091/2867
f 2734/978/2922 2735/1135/2922 2743/1136/2922 2742/1137/2922
f 2523/1138/2923 2521/1139/2923 2738/1135/2923 2739/1140/2923
f 2513/1139/2924 2527/1138/2924 2741/1140/2924 2735/1135/2924
f 2515/977/2925 2513/1139/2925 2735/1135/2925 2734/978/2925
f 2519/977/2926 2517/976/2926 2736/979/2926 2737/978/2926
f 2525/1141/2927 2523/1138/2927 2739/1140/2927 2740/1142/2927
f 2521/1139/2928 2519/977/2928 2737/978/2928 2738/1135/2928
f 2527/1138/2929 2525/1141/2929 2740/1142/2929 2741/1140/2929
f 2749/1143/2930 2748/1144/2930 2756/1145/2930 2757/1146/2930
f 2735/1135/2931 2741/1140/2931 2749/1143/2931 2743/1136/2931
f 2740/1142/2932 2739/1140/2932 2747/1143/2932 2748/1144/2932
f 2738/1135/2933 2737/978/2933 2745/1137/2933 2746/1136/2933
f 2736/979/2934 2734/978/2934 2742/1137/2934 2744/1147/2934
f 2741/1140/2935 2740/1142/2935 2748/1144/2935 2749/1143/2935
f 2739/1140/2936 2738/1135/2936 2746/1136/2936 2747/1143/2936
f 2737/978/2937 2736/979/2937 2744/1147/2937 2745/1137/2937
f 2752/1148/2938 2750/1149/2938 2758/1150/2938 2760/1151/2938
f 2747/1143/2939 2746/1136/2939 2754/1152/2939 2755/1146/2939
f 2745/1137/2940 2744/1147/2940 2752/1148/2940 2753/1149/2940
f 2742/1137/2941 2743/1136/2941 2751/1152/2941 2750/1149/2941
f 2743/1136/2942 2749/1143/2942 2757/1146/2942 2751/1152/2942
f 2748/1144/2943 2747/1143/2943 2755/1146/2943 2756/1145/2943
f 2746/1136/2944 2745/1137/2944 2753/1149/2944 2754/1152/2944
f 2744/1147/2945 2742/1137/2945 2750/1149/2945 2752/1148/2945
f 2759/1153/2946 2765/1154/2946 2773/1155/2946 2767/1156/2946
f 2757/1146/2947 2756/1145/2947 2764/1157/2947 2765/1154/2947
f 2755/1146/2948 2754/1152/2948 2762/1153/2948 2763/1154/2948
f 2753/1149/2949 2752/1148/2949 2760/1151/2949 2761/1150/2949
f 2750/1149/2950 2751/1152/2950 2759/1153/2950 2758/1150/2950
f 2751/1152/2951 2757/1146/2951 2765/1154/2951 2759/1153/2951
f 2756/1145/2952 2755/1146/2952 2763/1154/2952 2764/1157/2952
f 2754/1152/2953 2753/1149/2953 2761/1150/2953 2762/1153/2953
f 2769/1158/2954 2768/1159/2954 2774/1160/2954
f 2764/1157/2955 2763/1154/2955 2771/1155/2955 2772/1161/2955
f 2762/1153/2956 2761/1150/2956 2769/1158/2956 2770/1156/2956
f 2760/1151/2957 2758/1150/2957 2766/1158/2957 2768/1159/2957
f 2765/1154/2958 2764/1157/2958 2772/1161/2958 2773/1155/2958
f 2763/1154/2959 2762/1153/2959 2770/1156/2959 2771/1155/2959
f 2761/1150/2960 2760/1151/2960 2768/1159/2960 2769/1158/2960
f 2758/1150/2961 2759/1153/2961 2767/1156/2961 2766/1158/2961
f 2766/1158/2962 2767/1156/2962 2774/1160/2962
f 2767/1156/2963 2773/1155/2963 2774/1160/2963
f 2772/1161/2964 2771/1155/2964 2774/1160/2964
f 2770/1156/2965 2769/1158/2965 2774/1160/2965
f 2768/1159/2966 2766/1158/2966 2774/1160/2966
f 2773/1155/2967 2772/1161/2967 2774/1160/2967
f 2771/1155/2968 2770/1156/2968 2774/1160/2968
f 2603/1050/2969 2621/1051/2969 2626/1058/2969 2776/1067/2969 2777/1066/2969 2775/1065/2969 2625/1061/2969
f 2627/1057/2970 2621/1051/2970 2624/1056/2970 2778/1064/2970 2780/1162/2970 2779/1062/2970
